opportunity_id,account,amount,rep,close_date
0000I7AO,Rangreen,505.0,Jonathan Berthelot,2017-05-12
005JS57S,Treequote,539.0,Gladys Colclough,2017-11-11
00KY25OA,Condax,564.0,Donn Cantrell,2017-06-01
00X8VEYH,Rundofase,4404.0,Jonathan Berthelot,2017-12-22
00XBYXIB,Green-Plus,993.0,Kary Hendrixson,2017-07-09
019I751P,Statholdings,1180.0,Anna Snelling,2017-07-09
01FNZW2T,Bubba Gump,3974.0,Rosie Papadopoulos,2017-12-08
01QKN578,Funholding,4247.0,Darcel Schlecht,2017-03-20
01X8H9SO,Bubba Gump,5035.0,Corliss Cosme,2017-05-13
02EC1993,Scottech,57.0,Moses Frase,2017-11-08
02G0NJCN,Xx-holding,68.0,Vicki Laflamme,2017-10-26
02LUGFJS,Plussunin,4308.0,Cassey Cress,2017-09-28
02SSRMSA,Inity,1192.0,Lajuana Vencill,2017-07-13
031BBF1I,Finhigh,54.0,Versie Hillebrand,2017-03-30
03CWYGC9,Hottechi,768.0,Kami Bicknell,2017-08-10
03H4RXBI,Y-corporation,482.0,Zane Levy,2017-12-17
03O9FNTZ,Bluth Company,1107.0,Daniell Hammack,2017-07-09
03R1VC7O,Condax,1062.0,Donn Cantrell,2017-10-28
045D5MZO,Kan-code,5576.0,Zane Levy,2017-07-17
04AOWMXV,Codehow,537.0,Anna Snelling,2017-12-28
04G3DK6T,Warephase,54.0,Moses Frase,2017-11-21
04LU4OPA,Acme Corporation,5721.0,Daniell Hammack,2017-06-11
04SQ7RNY,Fasehatice,4577.0,Vicki Laflamme,2017-12-19
04YBYVPV,Ganjaflex,4649.0,Reed Clapper,2017-09-02
051QTX8Z,Globex Corporation,1080.0,Niesha Huffines,2017-03-21
05915PPX,Xx-holding,3517.0,Kami Bicknell,2017-11-19
05HLE3JL,Stanredtax,514.0,Anna Snelling,2017-12-03
066V2ZGP,Rangreen,3334.0,Anna Snelling,2017-08-14
06AIY3IS,Condax,5712.0,Marty Freudenburg,2017-08-21
06B7XWPC,Sonron,4125.0,Kary Hendrixson,2017-03-17
06DUY829,Ron-tech,59.0,Versie Hillebrand,2017-04-08
06YL7WVJ,Ron-tech,929.0,Darcel Schlecht,2017-03-21
070M5M6X,Green-Plus,4071.0,Maureen Marcano,2017-03-25
07BT6PBZ,Treequote,58.0,Moses Frase,2017-05-02
07DPEL0B,Cancity,629.0,Anna Snelling,2017-11-25
07WKR17A,Treequote,6193.0,Gladys Colclough,2017-09-17
086279IX,Kan-code,4369.0,Kary Hendrixson,2017-06-14
08APB75Q,Isdom,501.0,Lajuana Vencill,2017-05-13
08EX3XKE,The New York Inquirer,51.0,Daniell Hammack,2017-05-01
08KE6ZQN,Vehement Capital Partners,2819.0,Boris Faz,2017-04-01
08O63ECM,Gekko & Co,3281.0,Donn Cantrell,2017-12-01
08Q8A6M9,Scottech,60.0,Marty Freudenburg,2017-06-22
093R7PK9,Zoomit,52.0,Vicki Laflamme,2017-06-11
09AILR04,Statholdings,4732.0,Darcel Schlecht,2017-10-29
09BVA55J,Scotfind,598.0,Zane Levy,2017-06-25
09C4GR2W,Groovestreet,1151.0,Vicki Laflamme,2017-08-10
09P7O0LQ,Finhigh,60.0,Cecily Lampkin,2017-09-13
09RN3MHV,Kan-code,5074.0,Vicki Laflamme,2017-09-21
09W047QT,Umbrella Corporation,4565.0,Donn Cantrell,2017-08-10
09YE9QOV,Finjob,3393.0,Hayden Neloms,2017-03-11
0AJ6LTZ0,Golddex,622.0,Kami Bicknell,2017-03-14
0AN86YDG,Groovestreet,1234.0,Maureen Marcano,2017-04-24
0AR9HD16,Funholding,526.0,Darcel Schlecht,2017-08-17
0AXGVKN8,Acme Corporation,55.0,Garret Kinder,2017-05-28
0BSYDRMT,Bluth Company,60.0,Reed Clapper,2017-09-18
0CSJCW8I,Finjob,4406.0,Vicki Laflamme,2017-05-17
0CTHPQGT,Cancity,53.0,Jonathan Berthelot,2017-07-19
0D95JSVW,Hatfan,6192.0,James Ascencio,2017-09-16
0DDBDPJU,Funholding,557.0,Lajuana Vencill,2017-08-05
0DLEXLEV,Yearin,6117.0,Boris Faz,2017-09-07
0DY00J6O,Xx-holding,5886.0,Maureen Marcano,2017-12-11
0DYZ71WX,Ganjaflex,585.0,Reed Clapper,2017-11-16
0E761F02,Kan-code,579.0,Kary Hendrixson,2017-05-02
0EOFVU05,Ontomedia,3421.0,Donn Cantrell,2017-03-28
0FGWN6O0,Isdom,588.0,Moses Frase,2017-07-19
0FIG6ZP2,Massive Dynamic,1142.0,Daniell Hammack,2017-06-27
0FLFT1R4,Massive Dynamic,516.0,Corliss Cosme,2017-08-03
0FST40LV,Streethex,52.0,Anna Snelling,2017-05-25
0GTJE2VQ,Gekko & Co,497.0,Wilburn Farren,2017-06-14
0GXXCA37,Domzoom,4226.0,Darcel Schlecht,2017-05-01
0IF5FH68,Domzoom,5203.0,Jonathan Berthelot,2017-08-03
0ISX53T3,Globex Corporation,453.0,Lajuana Vencill,2017-12-21
0IYQX303,Donquadtech,4905.0,Reed Clapper,2017-03-17
0J24X1Y0,Lexiqvolax,56.0,Kami Bicknell,2017-09-15
0J3UU8PZ,Zathunicon,546.0,Boris Faz,2017-12-30
0LMA8GMJ,Bubba Gump,4983.0,Rosie Papadopoulos,2017-05-10
0LNZRNEU,Zencorporation,542.0,Violet Mclelland,2017-03-29
0LTBCZHI,Treequote,3902.0,Niesha Huffines,2017-11-30
0LVWSWEW,Donquadtech,65.0,Violet Mclelland,2017-03-06
0MKW8IPC,Xx-zobam,554.0,Donn Cantrell,2017-07-28
0MMDQ1OR,Codehow,511.0,Lajuana Vencill,2017-11-12
0MNAGD91,Betatech,3355.0,Moses Frase,2017-07-05
0MXZ36G7,Bubba Gump,616.0,Corliss Cosme,2017-10-04
0MZIJDPM,Faxquote,54.0,Elease Gluck,2017-09-13
0NKINI7S,Toughzap,42.0,Lajuana Vencill,2017-10-16
0NO04P6C,Nam-zim,59.0,Hayden Neloms,2017-03-04
0NP0XPLQ,Toughzap,59.0,Versie Hillebrand,2017-09-03
0OJE7J6C,Gekko & Co,5143.0,Corliss Cosme,2017-12-17
0ONK3WET,Massive Dynamic,4243.0,Cassey Cress,2017-11-21
0ORRC53X,Finjob,520.0,Zane Levy,2017-09-08
0OXJ2HOP,Dalttechnology,4058.0,Markita Hansen,2017-11-11
0P4AAPYX,Golddex,1040.0,Hayden Neloms,2017-03-03
0PGJNCD7,dambase,626.0,Anna Snelling,2017-06-23
0PSKGNYE,Gogozoom,504.0,Niesha Huffines,2017-04-12
0QHI3KG5,Xx-zobam,3075.0,Reed Clapper,2017-06-10
0QMOIDET,Konex,1049.0,James Ascencio,2017-12-11
0QV1LRME,Konmatfix,1258.0,Jonathan Berthelot,2017-07-18
0R1F3OIN,Bioplex,2682.0,Daniell Hammack,2017-08-22
0RL4RHQJ,Globex Corporation,6365.0,Gladys Colclough,2017-06-25
0SIWRBDT,Konex,1135.0,Daniell Hammack,2017-12-22
0SQM849O,Xx-zobam,5144.0,Cassey Cress,2017-10-29
0T9EBKZL,Scottech,51.0,Versie Hillebrand,2017-07-28
0TICPBMF,Conecom,1047.0,Gladys Colclough,2017-09-27
0TR3RU8A,Domzoom,61.0,Niesha Huffines,2017-09-10
0TUS4NAC,Rangreen,51.0,Jonathan Berthelot,2017-03-11
0U0GUDIX,Stanredtax,5421.0,Anna Snelling,2017-09-18
0UB5IQXA,Codehow,65.0,Cecily Lampkin,2017-11-23
0UFUDIYT,Scotfind,570.0,Vicki Laflamme,2017-11-22
0UOIGVEO,Gekko & Co,3024.0,Donn Cantrell,2017-10-20
0VG9PGMI,Hatfan,6391.0,Rosalina Dieter,2017-09-13
0VXUZU7P,Scottech,49.0,Anna Snelling,2017-04-25
0VZIDVCC,Zumgoity,55.0,Moses Frase,2017-07-09
0W6S0ODT,Conecom,49.0,Gladys Colclough,2017-07-03
0W8VWJDS,Lexiqvolax,56.0,Vicki Laflamme,2017-10-18
0WERZ67T,Warephase,986.0,Darcel Schlecht,2017-11-13
0WGAPLOI,dambase,4990.0,Darcel Schlecht,2017-12-07
0WGCUB3L,Rundofase,1105.0,Niesha Huffines,2017-09-13
0WRMY7IX,Plussunin,1146.0,Violet Mclelland,2017-04-28
0WWDVOM3,Condax,50.0,Rosalina Dieter,2017-05-09
0X1AY1FM,Sonron,3484.0,Rosalina Dieter,2017-05-18
0XBMBVFP,Groovestreet,3438.0,Zane Levy,2017-10-04
0XC4DR3F,Streethex,5032.0,Jonathan Berthelot,2017-04-10
0XHTFQE8,Betasoloin,1131.0,Cassey Cress,2017-08-19
0XIPT9AX,Condax,5637.0,Maureen Marcano,2017-04-10
0XK80WX8,dambase,47.0,Versie Hillebrand,2017-07-11
0XMB83YO,Scotfind,5401.0,Kami Bicknell,2017-05-15
0XWCTQL2,Doncon,51.0,Zane Levy,2017-08-18
0Y8HO91H,Massive Dynamic,4873.0,Cassey Cress,2017-08-02
0YCAS0B9,Finhigh,6096.0,Jonathan Berthelot,2017-08-27
0YN6EALP,Scottech,57.0,Anna Snelling,2017-03-17
0Z2CQ0MQ,Sonron,453.0,Kami Bicknell,2017-03-28
0Z6MNUF2,Y-corporation,3242.0,Rosalina Dieter,2017-04-30
0ZHLQFGU,Blackzim,4839.0,Kami Bicknell,2017-03-22
0ZXS3AIR,Betasoloin,563.0,Boris Faz,2017-12-26
10984DDU,Toughzap,7300.0,Moses Frase,2017-12-28
10B65ZN9,Groovestreet,457.0,James Ascencio,2017-12-31
10ICDVM2,Konmatfix,537.0,Lajuana Vencill,2017-07-30
10N0ZBYO,Singletechno,3435.0,Rosalina Dieter,2017-10-11
10NTPQUY,Warephase,50.0,Versie Hillebrand,2017-06-16
10QXTLQX,Acme Corporation,5857.0,Daniell Hammack,2017-06-25
10R46CSK,Betatech,2904.0,Lajuana Vencill,2017-05-07
10UN7LA8,Rangreen,3813.0,Anna Snelling,2017-06-23
11EK1VP7,Funholding,4978.0,Darcel Schlecht,2017-05-28
12GLKKV4,J-Texon,941.0,Markita Hansen,2017-06-08
12HOWQMI,Kan-code,5203.0,Garret Kinder,2017-10-07
12HRYJQH,Konex,442.0,Kary Hendrixson,2017-07-23
12M4HB7G,Plussunin,623.0,Cassey Cress,2017-05-01
12MQ3WM8,Zumgoity,3647.0,Marty Freudenburg,2017-03-10
12OQKSVK,Mathtouch,896.0,Reed Clapper,2017-03-20
1374WYJG,Kan-code,3248.0,Violet Mclelland,2017-12-31
13O8NTOT,Initech,61.0,Violet Mclelland,2017-11-30
13WLN2MJ,Finhigh,4461.0,Darcel Schlecht,2017-10-08
14P6935C,Dontechi,4885.0,Darcel Schlecht,2017-10-16
14PBBHSE,Zotware,49.0,Violet Mclelland,2017-05-08
14PM641K,Gekko & Co,1152.0,Cassey Cress,2017-03-07
17U8549G,Labdrill,4281.0,Maureen Marcano,2017-06-15
181X64EU,Goodsilron,1176.0,Vicki Laflamme,2017-04-09
185PGG0J,Treequote,44.0,Anna Snelling,2017-07-17
18KMXL8N,J-Texon,4434.0,Maureen Marcano,2017-11-06
18LZY55R,Xx-zobam,60.0,Violet Mclelland,2017-07-02
18T73EHS,Labdrill,993.0,Maureen Marcano,2017-08-27
18Y7GRPW,Silis,5918.0,Garret Kinder,2017-03-21
19H5KFIC,Globex Corporation,1021.0,Marty Freudenburg,2017-12-03
19MLD9YF,J-Texon,3379.0,Rosalina Dieter,2017-12-24
1A1BI5VB,Mathtouch,4609.0,Boris Faz,2017-09-22
1A86ZD0B,Ganjaflex,5189.0,Corliss Cosme,2017-06-26
1AQKM7VU,Y-corporation,4487.0,Markita Hansen,2017-11-24
1B2WYHTY,Plexzap,3509.0,Rosalina Dieter,2017-11-30
1B4CL153,Xx-holding,5884.0,Zane Levy,2017-04-17
1BAF1ZYL,Plexzap,551.0,Vicki Laflamme,2017-08-19
1BV5JLZV,Doncon,59.0,Vicki Laflamme,2017-09-01
1C1I7A6R,Cancity,1054.0,Moses Frase,2017-03-01
1C2V9RAO,Goodsilron,3241.0,Vicki Laflamme,2017-09-13
1CT3EWJ8,Goodsilron,553.0,Markita Hansen,2017-10-21
1CZU97OX,Singletechno,5525.0,James Ascencio,2017-08-02
1D1L6FJX,Treequote,5058.0,Darcel Schlecht,2017-08-17
1D5AYQO6,Condax,59.0,Hayden Neloms,2017-07-19
1D8XLZQ8,Konex,3795.0,Hayden Neloms,2017-11-21
1DMERFNB,Y-corporation,628.0,Kary Hendrixson,2017-09-22
1F950BGI,Genco Pura Olive Oil Company,56.0,Lajuana Vencill,2017-06-01
1FAMR9UR,Funholding,5030.0,Darcel Schlecht,2017-06-25
1FMCUSFS,Plussunin,5737.0,Boris Faz,2017-12-08
1G866GH4,Toughzap,56.0,Darcel Schlecht,2017-03-17
1GVU0QTO,Singletechno,3696.0,Hayden Neloms,2017-10-22
1H2PVLZ3,Xx-holding,26186.0,Rosalina Dieter,2017-11-10
1HG8VLHU,Toughzap,3843.0,Cecily Lampkin,2017-12-16
1HVNTEPV,Kinnamplus,4465.0,Rosie Papadopoulos,2017-03-11
1I1K838F,Nam-zim,547.0,Vicki Laflamme,2017-12-23
1IABHXOP,Gogozoom,552.0,Moses Frase,2017-10-14
1IG94UUQ,Singletechno,1133.0,Kary Hendrixson,2017-07-13
1IY7Y42E,Condax,4454.0,Kary Hendrixson,2017-11-14
1J5Y9X1H,Groovestreet,3295.0,Vicki Laflamme,2017-09-17
1JFYPP8R,Cheers,571.0,Zane Levy,2017-10-05
1KVGSF08,Konex,4989.0,Corliss Cosme,2017-09-23
1L6M83Q5,Donware,3214.0,Reed Clapper,2017-05-02
1LI7ETNZ,Doncon,990.0,James Ascencio,2017-03-06
1LKY3B4X,Yearin,1011.0,Cassey Cress,2017-03-02
1LLRNE8G,Kan-code,990.0,Maureen Marcano,2017-09-22
1LTD5TKV,Isdom,1028.0,Marty Freudenburg,2017-05-09
1M2I2NXQ,Donware,47.0,Rosie Papadopoulos,2017-03-26
1MCE2AOV,Rundofase,4407.0,Darcel Schlecht,2017-06-02
1MQFYGEE,Inity,3670.0,Cecily Lampkin,2017-06-03
1MTLDVU8,Newex,560.0,Zane Levy,2017-09-19
1MZ8GDLF,Betatech,72.0,Marty Freudenburg,2017-09-21
1N3G9WG2,Y-corporation,5621.0,Kary Hendrixson,2017-07-19
1O1GVZEU,Cheers,561.0,Markita Hansen,2017-06-04
1O2ZN81M,Initech,1372.0,Cassey Cress,2017-05-17
1OUHMFJV,Zathunicon,1037.0,Garret Kinder,2017-05-31
1PORK6E3,Ontomedia,512.0,Cassey Cress,2017-09-27
1PXQZ40I,Zumgoity,3735.0,Versie Hillebrand,2017-12-27
1QT3STIA,Xx-holding,5163.0,Maureen Marcano,2017-05-14
1QWG9VM6,Hatfan,4272.0,Zane Levy,2017-04-22
1R38Y0C1,Golddex,3386.0,Elease Gluck,2017-03-20
1R8VKE8O,Golddex,5631.0,Vicki Laflamme,2017-08-15
1RIO9PCD,Hottechi,494.0,Vicki Laflamme,2017-12-29
1RIY3IBH,Globex Corporation,2724.0,Niesha Huffines,2017-06-12
1RND0S0B,Bioholding,43.0,Marty Freudenburg,2017-10-30
1ROC43JK,Betatech,50.0,Versie Hillebrand,2017-03-08
1SKGHPHL,Rantouch,5129.0,Vicki Laflamme,2017-11-21
1SKIPYI7,Groovestreet,55.0,Rosalina Dieter,2017-09-03
1SKNSG2B,Treequote,5516.0,Marty Freudenburg,2017-10-30
1T8R8X79,Nam-zim,4249.0,Zane Levy,2017-11-19
1T91NEIV,Conecom,63.0,Gladys Colclough,2017-09-11
1TJ6WP5R,Hottechi,65.0,Vicki Laflamme,2017-09-23
1UPVYK3H,dambase,64.0,Marty Freudenburg,2017-10-26
1V1L46NV,Rundofase,563.0,Versie Hillebrand,2017-11-09
1VFRN1GB,Xx-zobam,582.0,Cassey Cress,2017-08-27
1VFUCUWA,Bubba Gump,3279.0,Garret Kinder,2017-08-27
1VUBYV53,Rantouch,1025.0,Maureen Marcano,2017-03-21
1W23LEWK,Genco Pura Olive Oil Company,1051.0,Niesha Huffines,2017-05-27
1W5FOS69,Mathtouch,4201.0,Cassey Cress,2017-11-30
1WA46LC9,Kinnamplus,538.0,Wilburn Farren,2017-07-30
1WPONGOS,Scotfind,49.0,Maureen Marcano,2017-08-11
1WPZ1MCO,Goodsilron,587.0,Markita Hansen,2017-09-29
1WSLRC69,Dalttechnology,430.0,Zane Levy,2017-04-06
1WZ5N86Q,Hottechi,6042.0,Kary Hendrixson,2017-08-17
1XBC7M9F,Faxquote,64.0,Markita Hansen,2017-03-08
1XNXJUQM,Warephase,1194.0,Jonathan Berthelot,2017-08-10
1XO519P4,Genco Pura Olive Oil Company,54.0,Darcel Schlecht,2017-12-30
1XWQZ1F8,Plussunin,1198.0,Cassey Cress,2017-09-16
1YB00UYY,Condax,4821.0,Rosie Papadopoulos,2017-05-29
1YBATFAY,Singletechno,538.0,James Ascencio,2017-12-26
1YGNHE69,Sumace,3291.0,Garret Kinder,2017-05-18
1YSOZLHF,Umbrella Corporation,4799.0,Daniell Hammack,2017-03-28
1Z72JRDI,Labdrill,3452.0,Maureen Marcano,2017-07-16
1ZCOKNNI,Sonron,5743.0,Zane Levy,2017-05-14
1ZMWMU21,Conecom,3407.0,Marty Freudenburg,2017-08-23
1ZT4IROS,Xx-holding,608.0,Kami Bicknell,2017-10-10
20048JO2,Opentech,1204.0,Corliss Cosme,2017-12-14
20NZO7TT,J-Texon,3271.0,Maureen Marcano,2017-12-01
21JDZDNJ,Faxquote,4738.0,Markita Hansen,2017-08-14
21PRD9FN,Donware,5022.0,Garret Kinder,2017-05-15
22OFSXBT,Statholdings,5406.0,Jonathan Berthelot,2017-03-30
22WVAXR2,Massive Dynamic,1311.0,Cassey Cress,2017-07-29
233HYDSP,Gogozoom,44.0,Anna Snelling,2017-12-03
237L2CSV,Ontomedia,3960.0,Corliss Cosme,2017-05-15
23R03LTJ,Warephase,996.0,Darcel Schlecht,2017-08-07
24BCH90I,Kan-code,1124.0,Maureen Marcano,2017-11-15
24OSGLGF,Dontechi,56.0,Anna Snelling,2017-07-06
24UTFDPK,Massive Dynamic,572.0,Cassey Cress,2017-03-12
25YKPHX8,Kan-code,462.0,Donn Cantrell,2017-03-21
265SZR01,Xx-holding,501.0,Rosalina Dieter,2017-06-19
26XU4887,Hottechi,531.0,Niesha Huffines,2017-04-10
2751GWVC,Hottechi,651.0,Vicki Laflamme,2017-11-18
2756CEOQ,Plusstrip,55.0,Vicki Laflamme,2017-09-16
27UN3UX8,Ontomedia,5112.0,Cassey Cress,2017-06-09
283Y9ULR,Konex,47.0,Vicki Laflamme,2017-09-23
28BIO7F9,Konmatfix,490.0,Marty Freudenburg,2017-06-02
28FTXKAB,Zoomit,3722.0,Markita Hansen,2017-09-23
28S2Z15A,Ron-tech,56.0,Darcel Schlecht,2017-08-02
292W4P09,Kinnamplus,630.0,Corliss Cosme,2017-07-25
29ZDUK49,Betatech,1047.0,Anna Snelling,2017-07-10
2AGA3ALY,Konex,3664.0,Hayden Neloms,2017-11-20
2AGLONC4,Bluth Company,5621.0,Donn Cantrell,2017-05-15
2B0QVPBT,Stanredtax,57.0,Gladys Colclough,2017-04-15
2BWZLXZ8,Newex,4216.0,Kami Bicknell,2017-03-05
2CRE26AC,Newex,57.0,Elease Gluck,2017-07-25
2CZVRGQ4,Conecom,4749.0,Darcel Schlecht,2017-07-06
2DT70XCQ,Plussunin,450.0,Donn Cantrell,2017-11-08
2DVE0XCM,Genco Pura Olive Oil Company,60.0,Versie Hillebrand,2017-03-17
2EBLR9N8,Conecom,622.0,Lajuana Vencill,2017-12-26
2EFTTOAV,Green-Plus,5865.0,Zane Levy,2017-10-01
2EILEDKF,Massive Dynamic,3315.0,Reed Clapper,2017-03-05
2EKGLB0Q,Y-corporation,478.0,Kami Bicknell,2017-04-13
2EOF1QCY,J-Texon,5259.0,James Ascencio,2017-05-20
2EYTB3PX,Condax,3724.0,Donn Cantrell,2017-07-25
2F0RUQ0B,Zotware,4517.0,Donn Cantrell,2017-08-02
2FEA30KT,Singletechno,935.0,Hayden Neloms,2017-05-25
2FTB6A7I,Kan-code,5390.0,James Ascencio,2017-05-16
2G82J8WD,Warephase,4914.0,Darcel Schlecht,2017-09-11
2GQAAHG6,Konex,3670.0,Reed Clapper,2017-10-12
2GQH9FKJ,dambase,4790.0,Darcel Schlecht,2017-08-09
2GVXOWDF,Bluth Company,566.0,Cassey Cress,2017-09-11
2HFLKREC,Zotware,3665.0,Cassey Cress,2017-03-15
2HKRINHL,Plussunin,5500.0,Cassey Cress,2017-10-24
2HU581DM,Xx-zobam,5000.0,Daniell Hammack,2017-04-11
2HU8CPJ3,Labdrill,3464.0,Vicki Laflamme,2017-11-13
2ICN8RJP,Rundofase,3902.0,Darcel Schlecht,2017-11-04
2IKGOPW1,Inity,4387.0,Darcel Schlecht,2017-07-30
2IO3IJPO,Zencorporation,4852.0,Cassey Cress,2017-04-27
2IQ0ZY9W,Scottech,574.0,Jonathan Berthelot,2017-07-11
2J649YC5,Statholdings,1308.0,Darcel Schlecht,2017-07-11
2K7R3QHZ,Nam-zim,616.0,Kary Hendrixson,2017-09-03
2KKRRM1G,Y-corporation,1036.0,Zane Levy,2017-05-03
2KNVLXA4,Plussunin,5989.0,Cassey Cress,2017-10-14
2KWQ6RAZ,Cancity,60.0,Anna Snelling,2017-12-18
2LOQKW1C,Domzoom,568.0,Niesha Huffines,2017-09-24
2MH79C2B,Konmatfix,54.0,Versie Hillebrand,2017-09-26
2NTWE1G4,Xx-holding,4604.0,Kary Hendrixson,2017-05-08
2O1IK8VR,Warephase,3662.0,Versie Hillebrand,2017-06-17
2O7MVJ1T,Ganjaflex,592.0,Violet Mclelland,2017-08-26
2OAIXF3A,Kan-code,1106.0,Reed Clapper,2017-03-13
2PMIYAFN,Kan-code,1120.0,Reed Clapper,2017-06-15
2PQORQGO,Zencorporation,5714.0,Boris Faz,2017-09-13
2PX317QP,Newex,4780.0,Kary Hendrixson,2017-11-23
2PXZ68OA,Scottech,5127.0,Darcel Schlecht,2017-12-05
2QGI573A,The New York Inquirer,463.0,Corliss Cosme,2017-05-26
2QHB4SYK,Zencorporation,55.0,Violet Mclelland,2017-07-28
2QHRL8CW,Stanredtax,404.0,Moses Frase,2017-05-28
2QQD7411,Y-corporation,540.0,James Ascencio,2017-05-25
2R3ZA84D,Finhigh,52.0,Darcel Schlecht,2017-03-28
2RB900SL,J-Texon,5541.0,James Ascencio,2017-09-15
2RE0MZGV,Zencorporation,3203.0,Reed Clapper,2017-10-07
2S7CMLRJ,Goodsilron,1143.0,Maureen Marcano,2017-08-08
2SI35CTV,Golddex,57.0,Vicki Laflamme,2017-12-06
2SMQAWOA,Zotware,6469.0,Boris Faz,2017-12-30
2STUSOFE,dambase,67.0,Versie Hillebrand,2017-03-03
2T3QDLXY,Initech,4490.0,Donn Cantrell,2017-07-26
2TKQ8B78,Ontomedia,5751.0,Daniell Hammack,2017-05-21
2U54WYQ1,Goodsilron,4211.0,Vicki Laflamme,2017-03-23
2U6QQHCC,J-Texon,4066.0,James Ascencio,2017-06-19
2UHH7PD3,Lexiqvolax,5311.0,Zane Levy,2017-05-13
2UZXS1I2,Umbrella Corporation,4787.0,Rosie Papadopoulos,2017-09-01
2V848WZD,Stanredtax,3180.0,Lajuana Vencill,2017-03-04
2WPEOPIF,Lexiqvolax,491.0,Vicki Laflamme,2017-12-04
2WQ5FUPR,Condax,51.0,Reed Clapper,2017-08-02
2WZU46RL,Scotfind,5115.0,Vicki Laflamme,2017-12-16
2X45BEOS,Ganjaflex,1186.0,Cassey Cress,2017-03-27
2X86737Q,Inity,5537.0,Cecily Lampkin,2017-07-16
2X9KWWCP,dambase,59.0,Versie Hillebrand,2017-10-11
2XQAKBXH,Doncon,5370.0,Zane Levy,2017-03-11
2Y2R082L,dambase,62.0,Darcel Schlecht,2017-05-06
2Y84YR3K,J-Texon,516.0,Kary Hendrixson,2017-05-24
2Y9R7T2W,Betasoloin,3280.0,Cassey Cress,2017-09-26
2YOW2BI0,Xx-zobam,5051.0,Corliss Cosme,2017-05-22
2ZEFCKS3,Rundofase,4835.0,Niesha Huffines,2017-09-01
2ZU519Y6,Domzoom,1327.0,Darcel Schlecht,2017-04-19
30FHAEJZ,Fasehatice,5408.0,Kary Hendrixson,2017-04-19
30UA0RS8,Funholding,1135.0,Niesha Huffines,2017-12-12
30UQWUKB,Genco Pura Olive Oil Company,1162.0,Marty Freudenburg,2017-03-20
31C5DVJT,Cheers,44.0,Kary Hendrixson,2017-09-22
31I0SB7T,Konex,3141.0,Kami Bicknell,2017-04-19
32K5LEDV,Silis,5538.0,Reed Clapper,2017-07-18
32LY2D1K,Conecom,3647.0,Darcel Schlecht,2017-05-26
33JWQH71,Labdrill,885.0,Kami Bicknell,2017-12-05
33JYWJ1X,Cheers,619.0,Maureen Marcano,2017-12-29
344I60EI,Golddex,1091.0,Markita Hansen,2017-03-16
348COZ5O,Genco Pura Olive Oil Company,4888.0,Darcel Schlecht,2017-11-30
34MBPHRL,Singletechno,1157.0,Hayden Neloms,2017-06-17
34YT99YN,Dalttechnology,6094.0,Vicki Laflamme,2017-08-23
35GT4NM9,Acme Corporation,586.0,Donn Cantrell,2017-11-05
35HVN8Q3,Scottech,528.0,Jonathan Berthelot,2017-10-21
35IRGXY3,Condax,501.0,Zane Levy,2017-05-23
369V78M2,Mathtouch,5553.0,Donn Cantrell,2017-10-07
36PTGLTW,Xx-holding,3106.0,Maureen Marcano,2017-03-24
36VPT9RZ,Singletechno,403.0,James Ascencio,2017-03-26
379SDV6Y,Statholdings,1267.0,Niesha Huffines,2017-08-05
37B8ES7X,Groovestreet,588.0,Kary Hendrixson,2017-06-21
37FKT2ZP,Rangreen,5827.0,Lajuana Vencill,2017-05-23
37FL55S0,Treequote,5647.0,Darcel Schlecht,2017-04-06
37JFKD4I,dambase,1033.0,Niesha Huffines,2017-03-09
389D515R,Inity,5775.0,Versie Hillebrand,2017-10-01
38C7HEG6,Rundofase,1080.0,Jonathan Berthelot,2017-11-01
38EYB40T,Conecom,60.0,Jonathan Berthelot,2017-05-14
38KKSE72,Bioholding,530.0,Lajuana Vencill,2017-06-01
38ZR3URJ,Golddex,552.0,James Ascencio,2017-11-25
396WP6JS,Gogozoom,58.0,Anna Snelling,2017-03-19
3AB31BUU,Conecom,1024.0,Moses Frase,2017-04-27
3AIA6RL3,Hottechi,1132.0,Jonathan Berthelot,2017-08-20
3AU5SZ3V,Donquadtech,4443.0,Donn Cantrell,2017-03-23
3AX6QBR3,Donquadtech,3101.0,Wilburn Farren,2017-09-07
3C5KXGO6,J-Texon,541.0,Markita Hansen,2017-05-10
3C7A75LH,Massive Dynamic,5727.0,Cassey Cress,2017-09-27
3C9CWV6J,Iselectrics,3772.0,Cassey Cress,2017-06-14
3CP9VXC1,Labdrill,69.0,Kary Hendrixson,2017-08-15
3CS2IXT0,Conecom,66.0,Versie Hillebrand,2017-11-16
3DF5FIAM,Umbrella Corporation,3285.0,Reed Clapper,2017-12-17
3DM5SSI5,Warephase,5231.0,Darcel Schlecht,2017-11-05
3DYZN86H,Hottechi,2979.0,Markita Hansen,2017-09-17
3EL8D4WO,Codehow,3269.0,Darcel Schlecht,2017-03-25
3F5AAJZB,Gekko & Co,5622.0,Garret Kinder,2017-06-26
3F81XLI7,Ganjaflex,4230.0,Corliss Cosme,2017-08-11
3F9NDPA0,Konex,1102.0,Maureen Marcano,2017-08-10
3FZVCDW0,Finjob,4372.0,Kami Bicknell,2017-05-04
3GEDSDVN,Inity,590.0,Cecily Lampkin,2017-07-08
3GFZ7SN4,Streethex,3161.0,Moses Frase,2017-11-23
3GOXMQPF,Golddex,1002.0,Kary Hendrixson,2017-08-17
3GRTE6VM,Dalttechnology,3082.0,Elease Gluck,2017-10-29
3GVL1I1G,Bluth Company,3426.0,Rosie Papadopoulos,2017-11-14
3H80RIHV,Sonron,5491.0,Kami Bicknell,2017-05-10
3HGQ3BOY,Ontomedia,4204.0,Violet Mclelland,2017-05-27
3IBBBGM4,Fasehatice,555.0,Kary Hendrixson,2017-11-18
3IQ19UZ2,Kan-code,3250.0,Hayden Neloms,2017-10-14
3ISHFT20,Zoomit,62.0,Kary Hendrixson,2017-12-18
3J1W4LM0,Domzoom,527.0,Niesha Huffines,2017-06-21
3JMB4J8E,Acme Corporation,5331.0,Garret Kinder,2017-10-07
3K3LQ0H5,Scotfind,557.0,Kami Bicknell,2017-08-23
3KLVZN6M,Cheers,538.0,Kary Hendrixson,2017-12-05
3KM8WN7L,Kan-code,522.0,Boris Faz,2017-05-18
3KR50X38,Konex,1255.0,Corliss Cosme,2017-03-13
3KVS08NL,Iselectrics,48.0,Violet Mclelland,2017-07-15
3KZUBSRU,Sonron,1024.0,Hayden Neloms,2017-09-09
3L8ECZK8,Globex Corporation,3038.0,Versie Hillebrand,2017-09-27
3L965RUK,Kan-code,3665.0,Kary Hendrixson,2017-07-26
3LO8XJBY,Condax,54.0,Niesha Huffines,2017-06-05
3LYVAV6P,Statholdings,55.0,Cecily Lampkin,2017-10-03
3M03SX77,Condax,522.0,Markita Hansen,2017-04-13
3ML02CAH,Cancity,61.0,Versie Hillebrand,2017-11-11
3MNZF5ZK,Zumgoity,5148.0,Cecily Lampkin,2017-06-03
3MXS2HRE,Ganjaflex,576.0,Cassey Cress,2017-12-31
3N6BHLN6,Streethex,960.0,Niesha Huffines,2017-08-20
3N6VGWVS,Gogozoom,61.0,Lajuana Vencill,2017-05-30
3N7ZXGMF,Codehow,1123.0,Niesha Huffines,2017-03-06
3N9I1WH7,Plexzap,2964.0,Hayden Neloms,2017-05-26
3NM7A8SX,Newex,4234.0,Zane Levy,2017-06-27
3NQBMKOK,Kan-code,494.0,Kary Hendrixson,2017-06-29
3O7PIS8O,Warephase,3665.0,Darcel Schlecht,2017-04-09
3OA6FZUD,Treequote,3165.0,Versie Hillebrand,2017-11-29
3OAEEV0S,Gekko & Co,3503.0,Cassey Cress,2017-03-21
3OVJXUSB,Silis,2981.0,Donn Cantrell,2017-06-14
3PIPAOVU,Finhigh,57.0,Anna Snelling,2017-12-28
3PPB3Q04,Konmatfix,48.0,Lajuana Vencill,2017-06-23
3PZ6Y6AJ,Treequote,4907.0,Gladys Colclough,2017-07-21
3Q5R6HAY,Doncon,3435.0,Vicki Laflamme,2017-10-08
3Q8GSOKD,Zathunicon,535.0,Donn Cantrell,2017-12-04
3QQW8VJ2,Xx-zobam,3869.0,Garret Kinder,2017-06-06
3QS2B6IN,Rundofase,57.0,Versie Hillebrand,2017-09-03
3QSM7X3W,Green-Plus,4194.0,Zane Levy,2017-11-06
3QTN3F5T,Isdom,3470.0,Anna Snelling,2017-08-15
3R8PJCCW,Blackzim,2868.0,Kary Hendrixson,2017-09-03
3RGNKYWW,Hatfan,921.0,Kary Hendrixson,2017-12-26
3RJPZ634,Konex,4492.0,Corliss Cosme,2017-12-06
3S31RHE5,Betasoloin,4497.0,Cassey Cress,2017-05-18
3S3O03ZV,Gekko & Co,552.0,Cassey Cress,2017-08-25
3SF8O9S6,Plusstrip,60.0,Vicki Laflamme,2017-03-27
3SOLZEZX,Goodsilron,5702.0,Hayden Neloms,2017-12-12
3THBBYXS,Ganjaflex,542.0,Violet Mclelland,2017-12-08
3TYPII47,Goodsilron,1207.0,Kami Bicknell,2017-03-03
3U25FK08,Isdom,519.0,Jonathan Berthelot,2017-03-28
3UA6O3NG,Konex,6767.0,Reed Clapper,2017-11-07
3UOIHNKR,Plusstrip,5533.0,James Ascencio,2017-09-03
3VLKZISJ,Scotfind,68.0,James Ascencio,2017-06-27
3VPQNW5Y,Cheers,1007.0,James Ascencio,2017-12-31
3W1Y39BY,Silis,4521.0,Donn Cantrell,2017-10-24
3WQMBMSN,Treequote,1185.0,Marty Freudenburg,2017-06-30
3X2HOUYU,Fasehatice,575.0,Vicki Laflamme,2017-08-16
3X5BD9NU,Fasehatice,4733.0,Markita Hansen,2017-06-25
3X8VLQ5G,Cancity,469.0,Jonathan Berthelot,2017-03-12
3XUKEIQF,Plussunin,5454.0,Donn Cantrell,2017-12-11
3XVY4LEU,Bluth Company,4671.0,Reed Clapper,2017-05-09
3Y1LN6CQ,Gekko & Co,54.0,Reed Clapper,2017-10-19
3Y26MZHI,Donquadtech,5104.0,Daniell Hammack,2017-04-17
3Y6REURA,Funholding,5600.0,Anna Snelling,2017-09-24
3Y9SB2QK,Dalttechnology,571.0,Maureen Marcano,2017-03-01
3YWITFR5,Ron-tech,440.0,Lajuana Vencill,2017-08-15
3YZFYEMI,Toughzap,50.0,Versie Hillebrand,2017-12-09
3Z5NBGAT,Stanredtax,50.0,Cecily Lampkin,2017-07-23
3ZG0719M,Ron-tech,1075.0,Darcel Schlecht,2017-08-26
3ZM8BJQO,Labdrill,4398.0,Kami Bicknell,2017-05-31
401BY1PW,Ganjaflex,5052.0,Boris Faz,2017-12-21
407NLHJH,Labdrill,1090.0,James Ascencio,2017-06-14
40DPY158,Hottechi,47.0,Markita Hansen,2017-03-25
40VSPND6,Rangreen,3679.0,Moses Frase,2017-09-24
41MURAI5,Konex,590.0,Corliss Cosme,2017-03-28
41S0S9KP,Umbrella Corporation,471.0,Wilburn Farren,2017-11-23
42CA70FG,Zotware,3225.0,Corliss Cosme,2017-10-26
42N0IWF8,Condax,5644.0,Zane Levy,2017-06-05
42YPT5L7,Ron-tech,3548.0,Versie Hillebrand,2017-07-04
4335LVQT,Zotware,4648.0,Corliss Cosme,2017-11-19
43FW6W9O,Sunnamplex,3966.0,Vicki Laflamme,2017-11-04
43NBMRFY,Scotfind,1198.0,Kami Bicknell,2017-08-18
43WRAJ1I,Rundofase,66.0,Versie Hillebrand,2017-12-11
443ATESI,Globex Corporation,64.0,Anna Snelling,2017-08-28
4501T63I,Plexzap,56.0,Rosalina Dieter,2017-03-14
4563ENEB,Gogozoom,574.0,Lajuana Vencill,2017-05-02
45A57X68,Ron-tech,5522.0,Darcel Schlecht,2017-03-12
45CION64,Umbrella Corporation,59.0,Violet Mclelland,2017-08-17
461LIUS7,Isdom,1105.0,Gladys Colclough,2017-07-07
46UITTY6,Singletechno,545.0,Kary Hendrixson,2017-11-04
47QKNXLO,Yearin,472.0,Rosie Papadopoulos,2017-12-10
483NKH0E,Plexzap,4644.0,Markita Hansen,2017-08-18
484WREJQ,Zencorporation,1024.0,Reed Clapper,2017-09-03
48AJ0X9E,Toughzap,4498.0,Gladys Colclough,2017-06-15
48FB5MD2,Treequote,66.0,Cecily Lampkin,2017-07-05
48HBI36Y,Nam-zim,591.0,Kary Hendrixson,2017-11-12
48INT6OA,Rundofase,4924.0,Jonathan Berthelot,2017-08-05
48J7F1A2,Hottechi,3276.0,Vicki Laflamme,2017-08-31
48UPZJ45,Rangreen,3696.0,Niesha Huffines,2017-09-28
4942W0E7,Konex,3335.0,Kami Bicknell,2017-08-20
49TIKZ5B,Kan-code,606.0,Kary Hendrixson,2017-11-14
4A189ZAB,Dontechi,5142.0,Gladys Colclough,2017-06-08
4A8SFEJ2,Scotfind,665.0,Zane Levy,2017-03-17
4AHNCJ2Y,Rangreen,524.0,Anna Snelling,2017-06-27
4AS1VXQM,Rantouch,5154.0,Vicki Laflamme,2017-09-07
4ATO2S4S,Bubba Gump,56.0,Violet Mclelland,2017-12-27
4B4XCPHT,Zencorporation,5010.0,Donn Cantrell,2017-05-05
4BPA17HF,Zoomit,628.0,Maureen Marcano,2017-05-28
4BUQW2T0,Cheers,1130.0,Maureen Marcano,2017-08-24
4D1FP59D,Warephase,522.0,Gladys Colclough,2017-06-23
4D95LU0H,dambase,491.0,Darcel Schlecht,2017-06-24
4DK84UMX,Finhigh,984.0,Darcel Schlecht,2017-06-20
4DKUZ8JE,Bioholding,53.0,Darcel Schlecht,2017-07-31
4DLOXD13,Y-corporation,1097.0,Kami Bicknell,2017-08-07
4DW2FDX4,dambase,54.0,Versie Hillebrand,2017-05-20
4E01ALB0,Green-Plus,3103.0,Vicki Laflamme,2017-05-04
4E5E9MYV,Cheers,938.0,Maureen Marcano,2017-11-22
4ETZYSN3,Donquadtech,3258.0,Reed Clapper,2017-11-05
4HBU57OV,Toughzap,58.0,Darcel Schlecht,2017-10-10
4HP16LRH,Konmatfix,3699.0,Marty Freudenburg,2017-07-09
4ICL09BD,Rundofase,580.0,Jonathan Berthelot,2017-08-23
4J8IA9GL,Lexiqvolax,470.0,Kary Hendrixson,2017-12-29
4K750D6F,Yearin,55.0,Violet Mclelland,2017-03-18
4K7PRO1B,Goodsilron,600.0,Rosalina Dieter,2017-04-28
4KP2GEFF,dambase,1077.0,Niesha Huffines,2017-11-03
4KVZVHNN,Hatfan,524.0,James Ascencio,2017-09-14
4L36DJTM,Rangreen,52.0,Versie Hillebrand,2017-04-02
4LLWRSBJ,Donquadtech,59.0,Cassey Cress,2017-04-22
4LQAN2JX,Golddex,1046.0,Maureen Marcano,2017-08-29
4LVXK5H1,J-Texon,1047.0,Kami Bicknell,2017-09-25
4MC584U5,Treequote,4082.0,Gladys Colclough,2017-06-02
4MFY8UXP,Ron-tech,3772.0,Gladys Colclough,2017-12-14
4MTCQ31T,Gogozoom,55.0,Anna Snelling,2017-11-06
4MTIOMFQ,Mathtouch,4252.0,Reed Clapper,2017-08-08
4N2KE2ER,Condax,987.0,Darcel Schlecht,2017-08-24
4NAHJMYM,Zoomit,4786.0,Maureen Marcano,2017-09-18
4NGBUZWJ,Codehow,609.0,Lajuana Vencill,2017-03-12
4O6T16XI,Scottech,3748.0,Cecily Lampkin,2017-12-25
4OPFJFRO,Plexzap,4808.0,Kary Hendrixson,2017-11-14
4OUTIJAR,Hatfan,59.0,Maureen Marcano,2017-12-14
4P0SDD91,Iselectrics,4970.0,Wilburn Farren,2017-12-15
4P12PLQA,Doncon,58.0,Kami Bicknell,2017-07-28
4P5BOQB5,Singletechno,4545.0,Zane Levy,2017-12-22
4PDYHVX1,J-Texon,4824.0,James Ascencio,2017-07-25
4PKHDQOQ,Funholding,5015.0,Marty Freudenburg,2017-06-03
4PLSG7A3,dambase,61.0,Versie Hillebrand,2017-12-12
4PXSBQU8,Codehow,47.0,Darcel Schlecht,2017-05-27
4Q1A27SA,Singletechno,3597.0,Vicki Laflamme,2017-11-20
4Q2GV039,Stanredtax,3766.0,Darcel Schlecht,2017-08-24
4Q4NBPD6,Ron-tech,538.0,Marty Freudenburg,2017-05-21
4QP55BTO,Globex Corporation,614.0,Jonathan Berthelot,2017-06-16
4QTD5X53,Isdom,3252.0,Gladys Colclough,2017-07-06
4QU2EXEY,Globex Corporation,3164.0,Cecily Lampkin,2017-12-19
4R0TB2CL,Bubba Gump,4669.0,Donn Cantrell,2017-07-13
4SK6YLB0,Hottechi,1065.0,Kami Bicknell,2017-05-27
4T295XQL,Finjob,3295.0,Kami Bicknell,2017-03-01
4T31MWVO,Stanredtax,4148.0,Anna Snelling,2017-03-23
4T8KR12S,Streethex,1076.0,Darcel Schlecht,2017-03-20
4TD018BE,Fasehatice,5344.0,Kary Hendrixson,2017-10-16
4TEO0LE1,Konmatfix,1062.0,Marty Freudenburg,2017-03-28
4TZF9N1D,Xx-holding,3273.0,Kary Hendrixson,2017-03-28
4UN65HWV,Warephase,878.0,Darcel Schlecht,2017-08-23
4V0S4BA3,Goodsilron,29617.0,Markita Hansen,2017-06-27
4V3TLIGG,Rundofase,50.0,Anna Snelling,2017-05-22
4VZ0JIVZ,Scottech,3434.0,Anna Snelling,2017-10-16
4WP0VJAS,Codehow,2525.0,Lajuana Vencill,2017-06-18
4X3H9YD5,Kan-code,25791.0,Rosalina Dieter,2017-08-29
4X3LNCWH,Doncon,49.0,Hayden Neloms,2017-04-04
4XCJP60W,Nam-zim,572.0,Kami Bicknell,2017-05-06
4XGA0K6N,J-Texon,3188.0,Markita Hansen,2017-06-22
4XLLUO6J,Inity,6360.0,Darcel Schlecht,2017-09-17
4XX690SP,Green-Plus,535.0,Zane Levy,2017-05-11
4Y1DYANE,Xx-zobam,1112.0,Cassey Cress,2017-06-04
4YH4JR1Q,Funholding,50.0,Lajuana Vencill,2017-05-31
4YXXI2OI,Codehow,53.0,Anna Snelling,2017-12-18
4Z84VV2P,Y-corporation,4382.0,Kary Hendrixson,2017-11-05
4ZGA57SX,Mathtouch,4686.0,Rosie Papadopoulos,2017-08-03
50AWO49B,Sonron,456.0,Markita Hansen,2017-12-27
50HQRWGJ,Vehement Capital Partners,5256.0,Donn Cantrell,2017-06-10
50JIFEWD,Plusstrip,5144.0,Zane Levy,2017-11-17
50OYB2YN,Kinnamplus,1180.0,Corliss Cosme,2017-11-20
513DPFX5,Codehow,4438.0,Gladys Colclough,2017-03-03
516C0X9F,Statholdings,1144.0,Darcel Schlecht,2017-07-26
516FJUNB,Singletechno,3959.0,Rosalina Dieter,2017-03-07
51AC0Q99,Gogozoom,1066.0,Jonathan Berthelot,2017-12-16
523458T9,Scottech,554.0,Niesha Huffines,2017-05-16
524GC3WL,Globex Corporation,3141.0,Darcel Schlecht,2017-04-13
52H2CE10,Faxquote,4756.0,Kami Bicknell,2017-06-25
52Q1PYGW,Zotware,940.0,Boris Faz,2017-06-08
52SANIGE,Ganjaflex,4833.0,Corliss Cosme,2017-05-08
52UPJFYI,Domzoom,571.0,Gladys Colclough,2017-03-19
533RTCAL,Donquadtech,1143.0,Corliss Cosme,2017-08-20
53ZXALR1,Faxquote,1220.0,Kary Hendrixson,2017-09-14
54EGR0AD,Yearin,63.0,Violet Mclelland,2017-03-25
54JFGNXN,Cancity,648.0,Lajuana Vencill,2017-05-27
557JX4BM,Plusstrip,1099.0,Hayden Neloms,2017-09-12
559PYA0L,Bubba Gump,4287.0,Cassey Cress,2017-05-21
55NG8O95,Groovestreet,622.0,Rosalina Dieter,2017-09-07
55YURJ2E,Streethex,58.0,Anna Snelling,2017-12-30
561707V4,Xx-holding,4554.0,Vicki Laflamme,2017-03-17
568NS3GO,Cheers,2791.0,Markita Hansen,2017-08-27
56SRDF1B,Genco Pura Olive Oil Company,59.0,Moses Frase,2017-09-09
56XQOTXV,Betatech,4494.0,Versie Hillebrand,2017-05-17
56ZJUSNG,Acme Corporation,5378.0,Daniell Hammack,2017-06-07
57689GK9,Finhigh,3587.0,Cecily Lampkin,2017-03-20
576N6HHJ,Y-corporation,5227.0,Vicki Laflamme,2017-09-15
579RHB6S,Stanredtax,57.0,Versie Hillebrand,2017-10-08
5831YZMT,Finjob,532.0,Zane Levy,2017-06-23
58CABL04,Silis,6372.0,Corliss Cosme,2017-11-04
58CZCKFN,Doncon,3195.0,Vicki Laflamme,2017-09-28
58QZ1YGK,Finhigh,4902.0,Jonathan Berthelot,2017-09-27
5975TDTI,Donquadtech,5324.0,Corliss Cosme,2017-06-09
59O0CDJE,Newex,504.0,James Ascencio,2017-12-20
59SUBXGP,Streethex,53.0,Anna Snelling,2017-12-02
5A4Q7X1W,Hottechi,655.0,Zane Levy,2017-09-03
5AKGNKX1,Konmatfix,58.0,Anna Snelling,2017-03-16
5AOWZ6AG,Silis,3546.0,Donn Cantrell,2017-08-09
5AU1SJA7,Ontomedia,4830.0,Corliss Cosme,2017-07-08
5BAGWGAG,Condax,5987.0,Vicki Laflamme,2017-08-23
5BGYQS4R,Finhigh,1110.0,Darcel Schlecht,2017-08-11
5C13TAA8,Lexiqvolax,6299.0,Kary Hendrixson,2017-12-22
5CFCTZ5K,Ron-tech,501.0,Jonathan Berthelot,2017-09-02
5CIT07UC,Hottechi,653.0,Maureen Marcano,2017-09-14
5CSSZJF4,Finhigh,543.0,Jonathan Berthelot,2017-03-21
5D2XH04S,Plussunin,57.0,Reed Clapper,2017-03-12
5DEO8EDS,Rantouch,581.0,Vicki Laflamme,2017-03-20
5E14LG51,Iselectrics,1073.0,Boris Faz,2017-03-25
5EKN0BFN,Zathunicon,4848.0,Daniell Hammack,2017-05-15
5F40OSXS,Mathtouch,3424.0,Cassey Cress,2017-06-19
5FWBETTO,Finhigh,3641.0,Versie Hillebrand,2017-05-19
5FX5TX9L,Hatfan,4642.0,Markita Hansen,2017-08-14
5G645WYV,Bioholding,5447.0,Moses Frase,2017-04-07
5G9WEZTP,Massive Dynamic,5319.0,Garret Kinder,2017-08-16
5HHFR0VZ,Xx-holding,4521.0,Markita Hansen,2017-11-29
5HKAT5GS,Umbrella Corporation,1076.0,Reed Clapper,2017-05-10
5HKITTHD,Mathtouch,5703.0,Boris Faz,2017-12-03
5I8WOI8P,Toughzap,51.0,Gladys Colclough,2017-06-08
5ICV1IBY,Dontechi,999.0,Lajuana Vencill,2017-08-07
5IES0B4B,Scotfind,49.0,James Ascencio,2017-05-04
5IMH88MT,Labdrill,508.0,James Ascencio,2017-11-29
5IOG6X00,Gekko & Co,6205.0,Donn Cantrell,2017-09-08
5ITSLO0E,Treequote,999.0,Anna Snelling,2017-03-04
5J1C46RJ,Massive Dynamic,5927.0,Reed Clapper,2017-09-19
5J4Z0RYC,Bioplex,572.0,Cassey Cress,2017-09-08
5J7T0GZU,Sumace,4964.0,Daniell Hammack,2017-12-14
5J9CMGDV,Rantouch,46.0,Elease Gluck,2017-03-08
5J9ELX2Y,Goodsilron,4942.0,Zane Levy,2017-10-23
5JFOA4XC,Finhigh,3215.0,Gladys Colclough,2017-06-14
5JIXFMFY,Inity,3438.0,Lajuana Vencill,2017-09-14
5JS6JI3P,Labdrill,2689.0,Vicki Laflamme,2017-11-21
5KC9ZGBX,Xx-holding,4320.0,Maureen Marcano,2017-04-12
5M3Z5DS4,Globex Corporation,5972.0,Niesha Huffines,2017-04-05
5M58DTJK,Cheers,58.0,Elease Gluck,2017-03-05
5MRPZ44K,Domzoom,522.0,Anna Snelling,2017-08-28
5MZ0O77T,Bubba Gump,4839.0,Reed Clapper,2017-05-16
5NW73ZRY,Acme Corporation,3370.0,Boris Faz,2017-05-22
5NXD4U83,Newex,54.0,Vicki Laflamme,2017-07-17
5OAWTEIU,Streethex,54.0,Niesha Huffines,2017-07-28
5OCY2XME,Isdom,1190.0,Niesha Huffines,2017-06-12
5OJ4IRW4,Conecom,1115.0,Jonathan Berthelot,2017-06-27
5P82H5AA,Zotware,3695.0,Reed Clapper,2017-03-23
5PA21ZHE,Betatech,4685.0,Darcel Schlecht,2017-04-10
5PIJNVMB,Konmatfix,485.0,Lajuana Vencill,2017-11-17
5PJJCTJ9,Bioholding,3263.0,Darcel Schlecht,2017-04-11
5Q8BQ64R,Kinnamplus,3645.0,Wilburn Farren,2017-05-22
5QBQMEY5,Scotfind,4510.0,Vicki Laflamme,2017-03-24
5QC9H4C2,Kan-code,3749.0,Violet Mclelland,2017-05-23
5QD09R7U,Rundofase,549.0,Darcel Schlecht,2017-04-28
5QD53WHF,Donquadtech,1020.0,Daniell Hammack,2017-03-07
5QM4ORNT,Domzoom,1212.0,Niesha Huffines,2017-03-21
5QNUZYIL,Umbrella Corporation,3681.0,Boris Faz,2017-06-24
5QSU8PQU,Silis,4648.0,Donn Cantrell,2017-06-19
5R7N3RKQ,Ron-tech,4361.0,Jonathan Berthelot,2017-09-30
5RGYU88R,Scottech,5046.0,Versie Hillebrand,2017-05-25
5RUF6451,Kinnamplus,589.0,Wilburn Farren,2017-04-04
5SCMRQ9N,Finhigh,610.0,Cecily Lampkin,2017-09-05
5SED9K1C,Plusstrip,1038.0,Kami Bicknell,2017-08-09
5SJP2J1J,Mathtouch,886.0,Boris Faz,2017-11-20
5TOZM59X,Rantouch,60.0,Elease Gluck,2017-08-17
5U83YWZB,Doncon,4953.0,Elease Gluck,2017-12-26
5U9Y1P87,Condax,688.0,Maureen Marcano,2017-03-21
5UE0TE1R,Yearin,3991.0,Reed Clapper,2017-04-14
5UEA6KVU,Ron-tech,461.0,Niesha Huffines,2017-10-27
5UFQONQU,Condax,4480.0,Zane Levy,2017-11-27
5UKQ16DK,Singletechno,1028.0,Kary Hendrixson,2017-07-04
5VAV2TUY,Cancity,5614.0,Versie Hillebrand,2017-03-25
5VKRCTJE,Singletechno,1032.0,Rosalina Dieter,2017-08-01
5VQRLIEZ,Donquadtech,1166.0,Donn Cantrell,2017-06-12
5WJZMULK,Hatfan,979.0,Maureen Marcano,2017-03-19
5WVY52IX,Statholdings,57.0,Jonathan Berthelot,2017-11-12
5XADPM6R,Bioholding,58.0,Versie Hillebrand,2017-12-28
5YIWOUOZ,Bioplex,4353.0,Daniell Hammack,2017-10-24
5YLCW6L5,Finhigh,61.0,Moses Frase,2017-09-15
5ZUKTSJV,Gekko & Co,1004.0,Violet Mclelland,2017-10-17
600FP406,Bioplex,60.0,Violet Mclelland,2017-10-02
60JGDDRO,Domzoom,5052.0,Darcel Schlecht,2017-12-19
60KWQS2V,Funholding,474.0,Lajuana Vencill,2017-10-20
60QEB2FZ,Fasehatice,4989.0,Kary Hendrixson,2017-10-16
60RDU2SZ,Globex Corporation,3578.0,Marty Freudenburg,2017-10-17
60UOBOEM,Groovestreet,30288.0,Rosalina Dieter,2017-06-07
610D6711,Silis,2986.0,Cassey Cress,2017-11-23
610UUEAG,Plexzap,527.0,Markita Hansen,2017-04-24
611J0LEK,Betasoloin,574.0,Boris Faz,2017-07-09
6178B4JM,Domzoom,962.0,Anna Snelling,2017-07-17
62AK8UWX,Codehow,546.0,Moses Frase,2017-03-22
62NZ0THZ,Yearin,60.0,Violet Mclelland,2017-09-22
62UFJ4IQ,Sunnamplex,5031.0,James Ascencio,2017-11-10
62WFO2I3,Finjob,566.0,Kami Bicknell,2017-12-04
637HKAFD,Plexzap,564.0,Zane Levy,2017-06-29
6389JY2H,Hottechi,57.0,Moses Frase,2017-06-02
63HMAJCZ,Umbrella Corporation,4605.0,Boris Faz,2017-10-14
63S5SNBC,Domzoom,1103.0,Anna Snelling,2017-10-27
647E6ED0,Dontechi,2875.0,Darcel Schlecht,2017-06-05
64CTQ6C5,Bioholding,6659.0,Anna Snelling,2017-11-02
64DJ954O,Condax,1136.0,Kary Hendrixson,2017-03-30
64KS4KGN,Isdom,54.0,Versie Hillebrand,2017-04-06
64SDWSQH,Kan-code,4870.0,Maureen Marcano,2017-09-20
64WCPKZ1,Xx-zobam,5813.0,Violet Mclelland,2017-05-08
65B8HSTW,Gekko & Co,4986.0,Daniell Hammack,2017-04-02
669805IQ,Treequote,3436.0,Gladys Colclough,2017-12-06
66KFPHBT,Betatech,5944.0,Niesha Huffines,2017-09-24
66Q03Q2P,Konmatfix,466.0,Versie Hillebrand,2017-07-10
676KO0LG,Gogozoom,927.0,Darcel Schlecht,2017-07-29
677XNEFB,Y-corporation,58.0,Markita Hansen,2017-06-18
67ORNLJ3,Dontechi,474.0,Jonathan Berthelot,2017-09-05
696VNI6G,Treequote,54.0,Versie Hillebrand,2017-09-08
69V1WQLK,Plusstrip,5440.0,James Ascencio,2017-07-27
69XL3JMB,Isdom,1017.0,Marty Freudenburg,2017-08-05
69Z30MBF,Bioholding,571.0,Moses Frase,2017-11-15
6AALZVSE,Finjob,4080.0,Rosalina Dieter,2017-04-02
6AC2ATXU,Gogozoom,4955.0,Darcel Schlecht,2017-04-16
6AD8WNA2,Doncon,58.0,Kary Hendrixson,2017-11-08
6ALH2N0I,Gekko & Co,55.0,Violet Mclelland,2017-08-20
6AT4VS58,Sonron,484.0,Kary Hendrixson,2017-12-08
6B6Q8C5S,Donquadtech,5068.0,Cassey Cress,2017-03-15
6BBYA0L3,Rantouch,1157.0,Hayden Neloms,2017-08-06
6BSKCQCX,Conecom,608.0,Darcel Schlecht,2017-12-25
6BV9IARK,Isdom,4826.0,Darcel Schlecht,2017-07-01
6C70OX62,Y-corporation,3257.0,Maureen Marcano,2017-09-24
6CEEGQ8I,Domzoom,63.0,Anna Snelling,2017-05-30
6CFONO4W,Zumgoity,4635.0,Darcel Schlecht,2017-07-06
6CKXLPAR,Hottechi,58.0,Versie Hillebrand,2017-06-27
6CXJOT2A,Fasehatice,4844.0,Kami Bicknell,2017-09-16
6DCKCXDC,Hottechi,5008.0,Jonathan Berthelot,2017-05-05
6DJ817MW,Singletechno,468.0,James Ascencio,2017-11-16
6E2Y3HKI,Yearin,5201.0,Boris Faz,2017-07-04
6EEC9HQQ,Y-corporation,4878.0,Kary Hendrixson,2017-05-21
6EXXL6M4,Stanredtax,581.0,Darcel Schlecht,2017-07-31
6EYTZB6F,Konmatfix,3811.0,Versie Hillebrand,2017-12-12
6FI9HAX7,Ron-tech,46.0,Versie Hillebrand,2017-06-13
6FUPOO3I,Conecom,3865.0,Gladys Colclough,2017-07-07
6GBGF19R,Plussunin,4566.0,Rosie Papadopoulos,2017-12-30
6GDZDVTV,Dontechi,59.0,Anna Snelling,2017-09-13
6GL2LRUH,Finjob,52.0,Kary Hendrixson,2017-06-24
6GLF0PU0,Singletechno,523.0,Maureen Marcano,2017-07-27
6GY8Q8F0,Funholding,54.0,Lajuana Vencill,2017-09-23
6H1MBBVR,Mathtouch,4545.0,Reed Clapper,2017-08-23
6HE07D76,Hatfan,454.0,Zane Levy,2017-11-19
6HRIX06M,Hottechi,3415.0,Anna Snelling,2017-06-26
6I76NXTK,Ganjaflex,503.0,Corliss Cosme,2017-09-04
6ID18IJX,Newex,776.0,Zane Levy,2017-08-17
6IMKESNY,Toughzap,1085.0,Jonathan Berthelot,2017-08-17
6IMUQYMN,Vehement Capital Partners,540.0,Corliss Cosme,2017-03-10
6JWA8DFJ,Toughzap,4903.0,Darcel Schlecht,2017-09-06
6JXHEZYK,Isdom,54.0,Versie Hillebrand,2017-03-31
6K31TYOR,J-Texon,502.0,Zane Levy,2017-10-05
6K7LDRKR,Stanredtax,4009.0,Darcel Schlecht,2017-11-11
6KOHYTT4,Betatech,3167.0,Versie Hillebrand,2017-07-30
6KPKOR79,Bioplex,1050.0,Donn Cantrell,2017-09-13
6KT5HAR6,Ron-tech,5006.0,Darcel Schlecht,2017-03-05
6KZ0NCFX,Funholding,54.0,Versie Hillebrand,2017-03-14
6LC0XB2D,Rundofase,61.0,Anna Snelling,2017-08-29
6M77EGH7,Ganjaflex,4456.0,Donn Cantrell,2017-11-26
6M89XBL0,Scotfind,5053.0,Hayden Neloms,2017-09-11
6MMFIIGE,Rundofase,524.0,Lajuana Vencill,2017-06-15
6MTK51P5,Rundofase,52.0,Anna Snelling,2017-11-29
6MTURF7Q,Green-Plus,56.0,Hayden Neloms,2017-06-21
6NFIUDKS,Doncon,5867.0,Kary Hendrixson,2017-11-26
6NWIZG2N,Mathtouch,1035.0,Reed Clapper,2017-11-24
6NXY7144,Xx-holding,365.0,Vicki Laflamme,2017-03-31
6OXOIJ4D,Condax,3089.0,Wilburn Farren,2017-12-16
6PMHI9G4,Hottechi,543.0,Kami Bicknell,2017-04-22
6PQS93V2,Vehement Capital Partners,5868.0,Donn Cantrell,2017-10-04
6PTR7VBR,Treequote,61.0,Versie Hillebrand,2017-03-05
6R6T68GL,Zoomit,48.0,Markita Hansen,2017-12-09
6RJE18RW,Acme Corporation,1161.0,Cassey Cress,2017-03-24
6RQCLF28,Codehow,507.0,Gladys Colclough,2017-04-11
6SC26SGG,Yearin,1167.0,Boris Faz,2017-07-02
6SNUFVQP,Rundofase,54.0,Anna Snelling,2017-12-31
6SV2WYK4,Bluth Company,1239.0,Boris Faz,2017-09-05
6T64JWH9,Sonron,4683.0,Maureen Marcano,2017-07-25
6TB7XA83,dambase,51.0,Cecily Lampkin,2017-05-18
6TBAKLMX,Funholding,1157.0,Niesha Huffines,2017-09-23
6TN4T6HN,Golddex,964.0,Hayden Neloms,2017-06-01
6TOOTFQV,Bioholding,3985.0,Moses Frase,2017-07-27
6U0CT07B,Scottech,595.0,Jonathan Berthelot,2017-06-06
6U7RD3TG,Initech,3684.0,Cassey Cress,2017-07-23
6UQTAD4C,Hottechi,569.0,Niesha Huffines,2017-12-09
6UUTR15S,Newex,4059.0,Zane Levy,2017-09-23
6UUZ4IJ5,Ron-tech,528.0,Darcel Schlecht,2017-08-03
6UZVABQR,Hottechi,486.0,Kary Hendrixson,2017-08-17
6V0QV9CU,Stanredtax,3415.0,Cecily Lampkin,2017-10-10
6V7OMXY5,Faxquote,5966.0,Maureen Marcano,2017-09-01
6VET70WX,Bioholding,518.0,Lajuana Vencill,2017-06-15
6VLA3FDQ,Rangreen,52.0,Gladys Colclough,2017-08-09
6VMQQKLJ,Dalttechnology,5191.0,Vicki Laflamme,2017-09-15
6W7QAH1B,Konex,510.0,Kami Bicknell,2017-12-18
6WCNNK5J,Hottechi,4433.0,Maureen Marcano,2017-12-29
6WODV6KD,Sunnamplex,4991.0,Kami Bicknell,2017-04-21
6WOMHAJM,Donquadtech,3677.0,Boris Faz,2017-03-14
6WR7JQ3C,Labdrill,3624.0,James Ascencio,2017-11-03
6WTNSL1T,Newex,2982.0,Rosalina Dieter,2017-03-19
6X4EEUGA,Cheers,25464.0,Elease Gluck,2017-06-30
6XFVQI32,Yearin,3415.0,Donn Cantrell,2017-03-23
6XH71PH8,Yearin,1136.0,Donn Cantrell,2017-09-28
6XLFG3VK,Zoomit,57.0,Rosalina Dieter,2017-07-19
6XO4RYXK,Silis,1132.0,Donn Cantrell,2017-03-15
6XP6FVMN,Green-Plus,3772.0,Elease Gluck,2017-12-18
6YCDG16T,Cheers,3687.0,Vicki Laflamme,2017-08-12
6YEF304L,Hottechi,520.0,Rosalina Dieter,2017-04-07
6YN4FZHL,Donware,881.0,Violet Mclelland,2017-08-25
6Z3EP424,Nam-zim,51.0,Elease Gluck,2017-11-16
6ZSAKAHX,Plexzap,920.0,Rosalina Dieter,2017-12-22
6ZVC87CV,Ontomedia,53.0,Boris Faz,2017-08-09
70A4A2GV,Gogozoom,60.0,Versie Hillebrand,2017-11-28
70TRVHOM,Donquadtech,4697.0,Cassey Cress,2017-08-05
72C58IRY,Funholding,2968.0,Cecily Lampkin,2017-11-26
72HZ4LDT,Ganjaflex,2940.0,Garret Kinder,2017-04-02
72LNJRY9,Lexiqvolax,1135.0,Maureen Marcano,2017-03-25
72UVDOKU,Konmatfix,62.0,Cecily Lampkin,2017-07-24
72WE0PUH,Rantouch,64.0,Vicki Laflamme,2017-06-16
731TOWDY,Labdrill,27385.0,Elease Gluck,2017-06-18
7350YGG4,Silis,1111.0,Corliss Cosme,2017-05-29
735GFCU0,Gogozoom,4923.0,Darcel Schlecht,2017-06-07
73EBDWP4,Warephase,4994.0,Cecily Lampkin,2017-09-30
73FYEJQV,Hatfan,54.0,Vicki Laflamme,2017-06-22
73SY9EU8,Mathtouch,4664.0,Daniell Hammack,2017-05-31
74P8ZFDD,Plexzap,6154.0,Kary Hendrixson,2017-04-07
74VGCEEW,Gekko & Co,67.0,Violet Mclelland,2017-06-19
74YNCNQM,Domzoom,58.0,Gladys Colclough,2017-12-04
757V8R2Z,Initech,54.0,Violet Mclelland,2017-09-01
75P6HFA0,Statholdings,3727.0,Darcel Schlecht,2017-09-03
75ZOJ3O7,Finjob,3312.0,Hayden Neloms,2017-03-08
76GEYK0T,Opentech,888.0,Cassey Cress,2017-10-23
76NU9866,Condax,57.0,Rosie Papadopoulos,2017-12-02
76RZPT87,Isdom,567.0,Lajuana Vencill,2017-12-31
76WXMI88,Stanredtax,50.0,Moses Frase,2017-12-28
77MKNCO3,Konex,5848.0,Vicki Laflamme,2017-04-16
787IRG9Q,J-Texon,3426.0,Hayden Neloms,2017-03-03
78OETKRD,dambase,6322.0,Marty Freudenburg,2017-11-03
78TOITP2,Finhigh,55.0,Gladys Colclough,2017-05-18
792JYPG1,Konex,3557.0,Donn Cantrell,2017-10-08
794F5VJB,Donware,1133.0,Donn Cantrell,2017-08-31
794XWMYE,Mathtouch,61.0,Garret Kinder,2017-09-07
79DYTU8Y,Streethex,60.0,Moses Frase,2017-05-06
79EABK3X,Zoomit,53.0,Hayden Neloms,2017-03-23
79G6725X,J-Texon,5415.0,Kary Hendrixson,2017-04-26
79LGX9EX,Yearin,5558.0,Cassey Cress,2017-06-30
7A4AC5BC,Ron-tech,3642.0,Versie Hillebrand,2017-06-04
7ACIXBSY,Gekko & Co,3612.0,Violet Mclelland,2017-12-05
7AL9GWK6,Codehow,1047.0,Lajuana Vencill,2017-06-02
7AOZ2F9R,Hottechi,489.0,Lajuana Vencill,2017-06-12
7ASDRLM5,Acme Corporation,549.0,Donn Cantrell,2017-05-11
7B21SGQ8,Gekko & Co,1080.0,Boris Faz,2017-04-29
7B3DXNZL,Doncon,5283.0,Zane Levy,2017-07-22
7B3J333S,Zumgoity,4458.0,Gladys Colclough,2017-06-22
7C9Q2ZA3,Gogozoom,590.0,Jonathan Berthelot,2017-03-24
7CC38V2J,Lexiqvolax,531.0,Kami Bicknell,2017-06-29
7CYRCTXI,Konmatfix,3452.0,Anna Snelling,2017-08-16
7DA7E2K7,J-Texon,3415.0,Maureen Marcano,2017-11-06
7DDD3NZ2,Opentech,567.0,Rosie Papadopoulos,2017-05-17
7DDPLMQ5,Inity,4981.0,Gladys Colclough,2017-12-02
7DI7A7G7,Sunnamplex,459.0,James Ascencio,2017-08-19
7EBT21IA,Betatech,560.0,Gladys Colclough,2017-04-24
7EJJ9KVZ,Donware,55.0,Violet Mclelland,2017-09-03
7EYDG0CV,Statholdings,56.0,Anna Snelling,2017-12-14
7FCXBW1M,Bioplex,51.0,Violet Mclelland,2017-11-13
7FER10E1,Golddex,54.0,Markita Hansen,2017-06-08
7FGVY6GK,Konex,565.0,Kami Bicknell,2017-10-10
7FKONHLX,Ron-tech,62.0,Anna Snelling,2017-04-25
7FN6LV2E,Sumace,592.0,Violet Mclelland,2017-09-12
7FQMSWIX,Bioplex,62.0,Corliss Cosme,2017-03-04
7FVUE0GY,Acme Corporation,1096.0,Cassey Cress,2017-10-21
7FZMWZJT,Isdom,3561.0,Marty Freudenburg,2017-11-07
7G7YLGJO,Hatfan,6499.0,Zane Levy,2017-03-21
7GDRCAJR,Iselectrics,600.0,Cassey Cress,2017-09-24
7GM1XD9W,Faxquote,4277.0,James Ascencio,2017-09-16
7GN8Q4LL,Cheers,601.0,Markita Hansen,2017-03-07
7GRFWF1U,Scotfind,5266.0,Kary Hendrixson,2017-03-19
7GRNFO6D,Dontechi,49.0,Versie Hillebrand,2017-05-18
7GWM1WT0,Hottechi,537.0,Moses Frase,2017-12-30
7GXUCFW5,Inity,4755.0,Darcel Schlecht,2017-12-17
7IAHPFT9,Faxquote,3078.0,Vicki Laflamme,2017-12-18
7IFEKEMG,Bioplex,53.0,Violet Mclelland,2017-06-06
7IKDD9UG,Bioplex,491.0,Violet Mclelland,2017-07-26
7ITUU2YO,Lexiqvolax,5054.0,Vicki Laflamme,2017-09-17
7IZ2GMYK,Toughzap,640.0,Darcel Schlecht,2017-05-16
7IZQJIPA,Kan-code,4812.0,Maureen Marcano,2017-12-27
7J1UD7ZW,Hottechi,509.0,Kary Hendrixson,2017-10-12
7JBR36G8,Genco Pura Olive Oil Company,579.0,Lajuana Vencill,2017-07-16
7JVTTVCO,Gekko & Co,564.0,Violet Mclelland,2017-03-24
7KUYF1U3,Kan-code,48.0,Violet Mclelland,2017-08-06
7KXTF2Q6,Konex,584.0,Kary Hendrixson,2017-06-23
7L89U5DU,Plexzap,3547.0,Hayden Neloms,2017-12-20
7LE19SYE,Initech,3463.0,Cassey Cress,2017-03-22
7LNGJB3S,Kan-code,585.0,Cassey Cress,2017-04-01
7MGVL7FC,Ron-tech,55.0,Gladys Colclough,2017-04-22
7MK55ULJ,Ron-tech,1102.0,Moses Frase,2017-07-05
7NJS374V,Groovestreet,46.0,Elease Gluck,2017-11-10
7ODLTF4W,J-Texon,597.0,Elease Gluck,2017-04-16
7OGPA4I3,Umbrella Corporation,3482.0,Reed Clapper,2017-10-12
7OIR36P2,Acme Corporation,4980.0,Donn Cantrell,2017-12-27
7OSD4T24,Silis,54.0,Violet Mclelland,2017-12-08
7OXU784Y,Konex,62.0,Kami Bicknell,2017-11-25
7PAVX9CP,Gekko & Co,1114.0,Cassey Cress,2017-04-14
7PDUWDGT,Condax,3759.0,Daniell Hammack,2017-03-14
7PEL3AIZ,Isdom,5685.0,Darcel Schlecht,2017-10-24
7Q7SA3EK,Kan-code,3290.0,Kami Bicknell,2017-06-07
7QC6FOKW,Xx-holding,598.0,Kami Bicknell,2017-03-10
7QE84GCH,Donware,2855.0,Violet Mclelland,2017-09-12
7QIU2BCK,dambase,821.0,Gladys Colclough,2017-08-01
7R0G2LC1,Blackzim,1211.0,Vicki Laflamme,2017-09-07
7R4VL3Q8,Kan-code,4705.0,Cassey Cress,2017-03-04
7RI58VF7,Streethex,460.0,Anna Snelling,2017-06-20
7RJMI3GC,Genco Pura Olive Oil Company,554.0,Niesha Huffines,2017-04-24
7RPM84Y4,Goodsilron,3815.0,Vicki Laflamme,2017-06-30
7S1N6QHI,Y-corporation,51.0,Kami Bicknell,2017-03-18
7S6SHJJG,Fasehatice,1117.0,Zane Levy,2017-03-14
7SBDZJF4,Bioplex,1036.0,Donn Cantrell,2017-08-23
7SF3PMMY,Codehow,61.0,Cecily Lampkin,2017-06-10
7SH51ME1,Zoomit,3738.0,Markita Hansen,2017-06-27
7SJD7M9K,Funholding,4180.0,Jonathan Berthelot,2017-08-20
7SPRU76Q,Hottechi,4744.0,Markita Hansen,2017-09-30
7SYJDW4L,Bioplex,50.0,Reed Clapper,2017-08-04
7T9J42UX,Globex Corporation,4391.0,Cecily Lampkin,2017-07-11
7TCCYDR3,Scotfind,4543.0,Maureen Marcano,2017-05-27
7TIWLFZD,Golddex,552.0,Vicki Laflamme,2017-10-01
7TJEHAED,Gogozoom,4413.0,Darcel Schlecht,2017-04-15
7TOPAQ9Y,Finhigh,53.0,Darcel Schlecht,2017-12-29
7U225819,Gogozoom,3285.0,Versie Hillebrand,2017-08-11
7U81B9AQ,Goodsilron,940.0,Maureen Marcano,2017-09-27
7UI7YX03,Hottechi,4330.0,Elease Gluck,2017-08-06
7V9A9TXZ,Codehow,1190.0,Marty Freudenburg,2017-06-06
7W8CQJ2Z,Plexzap,3850.0,Elease Gluck,2017-06-11
7WU2BQ2P,Inity,53.0,Versie Hillebrand,2017-08-10
7WYZ9HMC,Scotfind,518.0,Kary Hendrixson,2017-09-16
7X7YIWJO,Finhigh,489.0,Anna Snelling,2017-08-03
7XEB6TFB,Scottech,56.0,Anna Snelling,2017-06-06
7XSAHM67,Hottechi,583.0,Elease Gluck,2017-09-28
7Y10BR02,Streethex,4555.0,Darcel Schlecht,2017-07-30
7Y5E0RDL,Sumace,56.0,Corliss Cosme,2017-06-18
7Z5AVSH6,Treequote,4969.0,Darcel Schlecht,2017-06-21
7ZASHEBX,Bubba Gump,49.0,Reed Clapper,2017-12-14
7ZU2A8L1,Donware,698.0,Donn Cantrell,2017-12-23
7ZWN0JO9,Scottech,943.0,Niesha Huffines,2017-08-29
8061HKKB,Zathunicon,3087.0,Donn Cantrell,2017-06-19
80S3ED8B,Conecom,589.0,Darcel Schlecht,2017-08-23
81APSLDP,Xx-holding,1170.0,James Ascencio,2017-05-03
81DUFIPO,J-Texon,57.0,Rosalina Dieter,2017-09-10
81DXTTI5,Isdom,5536.0,Lajuana Vencill,2017-07-03
81LMZHD1,Bioholding,5018.0,Moses Frase,2017-08-16
81NOKKSW,Statholdings,68.0,Gladys Colclough,2017-08-31
820NH7ZA,Konex,643.0,Kami Bicknell,2017-12-04
82LY53FE,Labdrill,529.0,Markita Hansen,2017-11-01
82MM4H33,Labdrill,1049.0,Zane Levy,2017-03-09
839DCVT2,Codehow,55.0,Versie Hillebrand,2017-09-13
83JP1K4E,Rantouch,24899.0,Rosalina Dieter,2017-08-28
83XN082U,Ganjaflex,5002.0,Corliss Cosme,2017-03-23
8477482V,Gogozoom,5643.0,Darcel Schlecht,2017-06-28
84QGC91P,Singletechno,54.0,Maureen Marcano,2017-08-17
84SZ58S9,Iselectrics,1225.0,Daniell Hammack,2017-10-04
84T104O7,Warephase,1170.0,Darcel Schlecht,2017-04-25
84V18DBW,Finhigh,1216.0,Anna Snelling,2017-06-01
852ZZB90,Ron-tech,58.0,Anna Snelling,2017-06-02
856VG3CS,Plussunin,1100.0,Boris Faz,2017-09-28
8598PVIX,Groovestreet,53.0,Elease Gluck,2017-11-11
85LVQ6PB,Singletechno,1252.0,Markita Hansen,2017-12-15
86GSJWQW,Golddex,54.0,Rosalina Dieter,2017-11-30
87G25M68,Cheers,5285.0,James Ascencio,2017-12-28
87KZX1UX,Codehow,1179.0,Darcel Schlecht,2017-11-25
87MEZS8G,Conecom,4311.0,Darcel Schlecht,2017-05-13
87TZLMU7,Kan-code,3854.0,Maureen Marcano,2017-12-25
87XTACKH,Bioholding,1137.0,Jonathan Berthelot,2017-05-26
88KUDE6J,Acme Corporation,5366.0,Donn Cantrell,2017-05-30
88R4UBAN,Bluth Company,562.0,Corliss Cosme,2017-05-06
8977L373,Mathtouch,4011.0,Wilburn Farren,2017-11-19
897MKBP9,Cancity,64.0,Jonathan Berthelot,2017-12-18
89MUGU6K,Bluth Company,4881.0,Rosie Papadopoulos,2017-11-30
8A1EB728,J-Texon,54.0,Rosalina Dieter,2017-12-16
8AK1G9IT,Kan-code,5526.0,Hayden Neloms,2017-11-08
8AKZH8QS,Zotware,1259.0,Boris Faz,2017-12-17
8ARRIREI,Warephase,5669.0,Darcel Schlecht,2017-12-09
8B29CRQL,Donware,60.0,Violet Mclelland,2017-05-19
8BGC94TT,Kan-code,5316.0,Maureen Marcano,2017-11-17
8BP0QGNP,Zencorporation,578.0,Cassey Cress,2017-11-16
8BQMFR86,Betasoloin,4974.0,Corliss Cosme,2017-03-30
8BY9YRL9,dambase,5991.0,Jonathan Berthelot,2017-06-26
8C4QM1X6,Codehow,565.0,Gladys Colclough,2017-06-04
8CUN8O4Z,Y-corporation,500.0,Kary Hendrixson,2017-04-30
8DDC9RLE,J-Texon,4110.0,Vicki Laflamme,2017-12-15
8DPUST4Y,Codehow,5987.0,Darcel Schlecht,2017-11-19
8EF4D82U,Mathtouch,3834.0,Boris Faz,2017-09-14
8F7VHV02,Finjob,446.0,Kami Bicknell,2017-12-22
8FULX0EA,Funholding,62.0,Versie Hillebrand,2017-11-02
8FX574BJ,Scotfind,4264.0,Vicki Laflamme,2017-07-03
8FXUNDUS,Hottechi,3982.0,Moses Frase,2017-05-26
8FZ7CWPP,Isdom,61.0,Versie Hillebrand,2017-09-11
8G2OTKLL,Mathtouch,66.0,Violet Mclelland,2017-09-27
8G9Q7NXD,Kan-code,51.0,Rosie Papadopoulos,2017-08-09
8GMDSXYY,Kan-code,3181.0,Markita Hansen,2017-04-06
8H0UQYXW,Kan-code,3972.0,James Ascencio,2017-11-07
8H19L55Y,Streethex,4162.0,Darcel Schlecht,2017-07-07
8H1VRXAK,Umbrella Corporation,536.0,Daniell Hammack,2017-09-15
8H95X3AP,Iselectrics,5293.0,Boris Faz,2017-04-24
8I4915WD,Lexiqvolax,805.0,Maureen Marcano,2017-09-02
8IEVY30X,Ontomedia,1088.0,Boris Faz,2017-04-14
8IGYTN3H,Yearin,54.0,Reed Clapper,2017-07-17
8IJOC37Z,Hottechi,424.0,Kary Hendrixson,2017-06-28
8INCUUGJ,Plexzap,452.0,Elease Gluck,2017-06-22
8IOAX81S,Domzoom,965.0,Marty Freudenburg,2017-08-07
8IXBS90G,Donware,60.0,Rosie Papadopoulos,2017-03-08
8JR8LXEU,Betatech,53.0,Gladys Colclough,2017-11-05
8JS4BWQ7,Streethex,615.0,Gladys Colclough,2017-03-24
8K1OGB0R,Bubba Gump,4634.0,Violet Mclelland,2017-05-16
8KH8XJRE,Donquadtech,53.0,Garret Kinder,2017-05-01
8KJ3H262,Singletechno,65.0,Elease Gluck,2017-03-07
8KJZJFJ1,Initech,537.0,Reed Clapper,2017-03-03
8KQH5XI1,Newex,54.0,Elease Gluck,2017-09-05
8L1ZHTPL,Globex Corporation,1020.0,Moses Frase,2017-06-01
8L5WBK75,Dalttechnology,4955.0,Kary Hendrixson,2017-03-30
8LPO6YCO,Betatech,3542.0,Marty Freudenburg,2017-05-07
8M6TB2ZX,Goodsilron,5013.0,James Ascencio,2017-07-21
8MKXIQQK,Zencorporation,5388.0,Daniell Hammack,2017-06-21
8MQPNCCU,Ganjaflex,486.0,Donn Cantrell,2017-11-09
8N3GXBI5,Funholding,1148.0,Jonathan Berthelot,2017-12-01
8NKLCSES,Toughzap,1115.0,Marty Freudenburg,2017-06-18
8NMPO9K3,Conecom,582.0,Lajuana Vencill,2017-05-10
8O3IYWSM,Globex Corporation,513.0,Jonathan Berthelot,2017-05-17
8O9V7UOZ,Rundofase,65.0,Anna Snelling,2017-03-01
8OBC9CQE,Singletechno,3254.0,Kami Bicknell,2017-03-26
8OMML4E8,Lexiqvolax,555.0,Vicki Laflamme,2017-09-16
8PEB9FHX,Goodsilron,54.0,James Ascencio,2017-10-18
8PGDRAH2,Umbrella Corporation,555.0,Reed Clapper,2017-04-19
8PHJ7N4E,Domzoom,5214.0,Darcel Schlecht,2017-05-15
8PU9FIQS,Domzoom,3657.0,Marty Freudenburg,2017-07-11
8PUH80YZ,Bubba Gump,511.0,Cassey Cress,2017-08-21
8QH99OEZ,Inity,1051.0,Jonathan Berthelot,2017-09-13
8QOUXQEV,Betatech,560.0,Anna Snelling,2017-09-27
8RF8XVYF,Conecom,589.0,Versie Hillebrand,2017-05-10
8RIKWACO,Zathunicon,491.0,Corliss Cosme,2017-05-27
8RVTZBQO,Dontechi,3148.0,Cecily Lampkin,2017-10-10
8RZ1A49O,Bioholding,54.0,Cecily Lampkin,2017-03-31
8S6TNXYB,Conecom,3952.0,Darcel Schlecht,2017-03-22
8S7IAR2D,Rangreen,571.0,Marty Freudenburg,2017-09-25
8SGMUWET,Goodsilron,534.0,Vicki Laflamme,2017-09-29
8SIG4C8X,Donquadtech,5223.0,Boris Faz,2017-06-06
8T9ANK4E,Warephase,550.0,Marty Freudenburg,2017-12-24
8THGVJ52,Singletechno,5655.0,Maureen Marcano,2017-11-06
8TTFFCIK,Warephase,3468.0,Lajuana Vencill,2017-06-17
8U0BUWUQ,Plussunin,1176.0,Reed Clapper,2017-12-14
8U3LICIW,Hottechi,563.0,Vicki Laflamme,2017-12-10
8U5GBXK1,Genco Pura Olive Oil Company,3427.0,Cecily Lampkin,2017-09-15
8U9DLK26,Nam-zim,4913.0,Maureen Marcano,2017-07-31
8UCQBI6J,Cancity,4172.0,Marty Freudenburg,2017-07-29
8UU0I29V,Fasehatice,504.0,Elease Gluck,2017-10-28
8V3XDZ0D,Inity,528.0,Lajuana Vencill,2017-11-21
8V4PEF5D,Funholding,51.0,Moses Frase,2017-06-25
8VG88HMH,Konex,4762.0,Daniell Hammack,2017-06-28
8VKD2CCH,Massive Dynamic,4829.0,Rosie Papadopoulos,2017-03-21
8W206MO5,Mathtouch,4908.0,Garret Kinder,2017-06-12
8W35TVOQ,Faxquote,2918.0,Hayden Neloms,2017-12-02
8W464DG6,Zencorporation,5787.0,Corliss Cosme,2017-04-30
8W9YXI59,Cancity,59.0,Anna Snelling,2017-11-26
8X890G2T,Globex Corporation,55.0,Anna Snelling,2017-06-23
8ZIX3LAF,Newex,3023.0,Vicki Laflamme,2017-10-09
8ZU8D508,Faxquote,545.0,James Ascencio,2017-05-29
8ZYPSX66,Newex,572.0,Maureen Marcano,2017-04-28
8ZYVKQ27,Statholdings,5154.0,Cecily Lampkin,2017-06-26
904203D6,Dontechi,59.0,Moses Frase,2017-03-29
90D20NZU,Inity,4880.0,Darcel Schlecht,2017-11-24
90K2ZTKB,Xx-holding,58.0,Rosalina Dieter,2017-09-11
910IXBKP,Lexiqvolax,551.0,Kami Bicknell,2017-06-22
913RPKAD,Sumace,4839.0,Cassey Cress,2017-05-24
91M6FY8S,Dontechi,573.0,Moses Frase,2017-03-21
921APYA3,Lexiqvolax,1192.0,Markita Hansen,2017-12-25
92IDH7MB,Scottech,58.0,Anna Snelling,2017-11-21
9328IHHL,Bluth Company,3589.0,Wilburn Farren,2017-05-18
933OT3AE,Ron-tech,3475.0,Darcel Schlecht,2017-10-14
937CNF5D,Condax,4682.0,Garret Kinder,2017-07-14
93AE6QM4,Hatfan,881.0,Hayden Neloms,2017-10-15
93AGN8A6,Zoomit,576.0,Markita Hansen,2017-03-13
93JCG10L,Dalttechnology,4168.0,Zane Levy,2017-04-12
93OFIHMF,Fasehatice,4527.0,James Ascencio,2017-12-05
93X2W24Q,Betatech,3666.0,Anna Snelling,2017-06-02
941E65Z7,Plusstrip,4552.0,Vicki Laflamme,2017-10-12
941SDVVZ,Hottechi,5357.0,Darcel Schlecht,2017-10-02
944H7LRC,Sonron,4673.0,Vicki Laflamme,2017-07-27
94B4785B,Plussunin,3655.0,Donn Cantrell,2017-04-15
94GCWI08,dambase,4650.0,Darcel Schlecht,2017-06-12
94GI0ZJ7,Stanredtax,5765.0,Anna Snelling,2017-03-15
94JT388Y,The New York Inquirer,4520.0,Corliss Cosme,2017-09-01
94P229FH,Dontechi,52.0,Lajuana Vencill,2017-12-30
94TA0AWF,Scottech,5217.0,Marty Freudenburg,2017-08-26
95532CI0,Hatfan,4815.0,Markita Hansen,2017-06-02
95B6AKI1,Warephase,839.0,Marty Freudenburg,2017-07-02
95V8BLR2,Goodsilron,519.0,Kami Bicknell,2017-09-22
965CJ4YG,Toughzap,4079.0,Darcel Schlecht,2017-12-03
96A1GDXO,Kan-code,5601.0,Reed Clapper,2017-08-01
96MOALT0,Konex,573.0,Kary Hendrixson,2017-08-18
96MZYUY0,Fasehatice,4906.0,Vicki Laflamme,2017-03-07
974QGNBZ,Genco Pura Olive Oil Company,3604.0,Marty Freudenburg,2017-05-24
97KFQSX1,Scotfind,3351.0,Elease Gluck,2017-05-09
97QHOOWD,Y-corporation,538.0,Kary Hendrixson,2017-03-27
97UN20YY,Conecom,3725.0,Darcel Schlecht,2017-03-14
9824T94P,Mathtouch,5159.0,Violet Mclelland,2017-07-09
984H5OG0,Finhigh,54.0,Versie Hillebrand,2017-12-04
9868N4GB,Xx-zobam,3595.0,Donn Cantrell,2017-12-14
98MASV7P,Xx-zobam,4933.0,Reed Clapper,2017-08-12
98R4AZA8,Plexzap,566.0,Kary Hendrixson,2017-12-17
9924I5ZF,Betatech,5728.0,Cecily Lampkin,2017-05-25
99AAJPQN,Condax,58.0,Anna Snelling,2017-06-15
99L2TNR5,Hottechi,3339.0,Gladys Colclough,2017-08-24
99QIJAAP,Opentech,61.0,Reed Clapper,2017-04-27
9AMJKJX6,Inity,579.0,Jonathan Berthelot,2017-05-31
9AOPLD0O,Umbrella Corporation,3002.0,Rosie Papadopoulos,2017-10-11
9B8SPYAF,Doncon,552.0,Kami Bicknell,2017-04-24
9B9VDAFU,Warephase,4631.0,Gladys Colclough,2017-07-18
9BMWYLQV,Scotfind,62.0,Zane Levy,2017-11-17
9BTSKY01,Inity,60.0,Lajuana Vencill,2017-09-19
9BXXDYH9,Groovestreet,45.0,Markita Hansen,2017-08-18
9BZBU2GY,Plusstrip,5091.0,Maureen Marcano,2017-12-31
9CE6F4NZ,Plusstrip,431.0,Kary Hendrixson,2017-08-27
9CQ6TMET,Dalttechnology,42.0,Kami Bicknell,2017-07-11
9D06AK8T,Kan-code,1045.0,Markita Hansen,2017-08-10
9DDHZUZB,Konex,600.0,Vicki Laflamme,2017-06-08
9DEDEQ5O,Green-Plus,4477.0,Vicki Laflamme,2017-09-14
9E3H6ONP,Lexiqvolax,6932.0,James Ascencio,2017-11-25
9E3UNPHY,Newex,3836.0,Markita Hansen,2017-12-25
9EGLQG3N,Zumgoity,640.0,Gladys Colclough,2017-12-14
9EHFBSBG,Konex,4751.0,Garret Kinder,2017-10-25
9EICLJHY,Sunnamplex,63.0,Rosalina Dieter,2017-11-17
9F2MDA5R,Finjob,3197.0,Hayden Neloms,2017-09-25
9F407X6U,Konex,49.0,Rosalina Dieter,2017-12-02
9FE75D1D,Scotfind,4722.0,Markita Hansen,2017-11-16
9FH4OP4U,Faxquote,5312.0,Kary Hendrixson,2017-08-04
9FWCMMM3,Hottechi,3661.0,Vicki Laflamme,2017-04-29
9G93P7SV,Kan-code,3593.0,Donn Cantrell,2017-09-30
9GENDMWA,Betasoloin,603.0,Corliss Cosme,2017-05-25
9GOWJ93R,Domzoom,2572.0,Darcel Schlecht,2017-09-03
9GQ6HQLK,Inity,1143.0,Gladys Colclough,2017-09-20
9HKP3RBS,Konex,513.0,Rosie Papadopoulos,2017-08-04
9HXSC391,Vehement Capital Partners,3087.0,Cassey Cress,2017-05-22
9JKODCAU,Rundofase,54.0,Anna Snelling,2017-06-22
9KJ89VHI,J-Texon,525.0,Kary Hendrixson,2017-09-01
9KV5GM4U,Sonron,430.0,Vicki Laflamme,2017-11-06
9KYX5G9K,Domzoom,4766.0,Niesha Huffines,2017-07-01
9LFX3HBC,Lexiqvolax,3333.0,Elease Gluck,2017-03-25
9LJAADWH,Fasehatice,430.0,Kary Hendrixson,2017-11-08
9LX9MAPU,Mathtouch,941.0,Violet Mclelland,2017-04-01
9M88QXFW,Vehement Capital Partners,5574.0,Rosie Papadopoulos,2017-12-29
9ME3374G,J-Texon,57.0,Vicki Laflamme,2017-03-02
9N55D1AH,Treequote,3841.0,Niesha Huffines,2017-03-02
9N66Q1VO,Rangreen,4888.0,Darcel Schlecht,2017-09-23
9NTDQ8ZC,Funholding,566.0,Lajuana Vencill,2017-08-17
9OLYBVNE,Scotfind,1220.0,Zane Levy,2017-06-02
9OLZU3WB,Condax,47.0,Cecily Lampkin,2017-09-23
9P026O47,Warephase,50.0,Versie Hillebrand,2017-05-27
9PG07FPP,Treequote,520.0,Darcel Schlecht,2017-11-11
9Q2SYGPP,Bluth Company,1097.0,Daniell Hammack,2017-08-10
9Q710H4R,Inity,1200.0,Cecily Lampkin,2017-10-20
9QX62IL2,Finjob,544.0,Elease Gluck,2017-10-29
9R8JWY3J,Vehement Capital Partners,4998.0,Donn Cantrell,2017-03-03
9RGQ8HED,Zotware,54.0,Garret Kinder,2017-12-29
9RLSCMM9,Condax,53.0,Rosalina Dieter,2017-08-30
9RQ8FZYQ,Zotware,4023.0,Boris Faz,2017-09-04
9S7VQ79A,Goodsilron,1084.0,Zane Levy,2017-03-30
9S8E95EI,Condax,4598.0,Darcel Schlecht,2017-09-18
9SBO74M5,Genco Pura Olive Oil Company,3139.0,Cecily Lampkin,2017-08-10
9SLYC4TR,Cancity,56.0,Gladys Colclough,2017-03-09
9SRU5CI6,Codehow,1128.0,Cecily Lampkin,2017-08-09
9SU2A73Y,Betatech,585.0,Jonathan Berthelot,2017-09-18
9SZTURAF,Initech,892.0,Daniell Hammack,2017-08-17
9T954T67,Green-Plus,514.0,Elease Gluck,2017-07-29
9TRVSW35,Condax,57.0,Maureen Marcano,2017-08-19
9U6RAS0M,Umbrella Corporation,538.0,Cassey Cress,2017-03-31
9UBU6UW4,Genco Pura Olive Oil Company,59.0,Versie Hillebrand,2017-09-29
9UO306XU,Conecom,5347.0,Darcel Schlecht,2017-07-26
9VF00HWL,Xx-zobam,515.0,Corliss Cosme,2017-08-12
9WISPXZW,Konex,562.0,Reed Clapper,2017-06-12
9WMU7YHD,Mathtouch,53.0,Cassey Cress,2017-03-03
9WUYZLBE,Nam-zim,64.0,Zane Levy,2017-12-15
9WZ3I1TF,Umbrella Corporation,4867.0,Rosie Papadopoulos,2017-05-09
9X6V79KE,Isdom,6282.0,Versie Hillebrand,2017-03-25
9XF2B7RS,Fasehatice,675.0,Kami Bicknell,2017-09-28
9XGT3451,Rangreen,505.0,Lajuana Vencill,2017-08-02
9XV6GX8D,Cheers,605.0,Zane Levy,2017-06-07
9Y2HDGST,Dontechi,462.0,Versie Hillebrand,2017-07-02
9Y3JDP1B,Labdrill,2560.0,Kami Bicknell,2017-06-19
9YVTJF6C,Rantouch,1108.0,Zane Levy,2017-10-08
9ZDFLOKA,Green-Plus,48.0,Maureen Marcano,2017-04-07
9ZKORPL2,Initech,45.0,Violet Mclelland,2017-05-09
A051G1B4,Codehow,517.0,Jonathan Berthelot,2017-03-31
A0ANOYPF,Ron-tech,4891.0,Darcel Schlecht,2017-03-09
A0FVQ8KO,Labdrill,575.0,Kary Hendrixson,2017-10-27
A0Z6FYRO,Conecom,530.0,Jonathan Berthelot,2017-09-19
A1WZEK7U,Kan-code,3558.0,Reed Clapper,2017-06-03
A2C5O4EN,Doncon,529.0,Kary Hendrixson,2017-04-29
A2G8VYZY,Globex Corporation,1247.0,Darcel Schlecht,2017-03-17
A2OLLGWZ,Rangreen,49.0,Versie Hillebrand,2017-12-14
A2PTJA6G,Plussunin,3494.0,Reed Clapper,2017-12-08
A30VAQHM,Inity,58.0,Anna Snelling,2017-11-21
A3BK99P6,Kan-code,2923.0,Cassey Cress,2017-03-17
A3D8MRDX,Dontechi,4280.0,Niesha Huffines,2017-05-12
A3GVFKYP,Dalttechnology,5113.0,Zane Levy,2017-06-27
A3I4JHP0,Konex,1189.0,Daniell Hammack,2017-08-06
A3JRUDX3,Plusstrip,3514.0,Hayden Neloms,2017-11-27
A3OROHUS,Globex Corporation,4270.0,Darcel Schlecht,2017-08-14
A3PNPLTG,Cheers,575.0,Kami Bicknell,2017-05-16
A4BBDK82,Gogozoom,585.0,Jonathan Berthelot,2017-03-28
A4CVM3PM,Opentech,5069.0,Corliss Cosme,2017-12-27
A4H5ESTU,Fasehatice,1185.0,Maureen Marcano,2017-03-13
A4LUP6W6,Zotware,586.0,Cassey Cress,2017-05-22
A50JWKFS,Streethex,1001.0,Cecily Lampkin,2017-09-25
A5IABHP1,Bioplex,5275.0,Boris Faz,2017-10-28
A60QAIT3,Kan-code,1291.0,Daniell Hammack,2017-09-28
A62JDGQK,Bubba Gump,4942.0,Daniell Hammack,2017-10-05
A66X4Q2J,Konmatfix,54.0,Versie Hillebrand,2017-05-01
A6Y1V5Z0,Zotware,4426.0,Garret Kinder,2017-06-04
A76M0OOH,Zathunicon,978.0,Reed Clapper,2017-03-28
A7F5O29R,Zoomit,3718.0,Vicki Laflamme,2017-08-03
A7YPY8KI,Fasehatice,53.0,Elease Gluck,2017-08-21
A82DG6R5,Kan-code,5782.0,Kary Hendrixson,2017-05-04
A9C9YCSN,Rangreen,53.0,Darcel Schlecht,2017-04-09
A9Q7ERA4,Finhigh,5333.0,Darcel Schlecht,2017-07-04
AAEUN73V,Cancity,5570.0,Darcel Schlecht,2017-05-26
AAFPTXEB,Treequote,58.0,Anna Snelling,2017-11-08
AALARPLH,Goodsilron,2970.0,Vicki Laflamme,2017-03-13
AAR79NOO,Codehow,51.0,Versie Hillebrand,2017-03-11
AAU2IQFW,Donquadtech,995.0,Wilburn Farren,2017-08-05
AAUTJ747,Warephase,5220.0,Darcel Schlecht,2017-12-11
AAVJHH3M,Green-Plus,5532.0,Zane Levy,2017-06-06
ABMOVF1A,Toughzap,66.0,Anna Snelling,2017-09-30
ABRQIWS9,Statholdings,555.0,Versie Hillebrand,2017-08-24
AC5YXLIR,Faxquote,60.0,Kary Hendrixson,2017-03-30
ACOJBA02,Finhigh,4813.0,Versie Hillebrand,2017-07-01
ACZQMAR4,Rantouch,3615.0,Vicki Laflamme,2017-07-07
ADRB8OMB,Warephase,561.0,Darcel Schlecht,2017-03-26
ADS3CQ4B,Finjob,50.0,Rosalina Dieter,2017-11-27
AE306TJU,Umbrella Corporation,54.0,Corliss Cosme,2017-09-17
AEBF9M5T,Ron-tech,489.0,Lajuana Vencill,2017-03-30
AEMGFUYH,Plexzap,4428.0,Kary Hendrixson,2017-07-26
AEMTQ0GH,Faxquote,43.0,Elease Gluck,2017-04-28
AETY0W6G,Betasoloin,4859.0,Reed Clapper,2017-05-08
AEZIAPTN,Betatech,4833.0,Darcel Schlecht,2017-11-14
AF8SULB0,Rangreen,1168.0,Cecily Lampkin,2017-10-26
AG0H8IAZ,Sonron,510.0,Markita Hansen,2017-09-23
AH58AQ3B,Toughzap,541.0,Cecily Lampkin,2017-07-24
AHIDE6VS,Kan-code,540.0,Donn Cantrell,2017-07-12
AHOYDL01,Dalttechnology,6637.0,Zane Levy,2017-10-23
AHUTOSMS,Genco Pura Olive Oil Company,4772.0,Darcel Schlecht,2017-07-31
AIAX4W1O,Treequote,5322.0,Darcel Schlecht,2017-09-10
AIBZQM42,Kinnamplus,1224.0,Daniell Hammack,2017-11-20
AILF7GOP,Umbrella Corporation,3399.0,Cassey Cress,2017-09-30
AIU1UWJZ,Zotware,4498.0,Corliss Cosme,2017-08-22
AJKE7ACY,Kinnamplus,50.0,Violet Mclelland,2017-10-11
AJLNEUVY,Funholding,2871.0,Versie Hillebrand,2017-03-27
AJQC76NI,Doncon,4655.0,Zane Levy,2017-08-26
AK2LRFXF,Singletechno,61.0,Vicki Laflamme,2017-03-11
AKBRVLRZ,Globex Corporation,63.0,Versie Hillebrand,2017-09-14
AKC9GNVA,Umbrella Corporation,5868.0,Corliss Cosme,2017-11-09
AKFNIQR0,Scottech,4564.0,Darcel Schlecht,2017-06-30
AKT5EF0X,Donware,572.0,Reed Clapper,2017-08-04
AKXBF6IQ,Gogozoom,54.0,Versie Hillebrand,2017-06-09
AL554AUI,Xx-zobam,640.0,Donn Cantrell,2017-05-26
ALMZ6ZUI,Genco Pura Olive Oil Company,537.0,Lajuana Vencill,2017-07-29
ALQRAPZR,Green-Plus,923.0,Markita Hansen,2017-06-16
AM5J5QPK,Scotfind,4449.0,Kami Bicknell,2017-04-06
AM5YTMH3,Kan-code,1053.0,Boris Faz,2017-03-10
AMCOSQZC,Warephase,5192.0,Darcel Schlecht,2017-12-18
AMX2BM39,Kan-code,3546.0,Kary Hendrixson,2017-04-23
ANNUH4KM,Domzoom,556.0,Darcel Schlecht,2017-11-20
ANXSK3QV,Hottechi,59.0,Vicki Laflamme,2017-04-20
ANZJNT1Q,Rundofase,1104.0,Darcel Schlecht,2017-08-25
AOIM2Y7M,Zotware,3858.0,Donn Cantrell,2017-10-05
AOOFHH6F,Scotfind,60.0,Markita Hansen,2017-05-18
AOZKTGZG,Singletechno,608.0,Elease Gluck,2017-08-22
AP3405RD,Dontechi,57.0,Cecily Lampkin,2017-05-16
AP7PCLAZ,Finjob,633.0,Kami Bicknell,2017-03-26
AP9MLRZJ,Initech,4501.0,Corliss Cosme,2017-12-20
APWT2PFU,Blackzim,59.0,Rosalina Dieter,2017-04-30
AQFXE1TA,Konex,4662.0,Donn Cantrell,2017-09-15
AQH7ORZZ,Bluth Company,62.0,Reed Clapper,2017-12-18
AR2T4LAR,Scottech,4432.0,Darcel Schlecht,2017-08-22
AR35V2L2,Sumace,558.0,Garret Kinder,2017-09-13
AS3IYIRO,Hottechi,543.0,Anna Snelling,2017-12-26
ASC1OWNE,Stanredtax,6250.0,Anna Snelling,2017-09-12
ASK5U1TD,Zathunicon,1231.0,Donn Cantrell,2017-11-22
ASL3FJZP,Faxquote,3523.0,Kami Bicknell,2017-04-07
ASVOOKMY,Zathunicon,524.0,Corliss Cosme,2017-09-03
ASW97JK3,Globex Corporation,4709.0,Darcel Schlecht,2017-06-29
AT3MMVIS,The New York Inquirer,3045.0,Wilburn Farren,2017-03-07
AU1OZUN8,Sonron,56.0,Elease Gluck,2017-11-02
AU5Q1XCW,Faxquote,3104.0,Vicki Laflamme,2017-09-09
AUDYTWRK,Hottechi,950.0,Maureen Marcano,2017-06-26
AUEAKRQV,Toughzap,5055.0,Marty Freudenburg,2017-09-19
AUJE7IZR,Hottechi,1075.0,Maureen Marcano,2017-12-26
AUPXRV8O,Ron-tech,1300.0,Darcel Schlecht,2017-09-05
AUS25SFH,Cancity,504.0,Jonathan Berthelot,2017-07-03
AUZM3MLU,Betatech,1071.0,Darcel Schlecht,2017-09-18
AV4ZPXE3,Doncon,4253.0,Zane Levy,2017-04-03
AVNVFAIR,Fasehatice,959.0,Vicki Laflamme,2017-08-25
AW1U6QKR,Konex,55.0,Donn Cantrell,2017-07-14
AWFSNZ2U,Singletechno,1091.0,Zane Levy,2017-12-01
AX63HIS9,Kan-code,4611.0,Reed Clapper,2017-08-23
AX7WS66G,Toughzap,617.0,Jonathan Berthelot,2017-07-24
AXHNVQPQ,Golddex,4573.0,Vicki Laflamme,2017-09-08
AYB7DWUH,Opentech,5805.0,Rosie Papadopoulos,2017-04-20
AZH0INTS,Singletechno,4987.0,Elease Gluck,2017-03-13
B00OD1IF,Zoomit,1106.0,Kami Bicknell,2017-07-23
B0KF3NFK,Rundofase,62.0,Versie Hillebrand,2017-04-18
B0MOQZVN,Sonron,579.0,Vicki Laflamme,2017-05-14
B0XO4WY7,Massive Dynamic,553.0,Donn Cantrell,2017-07-02
B24YQ6LA,Zotware,552.0,Garret Kinder,2017-10-10
B2VJCVBB,Isdom,4711.0,Darcel Schlecht,2017-03-13
B4UIGJRX,Dontechi,1089.0,Lajuana Vencill,2017-07-30
B50N6RL3,Genco Pura Olive Oil Company,3494.0,Gladys Colclough,2017-12-30
B5CBSTM5,Golddex,3550.0,Kary Hendrixson,2017-03-29
B5OXRZTT,Kan-code,530.0,Zane Levy,2017-11-25
B5WZQP1F,Zoomit,5540.0,Markita Hansen,2017-11-28
B6B0PNR2,Dalttechnology,4899.0,Vicki Laflamme,2017-03-05
B6CHA7CX,Blackzim,58.0,Hayden Neloms,2017-12-14
B6F9PSRN,Lexiqvolax,4689.0,Maureen Marcano,2017-08-07
B6L071P2,Lexiqvolax,948.0,Kary Hendrixson,2017-11-13
B6UWHOD4,Stanredtax,60.0,Versie Hillebrand,2017-04-02
B7BT5DB8,Dalttechnology,51.0,Vicki Laflamme,2017-11-29
B7Q6Q7S2,Dalttechnology,1101.0,Markita Hansen,2017-08-16
B85LVFR1,Mathtouch,5363.0,Reed Clapper,2017-04-05
B894QWQM,Kan-code,5360.0,Garret Kinder,2017-10-29
B8E0UUZR,Rangreen,4829.0,Darcel Schlecht,2017-03-22
B8TD9HCN,Kinnamplus,3172.0,Violet Mclelland,2017-07-11
B9KFRY53,Rangreen,1132.0,Darcel Schlecht,2017-10-10
BADC6A9H,Globex Corporation,516.0,Darcel Schlecht,2017-03-23
BAN0BVHW,Yearin,4462.0,Donn Cantrell,2017-08-05
BAOSO1I2,Faxquote,516.0,Kary Hendrixson,2017-05-02
BBC3JB3H,Isdom,622.0,Anna Snelling,2017-03-08
BC53PQMQ,Sumace,5480.0,Donn Cantrell,2017-07-31
BCUR8B2A,Inity,491.0,Niesha Huffines,2017-06-06
BEKQZ411,Inity,58.0,Moses Frase,2017-08-31
BEP06EN5,Statholdings,5082.0,Anna Snelling,2017-04-16
BEQIZZ7W,Codehow,1217.0,Darcel Schlecht,2017-03-04
BFB6C54U,Condax,4673.0,Kary Hendrixson,2017-12-01
BFH34LVO,Faxquote,458.0,Zane Levy,2017-11-26
BG2656VA,Konex,5684.0,Corliss Cosme,2017-04-15
BGNB966A,Mathtouch,4766.0,Boris Faz,2017-03-13
BGQ2F0HA,Domzoom,586.0,Jonathan Berthelot,2017-05-13
BGU0JJ9X,Scottech,1081.0,Marty Freudenburg,2017-06-30
BGY307FC,Ganjaflex,5695.0,Donn Cantrell,2017-08-11
BH7EXL5M,Isdom,5115.0,Gladys Colclough,2017-06-23
BHT7UEDJ,Zathunicon,553.0,Cassey Cress,2017-04-19
BHV4K3VV,Y-corporation,549.0,Kary Hendrixson,2017-05-25
BI36TLO5,Bubba Gump,4154.0,Reed Clapper,2017-12-06
BICJY3FZ,Streethex,6049.0,Jonathan Berthelot,2017-11-19
BIE471SO,Xx-zobam,3962.0,Reed Clapper,2017-03-29
BIH4D0JL,Blackzim,557.0,Kami Bicknell,2017-08-23
BJLJV8XE,Condax,4578.0,Marty Freudenburg,2017-12-15
BK85705L,Labdrill,595.0,Vicki Laflamme,2017-06-10
BL23633Z,Konmatfix,3830.0,Gladys Colclough,2017-11-25
BLFMYCVF,Goodsilron,57.0,Markita Hansen,2017-08-19
BLY5FD3N,Iselectrics,5640.0,Corliss Cosme,2017-07-01
BMQEY089,Scottech,1203.0,Darcel Schlecht,2017-09-16
BMQYRJC7,Codehow,5543.0,Anna Snelling,2017-12-16
BNIU5YZ2,Toughzap,1006.0,Marty Freudenburg,2017-08-07
BNMJAOF4,Gogozoom,469.0,Niesha Huffines,2017-09-28
BNYWSG6W,Hottechi,3598.0,Gladys Colclough,2017-09-13
BO1GBSM0,Blackzim,5004.0,James Ascencio,2017-10-11
BO8DSRV7,Xx-holding,1027.0,Vicki Laflamme,2017-09-23
BOG3D6D7,Umbrella Corporation,5137.0,Corliss Cosme,2017-07-19
BOHWQ1B3,Streethex,61.0,Lajuana Vencill,2017-09-07
BOJSLNDG,Singletechno,3388.0,Kami Bicknell,2017-03-11
BP3I9G0F,Konex,1105.0,Corliss Cosme,2017-10-21
BP45IP77,Betatech,53.0,Anna Snelling,2017-07-25
BP7JRV1O,Warephase,1184.0,Jonathan Berthelot,2017-06-05
BPCWRG9P,Plussunin,1310.0,Daniell Hammack,2017-04-20
BPUE8GTU,Rundofase,46.0,Moses Frase,2017-06-06
BR18O9U1,Ron-tech,1044.0,Marty Freudenburg,2017-07-28
BRGJCWO1,Hottechi,51.0,Niesha Huffines,2017-11-28
BRQRF65L,Donquadtech,462.0,Donn Cantrell,2017-03-02
BSQRXW4X,Plexzap,608.0,Zane Levy,2017-05-12
BSVZWUXR,Hottechi,56.0,Lajuana Vencill,2017-09-11
BTLXFPUB,Zathunicon,5343.0,Daniell Hammack,2017-06-12
BTNSR87A,Isdom,1149.0,Jonathan Berthelot,2017-07-01
BTT2TM8O,Warephase,3447.0,Gladys Colclough,2017-11-06
BTZ06Z6O,Ontomedia,1022.0,Boris Faz,2017-09-05
BU1B6PHK,Cheers,915.0,Kami Bicknell,2017-04-10
BUFF2EP5,Kinnamplus,5113.0,Daniell Hammack,2017-11-01
BUHR2X8U,Green-Plus,613.0,Kary Hendrixson,2017-12-30
BUJ1TX7Y,Finjob,1023.0,Maureen Marcano,2017-09-14
BUPUP2TV,Doncon,3438.0,Hayden Neloms,2017-06-04
BUQ655AB,Condax,4868.0,Gladys Colclough,2017-09-27
BUZMB3Q4,Finjob,59.0,Vicki Laflamme,2017-11-26
BVKAXY66,Konex,6069.0,Zane Levy,2017-08-20
BVOO33UA,Cheers,3397.0,Hayden Neloms,2017-06-28
BVYMJ6TD,Vehement Capital Partners,6117.0,Cassey Cress,2017-05-13
BXOIQHTS,Y-corporation,658.0,Zane Levy,2017-09-20
BY1TB6D2,Konex,4209.0,Markita Hansen,2017-07-28
BZCBQ514,Y-corporation,523.0,Markita Hansen,2017-03-01
BZNGP0DN,Massive Dynamic,53.0,Reed Clapper,2017-08-10
C09PGOZG,Kan-code,589.0,Kary Hendrixson,2017-12-04
C0H6SU2X,Groovestreet,954.0,Hayden Neloms,2017-12-20
C0LNV4PU,Finjob,585.0,Zane Levy,2017-12-04
C1M1RST0,Plexzap,4109.0,Zane Levy,2017-10-27
C205FMDE,Zencorporation,59.0,Corliss Cosme,2017-09-01
C20AVXN7,Gogozoom,4359.0,Darcel Schlecht,2017-03-14
C23N9DE9,Codehow,1108.0,Marty Freudenburg,2017-08-27
C2MKJA8V,Condax,4988.0,Zane Levy,2017-06-05
C2WEF4XH,Y-corporation,888.0,Maureen Marcano,2017-05-15
C2X9D7JO,Rantouch,1181.0,Maureen Marcano,2017-04-11
C334XDK8,Goodsilron,58.0,Hayden Neloms,2017-04-08
C35YI5NJ,Singletechno,4753.0,Markita Hansen,2017-12-25
C3KQJVDU,Acme Corporation,577.0,Corliss Cosme,2017-11-18
C3QK8M7F,Sonron,4423.0,Markita Hansen,2017-06-15
C48I5WD9,Warephase,3090.0,Moses Frase,2017-10-13
C4AFMVFM,Cheers,5616.0,James Ascencio,2017-03-06
C4CQ8FZL,Hottechi,53.0,Vicki Laflamme,2017-06-28
C4FEG98K,Inity,565.0,Darcel Schlecht,2017-06-14
C4KZVTYR,Gekko & Co,602.0,Donn Cantrell,2017-11-11
C54ZXDLT,Xx-zobam,4291.0,Garret Kinder,2017-03-18
C563WHG1,Betatech,6156.0,Lajuana Vencill,2017-10-11
C5IWM5VJ,The New York Inquirer,5618.0,Reed Clapper,2017-06-10
C5K2JP1H,Vehement Capital Partners,1014.0,Violet Mclelland,2017-03-11
C5XXGXUE,Toughzap,4201.0,Darcel Schlecht,2017-10-09
C5Z2806X,Iselectrics,5044.0,Reed Clapper,2017-12-28
C64JTLGO,Vehement Capital Partners,1101.0,Donn Cantrell,2017-05-06
C6F5DTFR,Dontechi,587.0,Niesha Huffines,2017-12-19
C75RV9DY,Ganjaflex,555.0,Reed Clapper,2017-07-16
C7DOYN5Y,Rangreen,585.0,Lajuana Vencill,2017-12-25
C7NBDKVV,Nam-zim,556.0,Zane Levy,2017-08-06
C7NW3JB2,Genco Pura Olive Oil Company,5223.0,Darcel Schlecht,2017-08-23
C7Y0UUIN,Goodsilron,5012.0,Markita Hansen,2017-05-27
C8SWZNON,Sumace,3717.0,Cassey Cress,2017-05-23
C933ZQBB,Cancity,5458.0,Darcel Schlecht,2017-10-23
C9M5B1N6,Nam-zim,3951.0,Kary Hendrixson,2017-09-13
C9O4E52T,Singletechno,4554.0,Kary Hendrixson,2017-08-06
C9XJ9KHD,Goodsilron,1096.0,Maureen Marcano,2017-06-22
CA3BRUJO,Konmatfix,1171.0,Marty Freudenburg,2017-07-25
CAAYFKK8,Singletechno,1056.0,James Ascencio,2017-06-04
CAF97SA2,Streethex,1060.0,Anna Snelling,2017-11-13
CAXTE48L,Cheers,3363.0,Hayden Neloms,2017-07-24
CB0NZYB2,Globex Corporation,623.0,Jonathan Berthelot,2017-09-08
CBAV8ZJL,Codehow,547.0,Lajuana Vencill,2017-03-22
CBIFB5BB,Kan-code,579.0,Kary Hendrixson,2017-07-17
CBTC7BHL,Scotfind,525.0,Vicki Laflamme,2017-05-04
CC2ICRAG,Rundofase,1087.0,Darcel Schlecht,2017-12-29
CCCQGBSY,Bluth Company,1284.0,Reed Clapper,2017-12-09
CCVCBR83,Hottechi,553.0,Jonathan Berthelot,2017-04-05
CDA8Y12G,Blackzim,61.0,Markita Hansen,2017-05-07
CDAMI76Z,Finhigh,5293.0,Darcel Schlecht,2017-09-10
CDGA1SD7,Streethex,4323.0,Darcel Schlecht,2017-09-12
CDKX2A19,Zumgoity,3669.0,Lajuana Vencill,2017-03-12
CDUIUYY2,Finhigh,3619.0,Moses Frase,2017-06-11
CEQ3J96G,Funholding,54.0,Anna Snelling,2017-08-04
CEWDZ3ZD,Scotfind,53.0,Kary Hendrixson,2017-08-10
CF1CSNPX,Kan-code,5140.0,Daniell Hammack,2017-03-31
CG4TWLUR,Bubba Gump,857.0,Corliss Cosme,2017-06-02
CG65AS6X,Xx-holding,4408.0,Vicki Laflamme,2017-03-29
CGCPVYNI,Isdom,523.0,Anna Snelling,2017-06-08
CHI2T3IH,Sunnamplex,3164.0,Kami Bicknell,2017-03-21
CI00UV0Y,Rundofase,4544.0,Darcel Schlecht,2017-07-05
CJ5U6GX3,Singletechno,3969.0,Markita Hansen,2017-03-15
CJOU1RYX,Betasoloin,5182.0,Daniell Hammack,2017-06-09
CJP7LWRK,Xx-holding,5078.0,Kary Hendrixson,2017-04-24
CK0MDHHM,Faxquote,3281.0,Hayden Neloms,2017-06-02
CKDPWHTZ,Genco Pura Olive Oil Company,563.0,Moses Frase,2017-07-28
CKLYIFLY,Singletechno,589.0,Kary Hendrixson,2017-05-11
CLHPJZHP,J-Texon,4552.0,Hayden Neloms,2017-10-25
CLIIR1T0,Finjob,57.0,Zane Levy,2017-07-25
CM2GVLV6,Ron-tech,5536.0,Darcel Schlecht,2017-07-08
CM5MFWCO,Codehow,63.0,Moses Frase,2017-09-10
CMCVD0N8,Warephase,5321.0,Darcel Schlecht,2017-07-08
CMD0758L,Faxquote,562.0,Maureen Marcano,2017-08-21
CMLYDJFN,Plexzap,490.0,Kami Bicknell,2017-08-11
CMXOTVL7,Conecom,3485.0,Jonathan Berthelot,2017-10-02
CN69EYQ1,Donquadtech,4905.0,Corliss Cosme,2017-09-11
CNAOGH7N,Sumace,4645.0,Boris Faz,2017-12-07
CNAQ6R7T,Bioholding,1086.0,Marty Freudenburg,2017-12-14
CNBN12RL,Treequote,49.0,Versie Hillebrand,2017-03-07
CNLE5EJ2,Konex,5378.0,Daniell Hammack,2017-10-05
CNO8JPLA,Condax,557.0,Niesha Huffines,2017-05-06
CO6ZPH1W,Umbrella Corporation,3986.0,Cassey Cress,2017-06-15
COGZW25D,Konex,861.0,Cassey Cress,2017-07-16
COTHR6F7,Sunnamplex,4595.0,Zane Levy,2017-05-22
COWC9H9T,Groovestreet,1171.0,Markita Hansen,2017-03-31
CP3JY4PE,Groovestreet,3728.0,Hayden Neloms,2017-09-14
CPC83NKN,Conecom,1047.0,Niesha Huffines,2017-12-24
CPGCT81C,Dalttechnology,499.0,Maureen Marcano,2017-03-06
CPJAA632,Xx-zobam,3273.0,Reed Clapper,2017-05-15
CPK36NED,Streethex,3367.0,Marty Freudenburg,2017-08-02
CPL37MZC,dambase,6026.0,Darcel Schlecht,2017-08-02
CPQ348W9,Isdom,458.0,Cecily Lampkin,2017-07-15
CPVW06O2,Bubba Gump,54.0,Boris Faz,2017-10-11
CPWTJ2WC,Finhigh,3236.0,Marty Freudenburg,2017-06-03
CQ8UELF8,Rangreen,5916.0,Marty Freudenburg,2017-11-14
CQDULMXS,Gekko & Co,607.0,Garret Kinder,2017-08-05
CQELCLO0,Zathunicon,1166.0,Donn Cantrell,2017-12-29
CQVDJR45,Scottech,5416.0,Darcel Schlecht,2017-06-12
CR20TBUT,Cheers,4855.0,Rosalina Dieter,2017-04-02
CRLK4Z1P,Kan-code,524.0,Maureen Marcano,2017-03-04
CRLWCEMY,Stanredtax,2807.0,Versie Hillebrand,2017-06-10
CRW2CCMB,Nam-zim,572.0,Markita Hansen,2017-06-05
CRWE8FRT,Initech,3404.0,Reed Clapper,2017-09-22
CRX91A45,Faxquote,586.0,Kary Hendrixson,2017-03-16
CSXOYE1C,Scottech,1133.0,Niesha Huffines,2017-11-20
CT9XECID,Zumgoity,3251.0,Versie Hillebrand,2017-04-01
CTM8WFGW,Streethex,6233.0,Marty Freudenburg,2017-10-23
CTZ5I5R5,Bioplex,5469.0,Cassey Cress,2017-12-05
CU7KT53A,Goodsilron,2941.0,Vicki Laflamme,2017-12-16
CUA83384,Scotfind,558.0,Kami Bicknell,2017-09-05
CUJIRCWV,Condax,51.0,Vicki Laflamme,2017-12-28
CUMYWQYP,Gekko & Co,56.0,Violet Mclelland,2017-09-30
CUR03RXO,Sonron,3689.0,Hayden Neloms,2017-06-14
CV0BDYMP,Fasehatice,62.0,Hayden Neloms,2017-09-29
CVGTFBZE,Cancity,3985.0,Darcel Schlecht,2017-08-02
CVKLHZEO,Genco Pura Olive Oil Company,455.0,Moses Frase,2017-05-13
CVPH0J04,Sunnamplex,4968.0,Markita Hansen,2017-06-26
CXAEFADQ,Singletechno,993.0,Kary Hendrixson,2017-12-20
CXE6ORIJ,Isdom,2763.0,Marty Freudenburg,2017-12-20
CYAL1N0B,Xx-holding,4882.0,Zane Levy,2017-10-15
CYOJ4G39,Isdom,5673.0,Darcel Schlecht,2017-07-19
CZ3XOD03,Acme Corporation,5772.0,Boris Faz,2017-05-11
CZF82O5B,Hottechi,3831.0,Cecily Lampkin,2017-05-27
CZVN09WN,Konmatfix,1170.0,Darcel Schlecht,2017-03-20
D00FIU21,Finhigh,457.0,Moses Frase,2017-12-11
D01U0UR8,Funholding,571.0,Darcel Schlecht,2017-06-17
D1ANNMSO,Rundofase,487.0,Lajuana Vencill,2017-11-19
D28ANNYX,Green-Plus,508.0,Kami Bicknell,2017-12-02
D30QC4EE,Rantouch,5063.0,Kary Hendrixson,2017-06-19
D3BO9JDM,Ron-tech,3975.0,Darcel Schlecht,2017-11-09
D3G7ER0D,Opentech,5414.0,Wilburn Farren,2017-05-01
D3HUUVPL,Mathtouch,5255.0,Daniell Hammack,2017-12-04
D3JR6WFQ,Umbrella Corporation,511.0,Boris Faz,2017-05-13
D3O1PCMO,Condax,3079.0,Niesha Huffines,2017-12-04
D3OST43E,Golddex,996.0,James Ascencio,2017-04-20
D40N5I9Y,Finhigh,4739.0,Darcel Schlecht,2017-03-08
D42GA3LC,Vehement Capital Partners,3440.0,Donn Cantrell,2017-08-11
D4ABG4I1,Rundofase,4356.0,Jonathan Berthelot,2017-11-10
D4Z6IL8W,Rundofase,616.0,Niesha Huffines,2017-06-05
D4ZMTQLE,Scottech,1013.0,Darcel Schlecht,2017-12-20
D5LEL3HF,Rangreen,2683.0,Darcel Schlecht,2017-09-09
D6CRJSEP,Zotware,983.0,Garret Kinder,2017-09-16
D6PFP040,dambase,5113.0,Darcel Schlecht,2017-09-05
D6T5MM04,Xx-holding,1035.0,Maureen Marcano,2017-06-22
D6U1NYBU,Umbrella Corporation,3113.0,Corliss Cosme,2017-11-18
D6XIVDQF,Codehow,5625.0,Jonathan Berthelot,2017-09-06
D7F2AWWW,Konex,3930.0,Garret Kinder,2017-04-23
D7JDQB12,Bioholding,2857.0,Lajuana Vencill,2017-09-23
D7MYDHMF,Conecom,657.0,Jonathan Berthelot,2017-04-29
D9CS7EIY,Ron-tech,1249.0,Anna Snelling,2017-12-12
D9LUG4D8,Plussunin,4237.0,Reed Clapper,2017-11-21
D9WBSJRC,Warephase,5007.0,Marty Freudenburg,2017-10-09
DA6LGJ66,Green-Plus,62.0,Rosalina Dieter,2017-06-19
DA7BZMMO,Cancity,3309.0,Versie Hillebrand,2017-12-12
DASMR0EK,Zoomit,5410.0,Markita Hansen,2017-03-10
DB3N4CHN,Hottechi,62.0,Versie Hillebrand,2017-03-17
DBDUMQQK,Inity,48.0,Niesha Huffines,2017-03-24
DC1E84LC,Umbrella Corporation,5209.0,Wilburn Farren,2017-12-08
DC2NI04U,Hottechi,3064.0,Hayden Neloms,2017-12-31
DC7COE9W,Konex,2873.0,Hayden Neloms,2017-05-01
DCC85LZO,Cheers,1290.0,Kami Bicknell,2017-04-13
DCIFTBM0,Condax,489.0,Boris Faz,2017-12-21
DCNA3CA1,Scottech,716.0,Moses Frase,2017-12-18
DDBH2FPP,Rangreen,1037.0,Anna Snelling,2017-06-16
DDCC6ZPK,Ontomedia,3892.0,Donn Cantrell,2017-03-25
DDD515FB,Xx-holding,3362.0,Hayden Neloms,2017-07-15
DDQ0MDYY,Green-Plus,4178.0,Zane Levy,2017-10-31
DDWSCXZA,Rundofase,3457.0,Moses Frase,2017-09-19
DEH0MYSO,Green-Plus,60.0,Kary Hendrixson,2017-05-24
DF19VWL4,The New York Inquirer,4276.0,Cassey Cress,2017-04-06
DF4KYH5H,Massive Dynamic,4256.0,Cassey Cress,2017-06-30
DFN1V29L,Condax,49.0,Kami Bicknell,2017-06-04
DFSRHCXU,Donquadtech,496.0,Donn Cantrell,2017-08-28
DFTR2O9K,Donquadtech,56.0,Reed Clapper,2017-05-08
DG6RIZ6R,Groovestreet,1210.0,Rosalina Dieter,2017-08-21
DG7LABPD,Stanredtax,3590.0,Marty Freudenburg,2017-09-28
DGPI60HG,Zumgoity,5017.0,Versie Hillebrand,2017-06-09
DH4WEPQ5,Domzoom,5653.0,Versie Hillebrand,2017-11-18
DHGLWIDZ,Umbrella Corporation,4756.0,Violet Mclelland,2017-06-24
DHJ8KOUV,Condax,5138.0,Gladys Colclough,2017-12-05
DI6H5ERU,Rantouch,1109.0,Maureen Marcano,2017-04-08
DIAR4IM7,Condax,4837.0,Darcel Schlecht,2017-04-18
DIVKSHY7,Condax,994.0,Kami Bicknell,2017-11-13
DJ2GWNGZ,Kinnamplus,551.0,Reed Clapper,2017-09-05
DJ60T39C,Finhigh,3621.0,Gladys Colclough,2017-09-04
DJDVV89L,Dontechi,59.0,Versie Hillebrand,2017-06-11
DJF1XMC4,Konex,584.0,Boris Faz,2017-04-29
DJXM9LIW,Kinnamplus,1020.0,Donn Cantrell,2017-07-14
DJY7S9AI,Plusstrip,3082.0,Zane Levy,2017-11-12
DK6L8Y0Y,Vehement Capital Partners,1221.0,Daniell Hammack,2017-09-29
DKUVKTIT,Initech,4881.0,Daniell Hammack,2017-07-19
DL3Q5HAD,Umbrella Corporation,4930.0,Rosie Papadopoulos,2017-08-23
DL4SZAGH,Rundofase,3611.0,Cecily Lampkin,2017-03-31
DLGW8Y7B,Singletechno,3855.0,Rosalina Dieter,2017-08-03
DLQTM07N,Treequote,4787.0,Gladys Colclough,2017-08-22
DLXFY70W,Codehow,3668.0,Anna Snelling,2017-04-24
DLZYL69K,Gekko & Co,5304.0,Daniell Hammack,2017-06-02
DMN53GAI,J-Texon,3511.0,Hayden Neloms,2017-08-13
DMSQ0TSG,Isdom,3146.0,Cecily Lampkin,2017-08-12
DMUQAWQH,Faxquote,1030.0,Maureen Marcano,2017-06-12
DNUTJO70,Hottechi,569.0,Markita Hansen,2017-06-22
DOPOI0R5,Finjob,3403.0,Hayden Neloms,2017-07-28
DP9E525R,Fasehatice,1007.0,Maureen Marcano,2017-03-24
DPDUK8RG,Codehow,2969.0,Darcel Schlecht,2017-09-12
DPT11UGS,Iselectrics,995.0,Donn Cantrell,2017-09-05
DQ0DSK7P,Globex Corporation,1176.0,Marty Freudenburg,2017-07-02
DQIKGS2U,Dalttechnology,48.0,Vicki Laflamme,2017-11-03
DR2H05BG,Bioholding,600.0,Cecily Lampkin,2017-09-22
DR6MQSWL,Labdrill,480.0,Kami Bicknell,2017-03-11
DSPMSOTB,Globex Corporation,3063.0,Lajuana Vencill,2017-12-13
DSY9VD0O,Cheers,535.0,Vicki Laflamme,2017-10-26
DT0ZJ9Z2,Inity,4991.0,Darcel Schlecht,2017-12-24
DT8SWPLT,dambase,545.0,Lajuana Vencill,2017-12-12
DTCHPCBB,Finjob,3553.0,Hayden Neloms,2017-12-14
DTIZX4YN,Cancity,969.0,Jonathan Berthelot,2017-10-22
DTZPYISJ,Opentech,1116.0,Daniell Hammack,2017-03-19
DUHE9FLY,Conecom,4926.0,Marty Freudenburg,2017-03-01
DUHS8KVY,The New York Inquirer,971.0,Daniell Hammack,2017-04-05
DUJ52ZYK,Singletechno,3462.0,Hayden Neloms,2017-09-10
DV6WD759,Newex,4251.0,Vicki Laflamme,2017-09-14
DVAOMCYK,Dontechi,1029.0,Darcel Schlecht,2017-11-19
DVGY4X7E,Finjob,498.0,Vicki Laflamme,2017-12-23
DXAO9R8N,Rantouch,3363.0,Vicki Laflamme,2017-10-27
DXBLA2BS,Zumgoity,1189.0,Jonathan Berthelot,2017-04-17
DXY9EZ55,Hottechi,456.0,Vicki Laflamme,2017-12-12
DYWMK8OF,Singletechno,3314.0,Rosalina Dieter,2017-09-19
DZ3KHZSX,Initech,513.0,Corliss Cosme,2017-03-20
DZAFN4I1,Doncon,49.0,Zane Levy,2017-07-23
E1921PBZ,Finjob,468.0,Kary Hendrixson,2017-05-23
E1OBRLYZ,Zencorporation,529.0,Boris Faz,2017-05-27
E1VKE2PH,Scotfind,54.0,Vicki Laflamme,2017-03-26
E223LSRZ,Donware,587.0,Reed Clapper,2017-06-24
E28C318S,Newex,546.0,James Ascencio,2017-11-04
E2LVAU2T,Newex,497.0,Zane Levy,2017-12-05
E2NXQUWO,Ganjaflex,3507.0,Garret Kinder,2017-03-06
E3CR358L,Treequote,1156.0,Niesha Huffines,2017-12-21
E3JP7HCX,The New York Inquirer,44.0,Cassey Cress,2017-09-18
E3L02XMN,Ron-tech,580.0,Marty Freudenburg,2017-12-30
E3WWC6FJ,Yearin,68.0,Violet Mclelland,2017-04-02
E40RN3MN,Isdom,47.0,Versie Hillebrand,2017-03-25
E4BPOOL6,Hottechi,3450.0,Elease Gluck,2017-10-24
E4H6CBPJ,Funholding,5449.0,Darcel Schlecht,2017-09-26
E4KL4NGF,Golddex,571.0,Kary Hendrixson,2017-08-07
E4KNZB95,Bioholding,53.0,Versie Hillebrand,2017-08-19
E57F5Z2K,Sonron,4678.0,Kary Hendrixson,2017-03-15
E5NRH4BP,Genco Pura Olive Oil Company,59.0,Darcel Schlecht,2017-05-02
E5UW8AGQ,Streethex,595.0,Anna Snelling,2017-06-11
E66UG7VC,Y-corporation,55.0,Maureen Marcano,2017-12-25
E67P9Y3Q,Green-Plus,635.0,Rosalina Dieter,2017-03-03
E6GVZ30Q,Finjob,561.0,James Ascencio,2017-05-21
E6WG7J0I,Bubba Gump,1083.0,Corliss Cosme,2017-04-10
E733YMVH,Inity,1204.0,Marty Freudenburg,2017-04-10
E7OPE1O8,Rangreen,60.0,Darcel Schlecht,2017-03-20
E7RTG575,Statholdings,1114.0,Niesha Huffines,2017-07-27
E7TDBIDS,Kan-code,5323.0,Kary Hendrixson,2017-09-06
E7YSM99K,Labdrill,1101.0,Elease Gluck,2017-06-02
E884CL8B,Ontomedia,4942.0,Daniell Hammack,2017-06-17
E8L9I3QP,Condax,447.0,Zane Levy,2017-11-03
E8RP9FRW,dambase,51.0,Gladys Colclough,2017-03-12
E96ZTKHC,Scotfind,542.0,Vicki Laflamme,2017-03-17
E9C7WXQL,Streethex,959.0,Versie Hillebrand,2017-09-19
E9PMCMA3,Donquadtech,54.0,Corliss Cosme,2017-11-14
EAUV9J9L,Stanredtax,3724.0,Gladys Colclough,2017-03-21
EBBIJKLT,Stanredtax,1142.0,Anna Snelling,2017-04-15
EBJMZ5VE,Cheers,5784.0,James Ascencio,2017-10-02
EBMBP7JQ,dambase,3844.0,Anna Snelling,2017-12-07
EBTJPEEY,Streethex,571.0,Niesha Huffines,2017-05-31
EBUJQ571,Plexzap,5040.0,Vicki Laflamme,2017-08-12
EC4QE1BX,Cancity,50.0,Darcel Schlecht,2017-03-07
ECCVMNUZ,Sunnamplex,66.0,Rosalina Dieter,2017-05-20
ECOU1XXZ,Ron-tech,52.0,Anna Snelling,2017-05-30
EDAJ0YEW,Isdom,4794.0,Darcel Schlecht,2017-03-30
EEBOSTAA,Warephase,5056.0,Versie Hillebrand,2017-06-13
EETBBG75,Konex,3971.0,Garret Kinder,2017-09-20
EFA9E6WV,Lexiqvolax,5056.0,Kary Hendrixson,2017-09-30
EFB0NFP3,Genco Pura Olive Oil Company,551.0,Jonathan Berthelot,2017-12-23
EFG5DGV5,Plusstrip,54.0,Markita Hansen,2017-03-16
EFO8XWXE,Zencorporation,5244.0,Donn Cantrell,2017-05-25
EFUIZFRA,Ontomedia,4935.0,Daniell Hammack,2017-09-19
EFWND7VS,Warephase,587.0,Niesha Huffines,2017-09-30
EG3KHGPL,Treequote,3470.0,Lajuana Vencill,2017-06-27
EG5M02ZV,J-Texon,539.0,Kary Hendrixson,2017-09-27
EGOU8GB1,Konex,1292.0,Maureen Marcano,2017-12-09
EH6I67I0,Plexzap,537.0,James Ascencio,2017-03-15
EHPG1PNC,Kan-code,644.0,Violet Mclelland,2017-12-18
EID3MR9L,Funholding,5788.0,Marty Freudenburg,2017-12-20
EJ0EF8S1,Sunnamplex,507.0,Vicki Laflamme,2017-06-15
EJMX0EIJ,Betatech,4278.0,Darcel Schlecht,2017-03-20
EJSFO67U,Zotware,4375.0,Donn Cantrell,2017-03-29
EJYFAV40,Toughzap,5862.0,Marty Freudenburg,2017-12-28
EK06CNRW,Bioholding,3681.0,Lajuana Vencill,2017-10-06
EK0KWGQX,Dontechi,3177.0,Gladys Colclough,2017-08-27
EKH5O1HH,Ron-tech,3771.0,Darcel Schlecht,2017-06-09
EKXXH9IK,Gekko & Co,1267.0,Daniell Hammack,2017-11-04
ELLLRB7A,Zoomit,587.0,James Ascencio,2017-08-29
EM1W738H,dambase,5595.0,Darcel Schlecht,2017-11-22
EMGB7S71,Betatech,1074.0,Cecily Lampkin,2017-11-13
EMIAKHPF,Kinnamplus,5051.0,Donn Cantrell,2017-09-21
EMK9P63G,Condax,566.0,Markita Hansen,2017-10-26
EMORZ8R8,Groovestreet,4695.0,Maureen Marcano,2017-09-30
EMUA57Q2,Condax,54.0,Versie Hillebrand,2017-05-12
ENB2XD8G,Sonron,4631.0,Maureen Marcano,2017-03-06
ENDKZ399,Kan-code,5820.0,Corliss Cosme,2017-09-24
ENE1HNL3,Bluth Company,1078.0,Cassey Cress,2017-06-27
ENGMZL6Y,Betatech,4817.0,Darcel Schlecht,2017-09-01
ENL7MDL2,Hottechi,1226.0,Hayden Neloms,2017-10-28
ENOMNCOJ,Bioholding,59.0,Cecily Lampkin,2017-06-03
EO481IOJ,Vehement Capital Partners,4980.0,Reed Clapper,2017-04-25
EOB01PRO,Globex Corporation,47.0,Versie Hillebrand,2017-05-14
EOXZGSX9,Globex Corporation,3522.0,Versie Hillebrand,2017-05-13
EP0H3SJO,Ron-tech,1275.0,Marty Freudenburg,2017-08-04
EP81D4IN,Fasehatice,4066.0,James Ascencio,2017-06-25
EQ399D3M,Sonron,3250.0,Hayden Neloms,2017-07-14
EQ8X0QTL,Yearin,3577.0,Corliss Cosme,2017-03-09
EQIV6PMF,dambase,58.0,Cecily Lampkin,2017-12-08
EQPGDVWK,Labdrill,614.0,Zane Levy,2017-12-03
EQZGV36H,Rangreen,5913.0,Lajuana Vencill,2017-08-08
ERV0CAZ7,Zumgoity,60.0,Versie Hillebrand,2017-03-09
ERWWQ79N,Bubba Gump,1046.0,Corliss Cosme,2017-11-19
ERYLM04D,Funholding,3668.0,Cecily Lampkin,2017-05-23
ES9L0DXE,Kinnamplus,59.0,Garret Kinder,2017-05-22
ESH4HX52,Globex Corporation,5472.0,Marty Freudenburg,2017-08-21
ESNS1OS9,Kan-code,4742.0,Kami Bicknell,2017-11-07
ETADSAC3,Acme Corporation,4605.0,Donn Cantrell,2017-04-27
EUE812O3,Treequote,6039.0,Niesha Huffines,2017-05-11
EUOA0E47,Zotware,3423.0,Donn Cantrell,2017-07-05
EUQCW0ZA,Lexiqvolax,650.0,Rosalina Dieter,2017-07-23
EV46ES18,Golddex,5908.0,Markita Hansen,2017-03-16
EVVX3PQ5,Singletechno,4373.0,Kami Bicknell,2017-05-04
EWA9JFBA,Zumgoity,51.0,Anna Snelling,2017-06-01
EWAMDI1N,Isdom,54.0,Cecily Lampkin,2017-08-26
EWEW7ZMQ,Opentech,3072.0,Garret Kinder,2017-11-16
EWQVZB85,Plexzap,6227.0,Zane Levy,2017-04-10
EXICVP8C,Warephase,52.0,Anna Snelling,2017-04-26
EXMA7FRC,Hottechi,1129.0,Cecily Lampkin,2017-05-30
EXXFSC3O,Opentech,4343.0,Cassey Cress,2017-11-15
EYNZMBI0,Blackzim,4755.0,Kami Bicknell,2017-09-13
EYTBRK2B,Warephase,3411.0,Lajuana Vencill,2017-07-24
EYW0QD8A,Streethex,4534.0,Jonathan Berthelot,2017-06-27
EYZ1MNSS,Zencorporation,560.0,Boris Faz,2017-04-27
EZLXL6GL,Isdom,58.0,Moses Frase,2017-03-07
EZNAGRVB,Hatfan,5388.0,Zane Levy,2017-10-30
F0KWRLK1,Konex,5348.0,Vicki Laflamme,2017-11-15
F0OWRRLN,Konex,3405.0,Vicki Laflamme,2017-07-28
F15SU034,Condax,3298.0,Gladys Colclough,2017-12-21
F1X5ZJ7V,Dontechi,572.0,Jonathan Berthelot,2017-05-04
F28BOUE5,Bubba Gump,5466.0,Donn Cantrell,2017-12-10
F2F1LPTA,Dontechi,3296.0,Lajuana Vencill,2017-11-03
F2KINGVU,J-Texon,50.0,Vicki Laflamme,2017-04-23
F2PW7WP2,Ontomedia,47.0,Violet Mclelland,2017-03-05
F3BJAMUL,Rantouch,55.0,Kami Bicknell,2017-11-19
F3FJ3DYK,Toughzap,620.0,Darcel Schlecht,2017-08-30
F3G00C56,Plexzap,3562.0,Vicki Laflamme,2017-07-08
F3P73EG4,Gogozoom,53.0,Versie Hillebrand,2017-08-04
F3UB81V7,Bioplex,49.0,Boris Faz,2017-08-23
F46Q34LY,Ron-tech,4480.0,Darcel Schlecht,2017-11-20
F481S8G3,J-Texon,545.0,Kami Bicknell,2017-05-22
F4EHCQIC,Kan-code,5284.0,James Ascencio,2017-07-16
F4J6AVPQ,Condax,5065.0,Darcel Schlecht,2017-04-17
F4V2FXK0,Isdom,58.0,Anna Snelling,2017-06-24
F57JWIDF,Konmatfix,970.0,Gladys Colclough,2017-03-02
F57Z7KJF,Stanredtax,3228.0,Lajuana Vencill,2017-06-24
F58R70DY,Donquadtech,4641.0,Reed Clapper,2017-09-10
F5ITRBMX,Zotware,3138.0,Boris Faz,2017-08-04
F5OETS8V,Golddex,544.0,Vicki Laflamme,2017-12-18
F61DLVRS,Plexzap,4519.0,Maureen Marcano,2017-05-23
F7R8ICT8,Funholding,65.0,Versie Hillebrand,2017-07-27
F7S1OPQS,Scotfind,942.0,Maureen Marcano,2017-12-13
F835LA4P,Cancity,5068.0,Darcel Schlecht,2017-05-10
F8F6MA24,Sumace,538.0,Corliss Cosme,2017-12-19
F8O0IY28,Zencorporation,574.0,Donn Cantrell,2017-03-30
F914VHA3,Bluth Company,525.0,Donn Cantrell,2017-08-06
F98UFHM2,Gogozoom,52.0,Gladys Colclough,2017-12-31
F9QHNS68,Warephase,5572.0,Marty Freudenburg,2017-08-19
F9THW1PW,Kinnamplus,495.0,Corliss Cosme,2017-10-05
F9XJYM9F,Inity,511.0,Jonathan Berthelot,2017-08-12
FA1VHZSV,Vehement Capital Partners,57.0,Reed Clapper,2017-03-16
FA6JQ4V2,Lexiqvolax,53.0,Kami Bicknell,2017-09-16
FAIFAGJM,Ron-tech,62.0,Cecily Lampkin,2017-10-29
FAJTQMUM,Finjob,564.0,Kami Bicknell,2017-03-20
FAS1KT97,Zotware,1114.0,Boris Faz,2017-09-14
FAS4V07H,Konex,2695.0,Cassey Cress,2017-12-10
FAV4HHP4,Donquadtech,4329.0,Donn Cantrell,2017-06-03
FB0Q3FYP,Inity,4722.0,Gladys Colclough,2017-09-22
FB1AO8SL,Betatech,57.0,Anna Snelling,2017-04-14
FBEP7939,Scotfind,5280.0,Kary Hendrixson,2017-11-15
FBKK68G6,Donquadtech,4155.0,Boris Faz,2017-11-07
FBSEA94D,Bubba Gump,53.0,Rosie Papadopoulos,2017-06-30
FBVCN3BA,Streethex,65.0,Anna Snelling,2017-11-07
FCEJCRKY,Streethex,661.0,Marty Freudenburg,2017-10-08
FCFDJIEZ,Fasehatice,3742.0,Vicki Laflamme,2017-03-21
FCGE8U5M,Betatech,51.0,Anna Snelling,2017-04-25
FCNYDFK3,Bubba Gump,1192.0,Daniell Hammack,2017-06-06
FCW4SAAP,Scotfind,478.0,Kary Hendrixson,2017-06-11
FD8YL177,Rantouch,51.0,Elease Gluck,2017-05-09
FDCEBWRI,Fasehatice,458.0,James Ascencio,2017-03-12
FDMK85GD,Scottech,58.0,Versie Hillebrand,2017-10-22
FEDXQCKJ,Globex Corporation,5698.0,Marty Freudenburg,2017-07-26
FEGSJ8QI,Sonron,4936.0,Rosalina Dieter,2017-08-19
FENOSL5C,Condax,6206.0,Vicki Laflamme,2017-08-17
FEWIDJGH,Rundofase,538.0,Darcel Schlecht,2017-07-18
FF45BXTL,Konex,3671.0,Vicki Laflamme,2017-03-27
FF5G00YD,Mathtouch,560.0,Corliss Cosme,2017-09-18
FFO5WOHT,Sunnamplex,511.0,Kami Bicknell,2017-05-08
FG79OR5X,Xx-holding,1132.0,Kami Bicknell,2017-11-19
FGH181PC,Dalttechnology,528.0,Kami Bicknell,2017-06-06
FH4VP5CL,Bioplex,1109.0,Donn Cantrell,2017-06-26
FHCSKQ4K,Bluth Company,5270.0,Donn Cantrell,2017-12-30
FHK0BBGK,Xx-zobam,62.0,Garret Kinder,2017-07-08
FHLNW3WH,Statholdings,3378.0,Versie Hillebrand,2017-06-21
FHU2WQ2K,Goodsilron,55.0,Kary Hendrixson,2017-04-01
FI0I7E73,Ron-tech,3971.0,Moses Frase,2017-05-08
FI5OA7O6,Bioplex,5149.0,Daniell Hammack,2017-04-25
FIQIRK37,Acme Corporation,4089.0,Daniell Hammack,2017-07-08
FIYSM4E1,dambase,1160.0,Marty Freudenburg,2017-04-23
FJCCTOPN,Zathunicon,492.0,Reed Clapper,2017-06-18
FJEL0TDN,Conecom,58.0,Versie Hillebrand,2017-10-07
FJMFXCTD,Sunnamplex,4512.0,Kary Hendrixson,2017-05-06
FK3NS3EW,Dalttechnology,525.0,Markita Hansen,2017-04-30
FKAFO8O9,Xx-holding,51.0,Kary Hendrixson,2017-03-31
FKOA9EF9,Warephase,4731.0,Moses Frase,2017-11-11
FKS9MVF6,Inity,504.0,Jonathan Berthelot,2017-03-02
FKU9TS06,Funholding,5080.0,Jonathan Berthelot,2017-09-16
FLANUQCV,Initech,1236.0,Corliss Cosme,2017-09-21
FLH1KDV2,Hottechi,534.0,Versie Hillebrand,2017-11-01
FM2NX2GB,Condax,4069.0,Hayden Neloms,2017-05-05
FMMAQM87,Green-Plus,596.0,Kami Bicknell,2017-09-09
FMNSL9TP,Scotfind,2997.0,Hayden Neloms,2017-04-24
FN080GSV,Finjob,522.0,Maureen Marcano,2017-08-04
FN50OJHN,Betatech,1088.0,Niesha Huffines,2017-07-11
FNA51WN6,J-Texon,4178.0,Kary Hendrixson,2017-12-27
FNCXBWHQ,Condax,505.0,Boris Faz,2017-12-27
FNKZKHTJ,Condax,5113.0,Cassey Cress,2017-09-06
FNQYVW3T,Singletechno,4627.0,Hayden Neloms,2017-05-17
FNY6F0KF,Statholdings,58.0,Moses Frase,2017-05-15
FOGOYZ75,Plussunin,3019.0,Rosie Papadopoulos,2017-08-07
FOQK8G8Y,Sonron,606.0,Zane Levy,2017-08-06
FOWAY95L,Funholding,5786.0,Darcel Schlecht,2017-05-05
FP7014Z0,Funholding,948.0,Lajuana Vencill,2017-03-12
FPNGEJRC,Opentech,54.0,Violet Mclelland,2017-03-29
FPTH6URQ,Faxquote,624.0,Vicki Laflamme,2017-05-11
FPTY1B79,Sumace,629.0,Cassey Cress,2017-05-16
FQ2F717F,Scottech,52.0,Versie Hillebrand,2017-08-03
FQ5A489H,Kan-code,4895.0,Garret Kinder,2017-07-26
FQB53DQH,Blackzim,51.0,Vicki Laflamme,2017-07-01
FQODPHUL,Hatfan,631.0,Kary Hendrixson,2017-11-04
FQP39JQV,Plusstrip,5681.0,Kary Hendrixson,2017-11-12
FQPECFYO,Hottechi,4869.0,Darcel Schlecht,2017-12-20
FQPPZ9NQ,Donware,3822.0,Cassey Cress,2017-05-25
FQQ2JJZ1,Gekko & Co,59.0,Rosie Papadopoulos,2017-07-23
FQQ3XQNG,Donquadtech,1251.0,Corliss Cosme,2017-12-01
FR4GTSEQ,Xx-holding,477.0,Zane Levy,2017-09-15
FR8FT0ZX,Green-Plus,4916.0,Markita Hansen,2017-09-04
FRIVBOOA,Conecom,3844.0,Darcel Schlecht,2017-06-16
FRNGLIYS,dambase,66.0,Anna Snelling,2017-10-29
FROU0UKW,Globex Corporation,5614.0,Darcel Schlecht,2017-08-25
FRRJMFIJ,Kan-code,501.0,Rosie Papadopoulos,2017-09-24
FSEF5ZR9,Singletechno,4426.0,Kami Bicknell,2017-09-12
FSVEMKSG,Inity,556.0,Jonathan Berthelot,2017-10-10
FT0L8HZZ,Isdom,3323.0,Moses Frase,2017-03-16
FTVBHHFC,Genco Pura Olive Oil Company,1240.0,Marty Freudenburg,2017-10-14
FU00L2Y2,Ontomedia,4506.0,Daniell Hammack,2017-09-23
FUHP1IXR,Scotfind,3752.0,Rosalina Dieter,2017-08-05
FUL5V96O,Domzoom,1055.0,Gladys Colclough,2017-04-22
FUVQ5UKB,Konex,3194.0,Daniell Hammack,2017-05-20
FV6PHMQW,Singletechno,635.0,Kami Bicknell,2017-05-21
FVTCAFCL,Newex,597.0,Kary Hendrixson,2017-12-22
FWTNRN0L,Labdrill,5408.0,Hayden Neloms,2017-08-12
FX1RWO67,Hottechi,3300.0,Anna Snelling,2017-12-31
FX54MQFC,Golddex,592.0,Kami Bicknell,2017-04-24
FXKBY5FR,Rantouch,2866.0,Maureen Marcano,2017-11-14
FXLA39YR,Silis,4861.0,Corliss Cosme,2017-08-06
FXXEZ5U2,Initech,3042.0,Cassey Cress,2017-08-09
FXYOCA0G,J-Texon,54.0,Markita Hansen,2017-12-28
FYAVINLC,Finjob,50.0,Vicki Laflamme,2017-12-17
FYNL84HO,Doncon,6101.0,James Ascencio,2017-11-13
FYS6IZO4,Mathtouch,59.0,Violet Mclelland,2017-11-07
FZDRB789,Goodsilron,4586.0,Zane Levy,2017-03-18
FZGGKS2D,Doncon,4910.0,Zane Levy,2017-12-23
FZKX09GE,Rangreen,3254.0,Versie Hillebrand,2017-10-09
G087QT6R,Rundofase,3676.0,Moses Frase,2017-07-06
G0ECB8FS,Labdrill,5100.0,Kary Hendrixson,2017-03-15
G0L0B1QC,Opentech,3407.0,Cassey Cress,2017-07-28
G0QKNVIJ,Conecom,51.0,Anna Snelling,2017-05-28
G0QOVMMS,Zoomit,474.0,Kami Bicknell,2017-12-28
G1303HIC,Cancity,5081.0,Gladys Colclough,2017-07-02
G13DD850,Silis,477.0,Cassey Cress,2017-06-04
G17H7YXA,Dontechi,63.0,Cecily Lampkin,2017-08-09
G17JEA75,Rantouch,59.0,Kami Bicknell,2017-03-11
G1POINXI,Rangreen,1186.0,Cecily Lampkin,2017-10-15
G1QGATKV,Ontomedia,5425.0,Cassey Cress,2017-03-30
G1XX0IB4,Streethex,4181.0,Marty Freudenburg,2017-07-05
G20IQSA3,Conecom,522.0,Anna Snelling,2017-03-12
G2C5RKTN,Umbrella Corporation,415.0,Reed Clapper,2017-09-21
G2EECJNG,Iselectrics,940.0,Daniell Hammack,2017-09-27
G2GU9DYX,Rangreen,4736.0,Jonathan Berthelot,2017-05-06
G2KW3DWD,Condax,1080.0,Lajuana Vencill,2017-11-02
G378ZBNC,Ron-tech,3031.0,Anna Snelling,2017-08-03
G3TZD0CB,Funholding,1204.0,Marty Freudenburg,2017-07-11
G44S6CLC,Cancity,52.0,Anna Snelling,2017-08-16
G4B4Z525,Isdom,62.0,Versie Hillebrand,2017-04-23
G4F8W039,Rundofase,5459.0,Anna Snelling,2017-03-27
G4KL8QWY,Rantouch,593.0,James Ascencio,2017-06-04
G53492IF,Massive Dynamic,4369.0,Reed Clapper,2017-09-24
G5JXIYRO,Domzoom,3616.0,Cecily Lampkin,2017-10-24
G6433A35,Doncon,54.0,James Ascencio,2017-12-10
G6DYTQQE,Vehement Capital Partners,4833.0,Corliss Cosme,2017-06-01
G6X1B2K5,Rangreen,532.0,Jonathan Berthelot,2017-09-13
G7HADWB0,Kinnamplus,4535.0,Corliss Cosme,2017-09-18
G7NU2YCG,Iselectrics,57.0,Cassey Cress,2017-09-08
G7QR0SCP,Doncon,64.0,Kami Bicknell,2017-10-15
G7ZZG9DI,Kan-code,443.0,James Ascencio,2017-11-22
G8C3GRPO,Vehement Capital Partners,2812.0,Garret Kinder,2017-10-20
G9565UWZ,Opentech,3348.0,Garret Kinder,2017-03-01
G9GH5KV5,Nam-zim,4453.0,Kami Bicknell,2017-03-21
GACP1E2I,Bioholding,5037.0,Darcel Schlecht,2017-08-11
GAIFPSU2,Fasehatice,1273.0,Vicki Laflamme,2017-06-16
GB1K3Y4Y,The New York Inquirer,579.0,Garret Kinder,2017-12-15
GB3S67FY,Condax,4580.0,Vicki Laflamme,2017-10-25
GB6C2UK5,Xx-holding,29220.0,Elease Gluck,2017-12-04
GBMHNLRO,Dontechi,660.0,Moses Frase,2017-03-15
GBRQN296,Ontomedia,3331.0,Donn Cantrell,2017-12-17
GBSK2HX8,Conecom,1300.0,Anna Snelling,2017-05-11
GC1TSADL,Faxquote,5703.0,Elease Gluck,2017-07-18
GC4YH9D0,Inity,570.0,Jonathan Berthelot,2017-08-12
GCA97W27,Genco Pura Olive Oil Company,1161.0,Darcel Schlecht,2017-03-06
GCCBRJF8,Sumace,4884.0,Garret Kinder,2017-11-27
GD2OCW12,Finhigh,514.0,Darcel Schlecht,2017-03-14
GDOHDB6U,Scotfind,57.0,Markita Hansen,2017-04-08
GE5SORJX,Kan-code,5666.0,Corliss Cosme,2017-09-17
GEBVQH17,Iselectrics,5702.0,Donn Cantrell,2017-05-06
GEFQNRF3,Globex Corporation,525.0,Jonathan Berthelot,2017-12-20
GET2JILL,The New York Inquirer,3490.0,Wilburn Farren,2017-04-23
GFV4W89I,Scotfind,4933.0,Rosalina Dieter,2017-06-13
GGPSSI5Q,Ganjaflex,3780.0,Daniell Hammack,2017-06-02
GH6U8WWN,Massive Dynamic,425.0,Daniell Hammack,2017-03-19
GHB3UIDV,Zotware,458.0,Corliss Cosme,2017-07-26
GHDAXC7T,Zathunicon,1029.0,Reed Clapper,2017-07-15
GHOQQYQM,Kan-code,4734.0,Wilburn Farren,2017-12-25
GHUCMUPL,Zencorporation,550.0,Boris Faz,2017-05-02
GIDII30C,Lexiqvolax,960.0,Vicki Laflamme,2017-11-10
GIIC5H9X,Donquadtech,5743.0,Boris Faz,2017-03-19
GIIHTQGY,Lexiqvolax,4972.0,Maureen Marcano,2017-11-16
GIJ14130,Hottechi,519.0,Jonathan Berthelot,2017-09-04
GIP11NY3,Treequote,3428.0,Marty Freudenburg,2017-08-19
GIUUTBXM,Y-corporation,5539.0,Kary Hendrixson,2017-03-14
GIVVPRQQ,Hottechi,4606.0,Jonathan Berthelot,2017-08-30
GIW1PN4L,Kan-code,3893.0,Kary Hendrixson,2017-06-19
GIWI7CWJ,Konex,1140.0,Boris Faz,2017-12-30
GIZAD3ZN,Lexiqvolax,5230.0,James Ascencio,2017-12-07
GJ4L5HHN,Mathtouch,1034.0,Corliss Cosme,2017-03-14
GJQFUUWI,Sunnamplex,3260.0,James Ascencio,2017-08-02
GJQXUDI3,Funholding,949.0,Marty Freudenburg,2017-04-11
GK0A4IQW,Domzoom,61.0,Versie Hillebrand,2017-06-18
GK86H0SK,Umbrella Corporation,4975.0,Cassey Cress,2017-03-28
GKHTT70P,Genco Pura Olive Oil Company,4577.0,Darcel Schlecht,2017-09-17
GKJLM1UR,Fasehatice,1057.0,Maureen Marcano,2017-03-13
GKL9QV5B,Scotfind,6666.0,Elease Gluck,2017-06-28
GKLE0CDI,Yearin,3249.0,Daniell Hammack,2017-03-02
GL8PN4LQ,Isdom,3323.0,Darcel Schlecht,2017-06-24
GLG1IOHT,J-Texon,51.0,Rosalina Dieter,2017-10-08
GLUYX9KN,J-Texon,1192.0,Hayden Neloms,2017-12-12
GLVSDQQT,Sunnamplex,583.0,Kary Hendrixson,2017-05-02
GM68OLDH,Green-Plus,5569.0,James Ascencio,2017-09-05
GMI6XZ4O,Codehow,612.0,Jonathan Berthelot,2017-05-04
GMNQUFQZ,Hottechi,500.0,Kami Bicknell,2017-04-01
GMVW87C4,Cheers,5035.0,Kami Bicknell,2017-06-17
GN9SQ77J,Inity,5671.0,Niesha Huffines,2017-08-25
GNAX12Z6,Green-Plus,3337.0,Vicki Laflamme,2017-09-07
GNKFTK7J,Sumace,547.0,Donn Cantrell,2017-06-14
GO4G2L4X,Plussunin,3510.0,Reed Clapper,2017-05-15
GOGIZWW6,Condax,3139.0,Gladys Colclough,2017-09-27
GOIVV4OG,Zumgoity,3267.0,Cecily Lampkin,2017-05-29
GOM8T4Y4,Codehow,1178.0,Darcel Schlecht,2017-05-09
GPC8PLM7,Kinnamplus,481.0,Donn Cantrell,2017-09-02
GQ125FX0,Gogozoom,528.0,Versie Hillebrand,2017-06-03
GQCRMEIL,Konex,1068.0,Zane Levy,2017-06-02
GQFRHJF6,Umbrella Corporation,4581.0,Donn Cantrell,2017-08-10
GQNM1QP8,Labdrill,61.0,Elease Gluck,2017-11-29
GQPQ6XBD,Blackzim,562.0,Elease Gluck,2017-06-06
GQT2DFWZ,Treequote,3892.0,Jonathan Berthelot,2017-10-20
GR6C7GQ9,Goodsilron,4797.0,Zane Levy,2017-09-16
GRQZZNQB,Inity,3207.0,Gladys Colclough,2017-11-08
GRRY4DQR,Silis,561.0,Boris Faz,2017-09-15
GRYWAPXY,Rantouch,2712.0,Zane Levy,2017-11-07
GS1QVWCR,Plusstrip,566.0,Kami Bicknell,2017-03-31
GS2CLR52,Betatech,4488.0,Darcel Schlecht,2017-07-17
GSE8QWMU,Finjob,4540.0,Vicki Laflamme,2017-11-24
GSPDR7BH,Cancity,672.0,Versie Hillebrand,2017-11-02
GSR9PIF0,Silis,3509.0,Daniell Hammack,2017-05-22
GTANESSU,Isdom,991.0,Lajuana Vencill,2017-05-22
GTH3VIDW,Fasehatice,61.0,Maureen Marcano,2017-06-23
GTOKTXRA,Scotfind,48.0,Vicki Laflamme,2017-09-20
GU4HXZ55,Condax,1129.0,Zane Levy,2017-12-23
GUJCRHYU,Goodsilron,5268.0,Zane Levy,2017-07-28
GUJNYTXN,Kinnamplus,483.0,Garret Kinder,2017-07-09
GUMQTC3J,Konmatfix,4829.0,Darcel Schlecht,2017-06-16
GVCWDG9Y,Globex Corporation,4213.0,Jonathan Berthelot,2017-07-17
GVFQXZLL,Y-corporation,4596.0,Maureen Marcano,2017-05-24
GVHIFUN1,Zumgoity,881.0,Marty Freudenburg,2017-06-14
GVLIYD9A,Y-corporation,430.0,Vicki Laflamme,2017-12-11
GVNI96XB,Dontechi,4565.0,Darcel Schlecht,2017-06-20
GVSAAKF4,Massive Dynamic,50.0,Wilburn Farren,2017-11-21
GWAT8UWK,Scottech,638.0,Lajuana Vencill,2017-03-25
GWI45VGH,Dontechi,3118.0,Lajuana Vencill,2017-09-02
GWRN1R49,Scotfind,3042.0,James Ascencio,2017-05-05
GX3SHSEA,Streethex,56.0,Gladys Colclough,2017-08-08
GXBV5VYA,Rundofase,526.0,Jonathan Berthelot,2017-05-06
GXKR6EG9,Rundofase,3558.0,Cecily Lampkin,2017-05-27
GXPA5D3A,Domzoom,5450.0,Darcel Schlecht,2017-09-29
GXQJVJQT,Mathtouch,601.0,Corliss Cosme,2017-10-29
GXY3QZ2V,Scottech,3704.0,Lajuana Vencill,2017-10-06
GYBIACTC,Scottech,538.0,Jonathan Berthelot,2017-04-24
GYC77KNM,Gekko & Co,3483.0,Wilburn Farren,2017-09-16
GYKFAK7W,Sonron,3527.0,Hayden Neloms,2017-05-10
GYS3APR7,Bluth Company,602.0,Corliss Cosme,2017-08-05
GZU4ZSFE,Faxquote,4924.0,Kami Bicknell,2017-09-23
GZUKDP7F,Cancity,3295.0,Darcel Schlecht,2017-06-13
GZYL4SG1,Rangreen,978.0,Moses Frase,2017-10-26
H00Y9555,Domzoom,3343.0,Cecily Lampkin,2017-04-10
H0HDYIYJ,Umbrella Corporation,5077.0,Wilburn Farren,2017-11-29
H1NFMTJ4,Xx-holding,527.0,Kary Hendrixson,2017-06-25
H1O491SG,dambase,54.0,Lajuana Vencill,2017-08-05
H1Y2W48V,Groovestreet,5561.0,Rosalina Dieter,2017-09-07
H29A7E6X,Iselectrics,1076.0,Corliss Cosme,2017-11-17
H2HNTSIP,Hottechi,3101.0,Jonathan Berthelot,2017-07-05
H2PEIFZH,Domzoom,3952.0,Lajuana Vencill,2017-05-08
H35AXY3M,Kan-code,899.0,Corliss Cosme,2017-06-10
H3K2E35I,Cheers,27971.0,Elease Gluck,2017-10-29
H3ZR0CQW,Dontechi,56.0,Versie Hillebrand,2017-09-02
H3ZS0FBT,Cancity,477.0,Marty Freudenburg,2017-11-21
H45TYGRR,Fasehatice,3271.0,Markita Hansen,2017-08-26
H4U50AEW,Stanredtax,5422.0,Marty Freudenburg,2017-07-09
H4ZSZQ9V,Bluth Company,4186.0,Reed Clapper,2017-10-10
H54N095V,Gogozoom,4767.0,Darcel Schlecht,2017-10-24
H56FMPGG,Hottechi,551.0,James Ascencio,2017-08-30
H5RRJOD9,Kan-code,3371.0,Elease Gluck,2017-07-30
H6AN87LE,Nam-zim,64.0,Rosalina Dieter,2017-07-09
H6CG7TPM,Acme Corporation,1022.0,Violet Mclelland,2017-05-28
H6NJKV4F,Betasoloin,5479.0,Boris Faz,2017-05-20
H6SE0L31,Conecom,4805.0,Gladys Colclough,2017-09-29
H78I3TAY,Mathtouch,493.0,Reed Clapper,2017-03-14
H7GBGRSO,Funholding,1105.0,Marty Freudenburg,2017-06-13
H7GFLCDH,Blackzim,62.0,Elease Gluck,2017-12-18
H8CLNRM2,Konex,5006.0,Maureen Marcano,2017-05-26
H91G4MYP,J-Texon,5443.0,Zane Levy,2017-05-22
H9JPB7GW,Genco Pura Olive Oil Company,542.0,Lajuana Vencill,2017-03-09
H9M21153,Ron-tech,3100.0,Anna Snelling,2017-10-20
HA1KXAIS,Condax,3908.0,Cassey Cress,2017-06-04
HALGOQ5D,Betasoloin,4688.0,Donn Cantrell,2017-05-30
HBIQF55L,Cancity,4359.0,Darcel Schlecht,2017-08-14
HBJPBF3P,Conecom,54.0,Marty Freudenburg,2017-09-01
HBXLK0B6,Finhigh,3269.0,Darcel Schlecht,2017-04-26
HDBNC8W1,Treequote,3185.0,Lajuana Vencill,2017-06-11
HDITQL1S,Treequote,2785.0,Marty Freudenburg,2017-09-05
HDUV7VJN,Toughzap,6805.0,Moses Frase,2017-03-13
HDUZC4G9,Y-corporation,653.0,Kary Hendrixson,2017-11-02
HEDUIEUN,Hatfan,62.0,Hayden Neloms,2017-06-23
HEE6P0QH,Statholdings,3647.0,Anna Snelling,2017-03-25
HEG8WPQF,Inity,1140.0,Anna Snelling,2017-05-09
HELQUZNO,Konex,616.0,Corliss Cosme,2017-09-25
HEMKK91Z,Plusstrip,3538.0,Elease Gluck,2017-12-13
HEZ8H6MK,Plusstrip,505.0,Kary Hendrixson,2017-11-08
HF8ABDF6,Xx-holding,3145.0,Rosalina Dieter,2017-03-29
HFER9GET,Kinnamplus,5239.0,Cassey Cress,2017-11-04
HFF39KOB,Statholdings,2749.0,Versie Hillebrand,2017-10-20
HG07756D,Finjob,481.0,Elease Gluck,2017-03-31
HG07LMHI,Treequote,4716.0,Jonathan Berthelot,2017-03-19
HG0N3NJ4,Zencorporation,53.0,Reed Clapper,2017-10-14
HH4I6PAY,Ganjaflex,525.0,Corliss Cosme,2017-09-02
HHBA93J5,Konex,532.0,Kary Hendrixson,2017-03-27
HHP6R0IX,Finjob,5170.0,Zane Levy,2017-11-05
HI2E8TBI,dambase,5338.0,Versie Hillebrand,2017-05-16
HIOHPBO1,Kan-code,3913.0,Rosie Papadopoulos,2017-09-04
HIOHX80Y,Gogozoom,3563.0,Darcel Schlecht,2017-03-18
HJIO57TA,Massive Dynamic,3246.0,Violet Mclelland,2017-06-06
HJP5X1MT,Dontechi,527.0,Anna Snelling,2017-06-09
HKBAON9X,Golddex,3997.0,Kami Bicknell,2017-05-18
HLX6W646,Dalttechnology,5185.0,Vicki Laflamme,2017-11-19
HLXSEMXV,Doncon,50.0,Kami Bicknell,2017-12-28
HM334UL2,Rangreen,1126.0,Darcel Schlecht,2017-03-30
HM4TKVET,Nam-zim,617.0,Zane Levy,2017-07-04
HMG6NWSR,Cancity,2931.0,Gladys Colclough,2017-12-30
HMI6RBK9,Rangreen,544.0,Jonathan Berthelot,2017-06-16
HMKFBTYR,Bioholding,600.0,Darcel Schlecht,2017-06-20
HNCSYU4T,Faxquote,3442.0,Markita Hansen,2017-12-27
HNHOPL7M,Doncon,5425.0,Kary Hendrixson,2017-03-04
HO6M5P37,Fasehatice,5693.0,James Ascencio,2017-04-09
HP6DSCMH,Kan-code,564.0,Boris Faz,2017-06-12
HP9TUR60,Initech,5627.0,Daniell Hammack,2017-12-24
HPYLUU5P,Newex,62.0,Maureen Marcano,2017-06-26
HQ2QSZUP,Streethex,50.0,Anna Snelling,2017-11-02
HRLYABOS,Bubba Gump,1033.0,Cassey Cress,2017-08-21
HRU8FNE1,Donquadtech,542.0,Corliss Cosme,2017-03-10
HRV9DSYF,Blackzim,545.0,Vicki Laflamme,2017-04-03
HRWHRCH8,Betasoloin,48.0,Violet Mclelland,2017-03-14
HSGJKH6U,Plexzap,3407.0,Kary Hendrixson,2017-03-29
HSZOPWWT,Donware,530.0,Corliss Cosme,2017-09-15
HT17GEXI,Xx-zobam,517.0,Reed Clapper,2017-12-13
HTA6XLY3,Massive Dynamic,54.0,Reed Clapper,2017-09-24
HTD2ME9C,Betatech,5370.0,Anna Snelling,2017-06-12
HTQO5XIW,Faxquote,589.0,James Ascencio,2017-04-08
HTY5G7DI,Scottech,3025.0,Cecily Lampkin,2017-08-02
HU6IS6Q2,Domzoom,5241.0,Marty Freudenburg,2017-06-11
HUNM56HY,Sunnamplex,3741.0,Hayden Neloms,2017-07-23
HVDQ4EEA,Rangreen,3478.0,Gladys Colclough,2017-06-28
HVM656P3,Plussunin,475.0,Donn Cantrell,2017-05-12
HWD8ELR9,Zumgoity,5558.0,Versie Hillebrand,2017-05-26
HWDRCUYU,Betatech,5755.0,Moses Frase,2017-05-14
HWVR6IJ7,Kan-code,463.0,Wilburn Farren,2017-08-15
HWXJWHGI,Sumace,600.0,Donn Cantrell,2017-09-08
HXRF96S3,Labdrill,54.0,Vicki Laflamme,2017-12-15
HY7D36UC,Umbrella Corporation,63.0,Violet Mclelland,2017-12-22
HY9VGF58,Plexzap,1094.0,Kary Hendrixson,2017-08-24
HYCELUAD,Ontomedia,5946.0,Garret Kinder,2017-06-20
HYP3SXPV,Isdom,2837.0,Darcel Schlecht,2017-08-02
HYPZOTY8,Goodsilron,51.0,Kami Bicknell,2017-04-19
HZCF65PU,Plussunin,1302.0,Boris Faz,2017-08-04
HZNNKQ0T,Donquadtech,1076.0,Corliss Cosme,2017-10-03
HZS2YVRN,Finjob,57.0,Kary Hendrixson,2017-10-01
HZU0L5GS,Konmatfix,3330.0,Moses Frase,2017-06-04
I0CYLPNE,Konex,4125.0,James Ascencio,2017-05-22
I0TSIELX,Xx-holding,987.0,Rosalina Dieter,2017-05-29
I18DIO6O,Zotware,5780.0,Corliss Cosme,2017-04-24
I2DLJ6C3,Gekko & Co,51.0,Rosie Papadopoulos,2017-11-27
I2U6MKUT,Ganjaflex,548.0,Reed Clapper,2017-05-29
I2V3EPW7,Toughzap,3018.0,Lajuana Vencill,2017-08-02
I3MC9XZC,Massive Dynamic,533.0,Violet Mclelland,2017-05-18
I3RW4OMF,Bioholding,611.0,Cecily Lampkin,2017-08-29
I3V3GUAI,Zumgoity,559.0,Lajuana Vencill,2017-03-02
I4OJHXIN,Cheers,3169.0,Hayden Neloms,2017-10-05
I4UCA7CU,Stanredtax,1012.0,Darcel Schlecht,2017-03-21
I4YPNNTU,Funholding,3808.0,Jonathan Berthelot,2017-08-09
I51MJ7PP,Cheers,1021.0,Maureen Marcano,2017-06-30
I58DG1XE,Cheers,2882.0,Markita Hansen,2017-06-10
I5FVCO24,Cancity,4671.0,Jonathan Berthelot,2017-07-29
I631R5DT,Scotfind,6310.0,Maureen Marcano,2017-05-14
I6FIZ2S5,Funholding,6141.0,Niesha Huffines,2017-12-19
I6O855AE,Acme Corporation,1282.0,Daniell Hammack,2017-05-22
I6RH33SU,Toughzap,3957.0,Marty Freudenburg,2017-10-05
I6UCM2J9,Stanredtax,3250.0,Gladys Colclough,2017-10-05
I6ZC5V1K,Labdrill,5008.0,Kary Hendrixson,2017-07-26
I6ZWBDU6,Funholding,3161.0,Moses Frase,2017-06-12
I776MNA8,Massive Dynamic,3568.0,Rosie Papadopoulos,2017-07-21
I7KV29LC,Konex,598.0,Cassey Cress,2017-04-20
I7QSO0VZ,Rundofase,480.0,Cecily Lampkin,2017-07-04
I7WERQ6B,Warephase,52.0,Anna Snelling,2017-06-08
I81SUA2R,Plussunin,5182.0,Rosie Papadopoulos,2017-08-12
I86DM1B9,Gogozoom,57.0,Jonathan Berthelot,2017-11-19
I86I0TJG,Xx-holding,549.0,Kary Hendrixson,2017-11-13
I8A539VV,Newex,4735.0,Vicki Laflamme,2017-04-27
I8A9OXP2,Gekko & Co,5031.0,Violet Mclelland,2017-06-25
I8TEUO2C,Scotfind,514.0,Kami Bicknell,2017-08-10
I8WTUMTA,Codehow,3560.0,Darcel Schlecht,2017-08-17
I93ZFHEM,Condax,62.0,Versie Hillebrand,2017-03-08
I967JINR,Donquadtech,3961.0,Wilburn Farren,2017-09-05
I995O4XJ,Groovestreet,63.0,Rosalina Dieter,2017-05-24
I9IJS5BM,Sumace,3453.0,Rosie Papadopoulos,2017-08-18
I9U5PCM3,Betasoloin,5452.0,Reed Clapper,2017-11-17
IA62KQBO,Ganjaflex,566.0,Donn Cantrell,2017-05-14
IAVMELUO,Gekko & Co,6135.0,Wilburn Farren,2017-05-30
IAW2UHNH,Dontechi,4744.0,Darcel Schlecht,2017-12-20
IBKRO1AN,Labdrill,4221.0,Kary Hendrixson,2017-03-28
IC4J0BIZ,Codehow,550.0,Niesha Huffines,2017-07-24
ICD9OMSF,Conecom,472.0,Jonathan Berthelot,2017-10-22
ID3IJHUS,Xx-holding,3820.0,Markita Hansen,2017-03-11
ID4LC9V5,Initech,979.0,Daniell Hammack,2017-08-15
IDGLZJRX,Gekko & Co,62.0,Violet Mclelland,2017-11-09
IDIMBX0N,Genco Pura Olive Oil Company,6064.0,Anna Snelling,2017-03-26
IDN254QN,Plussunin,490.0,Daniell Hammack,2017-11-20
IDYA1X6O,Donquadtech,55.0,Violet Mclelland,2017-11-23
IE18U4NO,Zathunicon,45.0,Wilburn Farren,2017-08-26
IE1N4OUS,Rundofase,5269.0,Anna Snelling,2017-12-07
IE6TPFU9,Scottech,918.0,Anna Snelling,2017-05-15
IEB855X8,Codehow,3458.0,Marty Freudenburg,2017-08-08
IEJHIQYI,Blackzim,3517.0,Hayden Neloms,2017-12-22
IEN6RBZI,Zotware,1046.0,Reed Clapper,2017-06-24
IEZCZAKT,Hottechi,493.0,Zane Levy,2017-05-30
IF7DSONM,Stanredtax,52.0,Moses Frase,2017-03-15
IF7MJ88P,Goodsilron,550.0,Kary Hendrixson,2017-03-01
IF8PILJR,Globex Corporation,46.0,Anna Snelling,2017-07-29
IFO74RWI,Treequote,1151.0,Cecily Lampkin,2017-11-29
IFVL4WL5,Streethex,3704.0,Cecily Lampkin,2017-12-10
IG734VZK,Plusstrip,5971.0,Vicki Laflamme,2017-07-14
IG9RPWOZ,Stanredtax,5756.0,Moses Frase,2017-12-09
IGELOJ42,Cancity,6102.0,Moses Frase,2017-06-03
IGFQGZDK,Bioholding,540.0,Gladys Colclough,2017-12-08
IH4M0XTK,Kinnamplus,3156.0,Cassey Cress,2017-08-09
IH4O3JXV,Singletechno,597.0,Kami Bicknell,2017-09-10
IHBYI8IO,Groovestreet,3536.0,Kami Bicknell,2017-10-24
IHF5GR01,Initech,524.0,Reed Clapper,2017-06-14
IHJEX21Z,Newex,562.0,Kami Bicknell,2017-12-03
IHOTG9ZQ,Rundofase,3006.0,Darcel Schlecht,2017-10-09
IHOU09D6,Yearin,1029.0,Boris Faz,2017-09-20
II0SKLFO,Donware,494.0,Cassey Cress,2017-07-30
IIKN6Q8E,Plusstrip,3278.0,Rosalina Dieter,2017-12-04
IIOVCSHC,Xx-holding,2927.0,Hayden Neloms,2017-12-10
IIREXAQX,Faxquote,3110.0,Elease Gluck,2017-06-25
IIS0O91J,Fasehatice,5149.0,Kary Hendrixson,2017-03-28
IITSDWWL,Fasehatice,3205.0,Vicki Laflamme,2017-06-26
IIZV9WFC,Genco Pura Olive Oil Company,577.0,Jonathan Berthelot,2017-12-02
IJ2CLOLZ,Acme Corporation,4445.0,Daniell Hammack,2017-12-09
IJ4GXGCU,Isdom,5109.0,Darcel Schlecht,2017-03-30
IJ4Y77D9,Rantouch,53.0,Zane Levy,2017-08-12
IJNOVBGU,Konmatfix,3768.0,Darcel Schlecht,2017-09-03
IK72767Q,Finhigh,609.0,Marty Freudenburg,2017-12-14
IKIJHQPN,Streethex,49.0,Jonathan Berthelot,2017-12-16
IKQSEYPT,Streethex,52.0,Cecily Lampkin,2017-06-12
ILUMUKG8,Plexzap,3994.0,Maureen Marcano,2017-08-15
ILYP3YGW,Konmatfix,5063.0,Jonathan Berthelot,2017-04-06
IMB2N710,Rantouch,1053.0,Zane Levy,2017-08-04
IMLB4653,Gekko & Co,938.0,Boris Faz,2017-08-22
IMTPZV7J,Gogozoom,3363.0,Moses Frase,2017-05-01
INAEAAI9,Codehow,1093.0,Jonathan Berthelot,2017-09-02
INBSL1I4,Plussunin,866.0,Corliss Cosme,2017-08-20
INI33ALF,Genco Pura Olive Oil Company,569.0,Moses Frase,2017-05-22
INMJIFTF,Ontomedia,599.0,Corliss Cosme,2017-06-06
IO4GTLAB,Kan-code,929.0,Zane Levy,2017-03-14
IOMVIZR8,Stanredtax,5729.0,Gladys Colclough,2017-11-04
IOTAHMQX,Codehow,1252.0,Darcel Schlecht,2017-09-07
IPQFYK0E,Zotware,1064.0,Daniell Hammack,2017-06-17
IQ5ASHI1,Bioholding,475.0,Anna Snelling,2017-08-11
IQ9GMTBR,Dalttechnology,473.0,Kami Bicknell,2017-10-11
IQ9KYZCG,Statholdings,1155.0,Darcel Schlecht,2017-05-11
IQ9W1X36,Kinnamplus,50.0,Corliss Cosme,2017-03-02
IQAFSIV4,Kan-code,422.0,Garret Kinder,2017-08-27
IQAP70OD,Streethex,965.0,Darcel Schlecht,2017-10-29
IQRA0Q8C,Ron-tech,1154.0,Darcel Schlecht,2017-10-16
IR2D4ZG5,Bioplex,6229.0,Rosie Papadopoulos,2017-06-27
IRB461Y7,Xx-holding,1054.0,Kary Hendrixson,2017-03-30
IRBQH4FY,Gogozoom,3397.0,Niesha Huffines,2017-05-10
IRODLEGG,Globex Corporation,3449.0,Niesha Huffines,2017-09-14
IS8Z2CQA,Ontomedia,4434.0,Reed Clapper,2017-07-30
IT10CFQH,Konex,538.0,Rosalina Dieter,2017-03-26
IT2UBEW4,Zotware,59.0,Rosie Papadopoulos,2017-07-25
IT9YW5RP,Initech,592.0,Wilburn Farren,2017-05-26
ITCY8YV0,Blackzim,5876.0,Zane Levy,2017-06-11
ITDTMROU,Xx-zobam,3371.0,Cassey Cress,2017-12-05
ITHR5WLF,Plexzap,3676.0,Vicki Laflamme,2017-03-12
ITIQJARB,Bioholding,4887.0,Gladys Colclough,2017-03-11
IU8V0BZK,Finhigh,903.0,Marty Freudenburg,2017-03-17
IUVAUQ6I,Rangreen,3860.0,Versie Hillebrand,2017-10-14
IV5UVG0R,Sunnamplex,5431.0,Kami Bicknell,2017-09-17
IVANA47K,Cancity,1031.0,Marty Freudenburg,2017-07-27
IVCON5CU,Konex,1213.0,Zane Levy,2017-09-20
IVSOSC0E,Y-corporation,1134.0,Zane Levy,2017-10-15
IVT0S1N1,Faxquote,600.0,Vicki Laflamme,2017-03-20
IVVBVNDH,Nam-zim,55.0,Vicki Laflamme,2017-11-02
IVW8MQGN,dambase,3785.0,Cecily Lampkin,2017-04-20
IWLEND3K,Donware,633.0,Cassey Cress,2017-09-26
IWS4PKPP,Green-Plus,535.0,Vicki Laflamme,2017-12-21
IX8AYR6F,Faxquote,582.0,Kami Bicknell,2017-12-14
IYU5CGUM,Funholding,509.0,Darcel Schlecht,2017-11-12
IZ02GW0R,Faxquote,527.0,Kami Bicknell,2017-04-19
IZD69C5Q,Betatech,41.0,Marty Freudenburg,2017-06-06
IZDF2RTL,Rangreen,1050.0,Marty Freudenburg,2017-05-27
IZJR1WDM,Plexzap,52.0,Zane Levy,2017-09-21
J03H7OQF,Betatech,54.0,Darcel Schlecht,2017-07-16
J096XFZG,Zotware,4906.0,Rosie Papadopoulos,2017-09-04
J0WKJLR6,Massive Dynamic,1039.0,Cassey Cress,2017-11-21
J0Y91LUA,Goodsilron,6142.0,Maureen Marcano,2017-03-22
J1SCD7QL,Rangreen,3251.0,Darcel Schlecht,2017-11-06
J1VGTXQS,Sumace,1106.0,Boris Faz,2017-12-03
J21W3WIW,Gekko & Co,3351.0,Corliss Cosme,2017-03-03
J28ZRO9G,Konex,2880.0,Wilburn Farren,2017-05-18
J2B3UZXA,Gekko & Co,499.0,Violet Mclelland,2017-03-26
J3K9EXW0,Acme Corporation,5790.0,Reed Clapper,2017-12-25
J3N73B00,Hottechi,4346.0,Darcel Schlecht,2017-08-29
J4NX9TK5,Warephase,60.0,Versie Hillebrand,2017-05-24
J4V3VKQ5,Sonron,491.0,Maureen Marcano,2017-03-27
J5DF2ZO1,Kan-code,44.0,James Ascencio,2017-04-29
J5DVK5F3,Gekko & Co,3260.0,Donn Cantrell,2017-11-02
J5QLUH5O,Treequote,60.0,Versie Hillebrand,2017-04-29
J5V2M7Y1,Gekko & Co,513.0,Corliss Cosme,2017-03-26
J5WP57XS,Statholdings,990.0,Cecily Lampkin,2017-11-03
J60KKQ4B,Fasehatice,976.0,Elease Gluck,2017-04-08
J6MIKNYJ,Xx-zobam,51.0,Violet Mclelland,2017-08-22
J6T6BTJI,Bluth Company,3282.0,Daniell Hammack,2017-08-01
J6TNURHV,Inity,481.0,Darcel Schlecht,2017-11-20
J6UOUH6Y,dambase,3255.0,Darcel Schlecht,2017-09-03
J712QVSG,Ron-tech,61.0,Versie Hillebrand,2017-03-26
J75N0QYA,Gogozoom,55.0,Niesha Huffines,2017-04-13
J75Y9C75,Rantouch,1104.0,Kami Bicknell,2017-08-28
J7N8J8NM,Toughzap,3358.0,Darcel Schlecht,2017-03-14
J7UNJFJL,Funholding,52.0,Marty Freudenburg,2017-03-03
J7YF6DS7,Betasoloin,5964.0,Corliss Cosme,2017-03-01
J80ZEYYM,Donquadtech,3630.0,Cassey Cress,2017-09-18
J96E49Z1,Konmatfix,5078.0,Gladys Colclough,2017-11-22
J9V49YC3,Labdrill,5158.0,Kary Hendrixson,2017-12-12
JA0D4V57,Y-corporation,3685.0,James Ascencio,2017-05-09
JA2CDNVM,Inity,3077.0,Gladys Colclough,2017-04-14
JAH8NGC2,Xx-holding,2851.0,Vicki Laflamme,2017-09-24
JAMW5SWB,Hottechi,5157.0,James Ascencio,2017-07-06
JAYXM4QB,Cheers,914.0,Maureen Marcano,2017-12-19
JB7JEEI5,Sunnamplex,1218.0,James Ascencio,2017-11-22
JBBJL4C2,Dontechi,531.0,Jonathan Berthelot,2017-06-23
JBCQ1ODR,Newex,5293.0,James Ascencio,2017-08-28
JCFQVIEG,Zoomit,1086.0,Vicki Laflamme,2017-06-01
JCJ5PJDH,Hottechi,57.0,Anna Snelling,2017-12-13
JD6WHH6G,Rangreen,5055.0,Darcel Schlecht,2017-10-10
JDFN8AZI,Xx-zobam,4980.0,Corliss Cosme,2017-03-16
JDFQYP5L,Stanredtax,588.0,Lajuana Vencill,2017-08-09
JDXET5H9,Warephase,51.0,Cecily Lampkin,2017-08-31
JE245P8R,Konmatfix,1149.0,Darcel Schlecht,2017-05-28
JE5085VJ,Mathtouch,5076.0,Daniell Hammack,2017-06-27
JECCHO49,Rundofase,3249.0,Darcel Schlecht,2017-06-26
JEMEGXUG,Warephase,517.0,Marty Freudenburg,2017-08-19
JEPAVEO7,Stanredtax,1188.0,Niesha Huffines,2017-06-20
JESVHYTG,Cancity,597.0,Anna Snelling,2017-09-05
JF178AXO,Faxquote,1100.0,Kami Bicknell,2017-08-11
JF9CTPPZ,Inity,526.0,Versie Hillebrand,2017-06-30
JFB4WY8C,Dontechi,565.0,Jonathan Berthelot,2017-04-08
JFBWABB1,Labdrill,3473.0,Hayden Neloms,2017-11-26
JFHKBG40,Zumgoity,3465.0,Versie Hillebrand,2017-07-01
JFIL5JU0,dambase,557.0,Lajuana Vencill,2017-12-22
JG1CD65M,Goodsilron,5919.0,James Ascencio,2017-09-18
JGXLR3H3,Lexiqvolax,532.0,Kary Hendrixson,2017-08-06
JGZVNKMT,Y-corporation,944.0,Zane Levy,2017-12-10
JHJEQ1U3,Conecom,5604.0,Niesha Huffines,2017-03-07
JHLG51ZI,Inity,3392.0,Niesha Huffines,2017-04-19
JHNXPUNX,Rangreen,550.0,Lajuana Vencill,2017-07-17
JHVY8I1M,Hottechi,1073.0,Anna Snelling,2017-06-30
JIH6P53I,Stanredtax,1129.0,Niesha Huffines,2017-10-10
JIYYV11P,Genco Pura Olive Oil Company,3081.0,Anna Snelling,2017-06-07
JJ17IHID,Xx-zobam,547.0,Garret Kinder,2017-11-24
JJDL1F8R,Streethex,532.0,Jonathan Berthelot,2017-11-07
JK75NQBD,Bubba Gump,997.0,Cassey Cress,2017-05-20
JKIAA2TF,Finjob,1112.0,James Ascencio,2017-11-23
JL358E5T,Silis,511.0,Donn Cantrell,2017-12-12
JL86Q0B4,The New York Inquirer,53.0,Wilburn Farren,2017-06-14
JLB353E4,Cheers,3744.0,Hayden Neloms,2017-10-20
JLK8KCNN,Zathunicon,42.0,Boris Faz,2017-05-24
JLKLRCFZ,The New York Inquirer,6228.0,Rosie Papadopoulos,2017-10-14
JLT2LLR3,Donquadtech,3259.0,Boris Faz,2017-04-09
JLWKWQYC,Doncon,5673.0,James Ascencio,2017-03-08
JMQRT3TC,Dontechi,57.0,Versie Hillebrand,2017-12-31
JMTKEPXF,Zotware,2996.0,Donn Cantrell,2017-07-17
JN1ZFD18,Domzoom,56.0,Lajuana Vencill,2017-03-06
JND57DH5,Iselectrics,48.0,Boris Faz,2017-08-01
JNIMHE7Y,Warephase,61.0,Anna Snelling,2017-08-20
JO52QXJ0,Scottech,1199.0,Versie Hillebrand,2017-06-18
JOKH5C6I,Sunnamplex,4999.0,Kary Hendrixson,2017-11-21
JOLRMB6X,Betasoloin,1036.0,Rosie Papadopoulos,2017-06-24
JOQCXC9Z,Streethex,565.0,Jonathan Berthelot,2017-03-16
JOQQZ5RH,Domzoom,608.0,Marty Freudenburg,2017-03-01
JORFI81C,Konex,56.0,Violet Mclelland,2017-04-25
JP2EY6QU,Globex Corporation,4929.0,Jonathan Berthelot,2017-09-02
JP3IMU5X,Isdom,4853.0,Gladys Colclough,2017-05-16
JP72AC6I,The New York Inquirer,3777.0,Corliss Cosme,2017-09-16
JPJ3A9T8,Dontechi,541.0,Cecily Lampkin,2017-05-19
JPPLGVUS,Massive Dynamic,3629.0,Violet Mclelland,2017-12-31
JQ3HJFNA,Initech,1026.0,Garret Kinder,2017-03-28
JQ8V4I1K,Bioholding,56.0,Versie Hillebrand,2017-04-22
JQBJMETQ,Domzoom,49.0,Darcel Schlecht,2017-03-27
JQK0EF45,Streethex,5349.0,Anna Snelling,2017-10-13
JR4WED6G,Rundofase,4939.0,Darcel Schlecht,2017-05-24
JR76K5YA,Sunnamplex,494.0,Markita Hansen,2017-08-23
JR7SC0S2,Gekko & Co,3808.0,Cassey Cress,2017-08-04
JRAAPD3L,Warephase,3727.0,Lajuana Vencill,2017-09-16
JRC2PMKX,Codehow,1060.0,Lajuana Vencill,2017-05-16
JRCD2VQY,Fasehatice,3064.0,Kami Bicknell,2017-11-06
JREGYB42,Nam-zim,1102.0,Maureen Marcano,2017-05-06
JRWBU9BS,Mathtouch,3720.0,Daniell Hammack,2017-06-26
JSD4APT2,Bioholding,61.0,Versie Hillebrand,2017-03-12
JSDGELLK,Codehow,522.0,Anna Snelling,2017-06-13
JSLSL3SU,Sunnamplex,565.0,Kami Bicknell,2017-12-16
JSNPH01N,Sonron,56.0,Elease Gluck,2017-06-10
JTTLDM4E,Dalttechnology,43.0,Elease Gluck,2017-08-18
JTXYATXL,Konex,510.0,Zane Levy,2017-11-15
JUUXF02Z,Hatfan,4694.0,Kary Hendrixson,2017-03-09
JV0KXH4X,Donquadtech,6406.0,Boris Faz,2017-12-30
JV1NCDKP,Isdom,57.0,Moses Frase,2017-05-11
JVIIWJDL,Opentech,38.0,Violet Mclelland,2017-09-02
JVKP9OCT,Donware,1171.0,Boris Faz,2017-08-22
JW2FHT1G,dambase,3626.0,Anna Snelling,2017-04-08
JW5SYMNS,Zotware,1176.0,Cassey Cress,2017-08-22
JWRSTAU8,Ron-tech,503.0,Moses Frase,2017-06-12
JWWVG8KG,Inity,5729.0,Darcel Schlecht,2017-11-03
JX7WZ9UP,Sunnamplex,3376.0,Hayden Neloms,2017-05-01
JXLERZ9O,Golddex,559.0,Kary Hendrixson,2017-03-31
JXS3KFKM,Betatech,532.0,Gladys Colclough,2017-04-05
JXUXBANJ,Y-corporation,25288.0,Rosalina Dieter,2017-04-05
JXWXEJXE,Ron-tech,47.0,Lajuana Vencill,2017-03-27
JYE2QFGE,Genco Pura Olive Oil Company,5616.0,Niesha Huffines,2017-05-06
JYKM0B00,Xx-holding,4338.0,James Ascencio,2017-03-06
JYNYK957,Labdrill,3063.0,James Ascencio,2017-12-02
JZOKHHWN,Opentech,1037.0,Donn Cantrell,2017-03-07
JZTX4MXK,Sunnamplex,4444.0,Zane Levy,2017-04-03
K0G1IB3Q,Doncon,54.0,Markita Hansen,2017-06-27
K0IV66AV,Betasoloin,539.0,Reed Clapper,2017-11-07
K0T5LJ3E,Plexzap,24949.0,Elease Gluck,2017-06-28
K0YFUK4X,Scotfind,549.0,Kami Bicknell,2017-11-02
K0ZYCW3U,Dontechi,603.0,Niesha Huffines,2017-06-27
K1OBT27J,Xx-holding,553.0,James Ascencio,2017-08-10
K1RXVUG9,Nam-zim,619.0,Kary Hendrixson,2017-03-14
K1UREXI5,Genco Pura Olive Oil Company,460.0,Anna Snelling,2017-09-16
K2683261,Plusstrip,1082.0,Kami Bicknell,2017-09-13
K2KK9SW2,Inity,550.0,Anna Snelling,2017-05-02
K33NPCAY,Fasehatice,56.0,Kami Bicknell,2017-08-11
K3KT8S1F,Sonron,49.0,Markita Hansen,2017-11-07
K44PIQTN,Rantouch,1193.0,Vicki Laflamme,2017-09-26
K44WX2BT,Massive Dynamic,3351.0,Donn Cantrell,2017-08-13
K4ETVW4H,Betasoloin,53.0,Boris Faz,2017-05-12
K4HVGBVH,Gekko & Co,5505.0,Corliss Cosme,2017-05-22
K4N74V6U,Codehow,5110.0,Darcel Schlecht,2017-12-04
K4VP5HK4,Betasoloin,3602.0,Donn Cantrell,2017-05-08
K4Y8R0FX,Streethex,65.0,Darcel Schlecht,2017-06-04
K5D2IP27,Labdrill,51.0,Elease Gluck,2017-07-09
K5DNNWYT,Zencorporation,4575.0,Rosie Papadopoulos,2017-10-11
K5NFTQRI,Fasehatice,5770.0,James Ascencio,2017-08-16
K6TJSGUB,Warephase,985.0,Marty Freudenburg,2017-11-17
K6ZDH79M,Funholding,5088.0,Darcel Schlecht,2017-08-16
K73K8IQ3,Hottechi,537.0,Kary Hendrixson,2017-05-22
K7FBRQCA,Genco Pura Olive Oil Company,64.0,Anna Snelling,2017-09-25
K83L4L0I,Mathtouch,2918.0,Rosie Papadopoulos,2017-06-17
K8DHOJWM,Genco Pura Olive Oil Company,4878.0,Versie Hillebrand,2017-04-27
K8FUZHOG,Scotfind,576.0,Kary Hendrixson,2017-03-26
K8VBNOW9,Plussunin,4791.0,Cassey Cress,2017-09-01
K8VSDOP8,Goodsilron,4667.0,Maureen Marcano,2017-03-29
K8Y7CK9T,Treequote,5280.0,Marty Freudenburg,2017-10-05
K9D4DQ3R,Vehement Capital Partners,48.0,Rosie Papadopoulos,2017-03-02
K9MMOXUC,Iselectrics,5691.0,Donn Cantrell,2017-04-14
KA79LTFF,Dontechi,604.0,Darcel Schlecht,2017-03-30
KAHKF9H1,Scotfind,967.0,Markita Hansen,2017-06-08
KAPPUUYY,Zumgoity,594.0,Anna Snelling,2017-11-24
KAV5TU8X,Nam-zim,3208.0,Kami Bicknell,2017-05-06
KB7DTUXO,Vehement Capital Partners,5042.0,Rosie Papadopoulos,2017-11-08
KBKHKULU,Lexiqvolax,4869.0,Zane Levy,2017-03-18
KC324LPK,Ron-tech,4754.0,Darcel Schlecht,2017-05-22
KD63LC6D,Condax,584.0,Kary Hendrixson,2017-09-25
KDDN1E4O,Betasoloin,1109.0,Cassey Cress,2017-07-14
KDRIBXNQ,Konex,50.0,Violet Mclelland,2017-08-15
KDY5FEUO,Y-corporation,496.0,Vicki Laflamme,2017-12-20
KE7SZLG7,Gekko & Co,1075.0,Boris Faz,2017-06-11
KE9ZEDS8,Scottech,57.0,Gladys Colclough,2017-03-07
KEE51TPD,Domzoom,54.0,Anna Snelling,2017-11-03
KFVI73X6,Donquadtech,3844.0,Cassey Cress,2017-05-10
KFZ37330,Konex,492.0,Boris Faz,2017-12-14
KG61YJ92,Warephase,575.0,Moses Frase,2017-06-24
KG9R5M1Y,Dontechi,4810.0,Darcel Schlecht,2017-10-18
KGJL5GHX,Condax,956.0,Moses Frase,2017-06-06
KHG4UMKP,Blackzim,58.0,James Ascencio,2017-11-24
KHRY7J40,Zathunicon,580.0,Cassey Cress,2017-11-12
KHWG1W75,Goodsilron,57.0,James Ascencio,2017-07-18
KHZ3IOKH,Streethex,6340.0,Lajuana Vencill,2017-12-29
KIHC1QJQ,Plexzap,540.0,Kami Bicknell,2017-05-09
KIMW6PXN,Xx-zobam,4939.0,Daniell Hammack,2017-06-20
KIP060D0,Ontomedia,5040.0,Cassey Cress,2017-03-08
KJ4NAGS5,Kan-code,56.0,Rosalina Dieter,2017-11-16
KJ93MS4W,Yearin,977.0,Corliss Cosme,2017-11-02
KJBYGG1S,Mathtouch,5106.0,Rosie Papadopoulos,2017-05-12
KJGZN9D4,Rangreen,526.0,Jonathan Berthelot,2017-11-11
KJP1JFKX,Hottechi,533.0,Kami Bicknell,2017-06-06
KK5YBPU6,Labdrill,548.0,Markita Hansen,2017-08-29
KK7L97V7,Funholding,5678.0,Darcel Schlecht,2017-04-09
KKOU11ZD,Cheers,1195.0,Kary Hendrixson,2017-12-14
KLBW3TOH,Goodsilron,5512.0,Kami Bicknell,2017-11-09
KMBY0IGV,Dalttechnology,48.0,Kami Bicknell,2017-10-12
KMGXUADZ,Rundofase,5109.0,Gladys Colclough,2017-08-06
KMJMLQ4P,Silis,61.0,Daniell Hammack,2017-08-01
KNH4ZX85,Bioholding,62.0,Jonathan Berthelot,2017-10-31
KNLMLTJH,Treequote,58.0,Anna Snelling,2017-03-27
KNN6C4O3,Green-Plus,4899.0,Kami Bicknell,2017-12-15
KNY1OSAB,Labdrill,4899.0,Maureen Marcano,2017-03-14
KO7UWLAU,Xx-zobam,3596.0,Wilburn Farren,2017-07-28
KOFE244J,Codehow,53.0,Anna Snelling,2017-08-01
KOYW9WIV,Rundofase,483.0,Lajuana Vencill,2017-09-23
KOZTDBJ5,Condax,1103.0,Kami Bicknell,2017-06-07
KP1L9SXH,Zencorporation,567.0,Cassey Cress,2017-11-19
KP6NOWM7,Cheers,54.0,Markita Hansen,2017-06-03
KPF0GREK,Plussunin,3329.0,Cassey Cress,2017-12-09
KPUHKYWU,The New York Inquirer,4136.0,Reed Clapper,2017-04-20
KPW4J1CR,Dalttechnology,503.0,Zane Levy,2017-12-21
KQLS98VW,Condax,1245.0,Darcel Schlecht,2017-12-04
KR4K652E,dambase,574.0,Anna Snelling,2017-06-04
KRK5YFGW,Konex,4941.0,James Ascencio,2017-08-08
KRSNQKC6,Zotware,6040.0,Boris Faz,2017-06-28
KS9B13NQ,Blackzim,1101.0,Maureen Marcano,2017-09-10
KSYI5DDW,Codehow,55.0,Darcel Schlecht,2017-11-07
KTSB1KYT,Hottechi,460.0,Jonathan Berthelot,2017-09-09
KTX7ETCE,Genco Pura Olive Oil Company,528.0,Niesha Huffines,2017-08-05
KTZDTM8W,Globex Corporation,594.0,Lajuana Vencill,2017-10-13
KU0YOR3J,Zumgoity,1189.0,Niesha Huffines,2017-10-04
KU28360J,Fasehatice,578.0,Kary Hendrixson,2017-03-19
KU4GX1KD,Isdom,662.0,Niesha Huffines,2017-11-28
KU7COUGK,The New York Inquirer,2994.0,Wilburn Farren,2017-12-22
KUJ5M6J3,Labdrill,5663.0,Kary Hendrixson,2017-12-27
KUK2H5MD,Rundofase,1184.0,Cecily Lampkin,2017-06-13
KULR6FMD,Funholding,47.0,Versie Hillebrand,2017-07-25
KV9LW061,Codehow,3445.0,Anna Snelling,2017-04-04
KVF0HK8S,Domzoom,59.0,Anna Snelling,2017-04-12
KVTBYOVD,Kan-code,4612.0,Donn Cantrell,2017-06-14
KWYKKVJC,Vehement Capital Partners,4785.0,Reed Clapper,2017-07-01
KXLD5YKX,Scotfind,4032.0,Kami Bicknell,2017-11-19
KYABDCKE,Y-corporation,4356.0,Kary Hendrixson,2017-09-02
KYFONJP5,Silis,5546.0,Rosie Papadopoulos,2017-06-16
KZKMLY96,Condax,1159.0,Zane Levy,2017-03-29
KZMZH8L6,Zotware,6180.0,Reed Clapper,2017-09-28
KZQGC4TA,Doncon,1005.0,Maureen Marcano,2017-12-28
L0345WKB,Newex,4313.0,Zane Levy,2017-03-14
L11T0DYF,Faxquote,2590.0,Vicki Laflamme,2017-12-01
L1QNLM08,Treequote,5141.0,Darcel Schlecht,2017-12-30
L1R32S8H,Condax,5228.0,Corliss Cosme,2017-03-26
L1WPBDZG,Zotware,4125.0,Boris Faz,2017-12-12
L2QMWU4H,Codehow,4430.0,Darcel Schlecht,2017-09-12
L33YUX9V,Rangreen,1068.0,Moses Frase,2017-05-15
L36WU4AH,Massive Dynamic,55.0,Violet Mclelland,2017-04-12
L3AYCTGW,Goodsilron,5451.0,James Ascencio,2017-04-24
L3DT2WVO,Gekko & Co,4197.0,Boris Faz,2017-11-20
L3PLDC1Y,Codehow,4733.0,Darcel Schlecht,2017-10-30
L3V8UK9H,Stanredtax,1070.0,Darcel Schlecht,2017-07-31
L40FW06K,Condax,555.0,Marty Freudenburg,2017-12-22
L4124UJG,Umbrella Corporation,5473.0,Donn Cantrell,2017-05-15
L47EPGVT,Gogozoom,4760.0,Anna Snelling,2017-03-01
L5807I4N,Labdrill,4277.0,Zane Levy,2017-03-16
L58MN75X,Bioholding,5220.0,Jonathan Berthelot,2017-09-15
L5U7OT6O,Y-corporation,5503.0,Markita Hansen,2017-06-17
L66MAMK5,Sunnamplex,501.0,Kami Bicknell,2017-04-17
L69Q015M,Zotware,4555.0,Daniell Hammack,2017-05-19
L6AOARQ9,dambase,452.0,Lajuana Vencill,2017-12-21
L6KOBEBZ,Rundofase,528.0,Jonathan Berthelot,2017-05-27
L6PCVRJS,Vehement Capital Partners,4810.0,Donn Cantrell,2017-04-30
L6WEVHEN,Gogozoom,59.0,Anna Snelling,2017-12-16
L7CFCOR6,Conecom,5668.0,Darcel Schlecht,2017-11-28
L7TT9ZL4,Finhigh,4735.0,Darcel Schlecht,2017-12-21
L8CHRJ2B,Umbrella Corporation,4200.0,Cassey Cress,2017-03-01
L8D22SSW,Betatech,3822.0,Darcel Schlecht,2017-06-17
L8NLCWFS,Scotfind,4869.0,Kary Hendrixson,2017-08-20
L8POFR0T,Finjob,3296.0,James Ascencio,2017-12-31
L9BTE2RA,Toughzap,5947.0,Darcel Schlecht,2017-09-29
L9F6QP4P,Isdom,3230.0,Gladys Colclough,2017-07-19
L9IXFTIL,Gekko & Co,5301.0,Boris Faz,2017-09-21
LA0O6BHX,Dontechi,4509.0,Lajuana Vencill,2017-05-27
LAH7932Y,Scottech,57.0,Versie Hillebrand,2017-05-17
LAOGNZOU,Hottechi,902.0,Maureen Marcano,2017-05-22
LB6S2ONR,Y-corporation,598.0,Markita Hansen,2017-11-11
LB6XW39X,Xx-zobam,555.0,Donn Cantrell,2017-03-04
LB8UE159,Iselectrics,5353.0,Daniell Hammack,2017-06-19
LBZY9VUG,Massive Dynamic,55.0,Violet Mclelland,2017-09-17
LC85AQ1I,Konex,443.0,Vicki Laflamme,2017-03-18
LCBVIPRA,Golddex,60.0,Vicki Laflamme,2017-06-29
LCTI4CFV,Genco Pura Olive Oil Company,55.0,Gladys Colclough,2017-06-16
LCW83256,Sumace,5260.0,Rosie Papadopoulos,2017-03-04
LCWP23CI,Finjob,5306.0,James Ascencio,2017-06-24
LD1HNIUL,Scotfind,3559.0,Vicki Laflamme,2017-06-23
LDAXEBR0,Treequote,639.0,Jonathan Berthelot,2017-06-22
LDIBOTNO,Kinnamplus,5544.0,Daniell Hammack,2017-09-07
LDYYOH6W,Bioholding,4938.0,Gladys Colclough,2017-11-24
LELWKXDX,Donquadtech,6173.0,Boris Faz,2017-06-08
LEPH90QI,Isdom,5689.0,Gladys Colclough,2017-10-09
LF45YLLR,Initech,5205.0,Corliss Cosme,2017-08-12
LF8JZ3Q5,Hatfan,1046.0,Kary Hendrixson,2017-03-13
LFM4SMIA,Codehow,5449.0,Moses Frase,2017-10-23
LFMMI05H,Acme Corporation,5881.0,Cassey Cress,2017-12-21
LFN6XPK7,Sunnamplex,2753.0,Vicki Laflamme,2017-06-27
LG8ZAMCB,Opentech,5642.0,Corliss Cosme,2017-06-11
LGI8QEC2,Treequote,583.0,Moses Frase,2017-03-06
LGO0XF4X,Kan-code,50.0,Vicki Laflamme,2017-09-10
LGTIXQ46,Blackzim,51.0,Rosalina Dieter,2017-04-07
LHG76MIU,Rantouch,62.0,Markita Hansen,2017-12-03
LI9RCAQ6,Scotfind,4593.0,Kary Hendrixson,2017-11-01
LIIBOUUQ,Donquadtech,1187.0,Reed Clapper,2017-05-30
LIYJSU0E,Konex,5118.0,Daniell Hammack,2017-07-22
LIZMTGH2,Isdom,3409.0,Cecily Lampkin,2017-04-18
LJ5FQGLZ,Plussunin,6100.0,Daniell Hammack,2017-07-27
LJEAX51Q,Streethex,49.0,Darcel Schlecht,2017-12-21
LJIAOC0Q,Bioplex,52.0,Violet Mclelland,2017-06-04
LKFYC5X3,Donware,58.0,Rosie Papadopoulos,2017-12-15
LKQL4GRO,Scottech,1160.0,Darcel Schlecht,2017-08-04
LMCHDMJX,Donware,1050.0,Daniell Hammack,2017-10-08
LMVQ6B9P,Funholding,1072.0,Lajuana Vencill,2017-11-18
LN0DF2XI,Sonron,48.0,Elease Gluck,2017-11-27
LN9NU0A8,Inity,1193.0,Marty Freudenburg,2017-07-17
LNX7ULEG,Sonron,5572.0,Zane Levy,2017-08-22
LO2BMO33,Conecom,6142.0,Niesha Huffines,2017-12-10
LPGOTIM2,Silis,55.0,Boris Faz,2017-06-16
LPKT07PV,Opentech,4704.0,Boris Faz,2017-03-23
LPZLQL48,Y-corporation,492.0,Vicki Laflamme,2017-03-28
LQJISQSD,Bioplex,955.0,Corliss Cosme,2017-10-05
LR6USOHL,Zathunicon,4545.0,Reed Clapper,2017-05-27
LRLER1XS,Finjob,64.0,Hayden Neloms,2017-09-14
LROWI84G,Dontechi,1237.0,Darcel Schlecht,2017-10-31
LSJ2A8ZX,Cheers,29166.0,Markita Hansen,2017-09-26
LSVMMUJ0,Condax,5559.0,Darcel Schlecht,2017-03-25
LT75S3LM,Kinnamplus,5401.0,Reed Clapper,2017-08-11
LTOKXFP1,Dalttechnology,4633.0,Zane Levy,2017-04-29
LTTYTAXA,Kan-code,4694.0,Donn Cantrell,2017-03-24
LTZCN1RA,Domzoom,54.0,Versie Hillebrand,2017-05-19
LUIEQRMQ,Goodsilron,595.0,Zane Levy,2017-07-10
LULNYY3C,Codehow,4435.0,Darcel Schlecht,2017-10-27
LUT9KYJA,Singletechno,4335.0,James Ascencio,2017-06-06
LUXAXNBV,Donquadtech,5960.0,Wilburn Farren,2017-12-09
LV1754PS,Rangreen,544.0,Anna Snelling,2017-05-14
LV5SEMZQ,Nam-zim,52.0,Elease Gluck,2017-04-07
LVMPJ8JN,Codehow,546.0,Jonathan Berthelot,2017-12-31
LW8485Y2,Acme Corporation,1161.0,Cassey Cress,2017-08-10
LWCKCV0M,Xx-holding,4592.0,Markita Hansen,2017-09-15
LWVZKYI0,Gogozoom,61.0,Versie Hillebrand,2017-12-01
LWX9V7HI,Konex,59.0,Cassey Cress,2017-09-15
LXDCC260,Funholding,5966.0,Marty Freudenburg,2017-07-07
LXGNXNX1,Sumace,4960.0,Corliss Cosme,2017-09-09
LXWQDEU3,Ganjaflex,4801.0,Reed Clapper,2017-09-18
LXXW3TRW,Scotfind,1164.0,Elease Gluck,2017-03-18
LXZA2OSZ,Ontomedia,5790.0,Corliss Cosme,2017-03-03
LYAFXO9B,J-Texon,592.0,Markita Hansen,2017-07-12
LZVFFQLN,Konmatfix,50.0,Moses Frase,2017-06-14
M03IHS3P,Scottech,917.0,Gladys Colclough,2017-08-06
M0IN22XH,Zoomit,1043.0,Kary Hendrixson,2017-09-26
M0JKP0HT,Isdom,3440.0,Gladys Colclough,2017-03-13
M0PGP5H2,Cheers,1002.0,Markita Hansen,2017-09-14
M10S36W3,Konex,5559.0,Wilburn Farren,2017-11-06
M1L0IWB6,Ron-tech,3232.0,Jonathan Berthelot,2017-05-11
M1QKPX6R,Green-Plus,4542.0,James Ascencio,2017-05-21
M1VNX1D7,Acme Corporation,5318.0,Cassey Cress,2017-07-28
M1ZZYSTB,Bubba Gump,4763.0,Donn Cantrell,2017-10-12
M2TZSYTN,Bioholding,516.0,Moses Frase,2017-06-16
M2UI5MKB,Zathunicon,2937.0,Violet Mclelland,2017-08-19
M2VKMZPH,Stanredtax,5046.0,Jonathan Berthelot,2017-10-19
M3306MKK,Cheers,53.0,Markita Hansen,2017-12-13
M3MJY0CK,Lexiqvolax,6693.0,James Ascencio,2017-09-27
M3PCMYJ0,Doncon,584.0,Elease Gluck,2017-08-06
M3QL68T6,Plexzap,595.0,Vicki Laflamme,2017-12-04
M3RME16Q,Inity,5170.0,Darcel Schlecht,2017-10-14
M3SQPUB1,Green-Plus,6304.0,Kami Bicknell,2017-10-13
M3WTE943,Donquadtech,5105.0,Daniell Hammack,2017-06-05
M40Z4KWL,Zotware,5305.0,Donn Cantrell,2017-11-25
M49ZMLGL,Finjob,57.0,Kami Bicknell,2017-09-04
M4EHG2ZB,Konmatfix,52.0,Gladys Colclough,2017-10-30
M4HY664H,Conecom,918.0,Jonathan Berthelot,2017-09-25
M4MOGAS4,Acme Corporation,3146.0,Violet Mclelland,2017-08-25
M4ZNQTEQ,Plussunin,3340.0,Rosie Papadopoulos,2017-03-12
M5E8U8HP,Xx-zobam,3395.0,Rosie Papadopoulos,2017-05-29
M645P7NW,Scotfind,579.0,Maureen Marcano,2017-04-27
M6IGBW79,Dalttechnology,1088.0,Zane Levy,2017-08-08
M6J6VNVQ,Ontomedia,498.0,Donn Cantrell,2017-09-08
M6UEZLOQ,Cheers,1069.0,Maureen Marcano,2017-06-23
M6WEJXC0,Scotfind,3284.0,Rosalina Dieter,2017-03-06
M72CT8RN,Donware,6024.0,Daniell Hammack,2017-04-05
M765WQ4W,Konex,5067.0,Corliss Cosme,2017-09-13
M7J5BV9Q,Zoomit,597.0,Kami Bicknell,2017-03-11
M7W3E298,Inity,4916.0,Gladys Colclough,2017-05-02
M7Y1LHHA,Zathunicon,457.0,Boris Faz,2017-07-16
M827K2PI,Domzoom,656.0,Moses Frase,2017-12-14
M92Y63Q3,Domzoom,59.0,Jonathan Berthelot,2017-05-05
M93A8LTF,Konex,1076.0,Reed Clapper,2017-07-20
M9EU34FE,Hatfan,6026.0,Hayden Neloms,2017-10-21
M9OTPNII,Donware,6177.0,Garret Kinder,2017-05-20
MA1LQG9S,Inity,6255.0,Niesha Huffines,2017-11-27
MA6F51AR,Zoomit,57.0,Kary Hendrixson,2017-11-29
MAA6TJMM,Cheers,563.0,Kami Bicknell,2017-12-13
MASS6JEE,Hatfan,5039.0,Kary Hendrixson,2017-09-05
MAVEITJH,Groovestreet,5097.0,Elease Gluck,2017-09-09
MB0XTICR,Bioholding,62.0,Versie Hillebrand,2017-12-08
MB3376Q1,Cheers,4756.0,Kary Hendrixson,2017-04-12
MBGVOGCY,Bioplex,5095.0,Reed Clapper,2017-04-12
MBYY3F5P,J-Texon,696.0,Zane Levy,2017-10-21
MC3OSDV0,Sunnamplex,65.0,Kary Hendrixson,2017-10-02
MCQGU5EA,Sunnamplex,443.0,Kary Hendrixson,2017-07-15
MCR8YCCY,Genco Pura Olive Oil Company,3228.0,Darcel Schlecht,2017-06-17
MCRDLBIE,Newex,45.0,James Ascencio,2017-06-11
MCWDHOBT,Plusstrip,4612.0,Elease Gluck,2017-05-19
MCYLHUCZ,Rundofase,1044.0,Lajuana Vencill,2017-05-31
MD0SRXG4,Ron-tech,5175.0,Darcel Schlecht,2017-06-21
MDBKYL2Q,Stanredtax,60.0,Gladys Colclough,2017-10-30
MDHD11QD,Donquadtech,5027.0,Corliss Cosme,2017-09-15
MDK5NQJA,Initech,5204.0,Donn Cantrell,2017-12-14
MDLJKQ5B,dambase,5600.0,Darcel Schlecht,2017-11-30
MDRX39D8,Newex,4918.0,Kary Hendrixson,2017-05-11
ME3H0RUJ,Rantouch,3418.0,Rosalina Dieter,2017-09-21
ME7IZ1WY,Dalttechnology,48.0,Kary Hendrixson,2017-10-24
MEIBOSW7,Zencorporation,5106.0,Wilburn Farren,2017-11-29
MELHF0ZP,Rundofase,5373.0,Anna Snelling,2017-09-17
MENKE9IV,Singletechno,526.0,Kary Hendrixson,2017-11-30
MF6S92GQ,Dalttechnology,488.0,Kary Hendrixson,2017-12-08
MFV0C5RN,Vehement Capital Partners,5548.0,Reed Clapper,2017-03-09
MFX2LR1Q,Ron-tech,3573.0,Lajuana Vencill,2017-03-15
MFYR7SSG,Plexzap,53.0,Kami Bicknell,2017-12-15
MG0LTCCE,Xx-zobam,1231.0,Daniell Hammack,2017-07-30
MG3X7625,Isdom,5504.0,Cecily Lampkin,2017-12-22
MG3ZJ8F3,Inity,1110.0,Gladys Colclough,2017-12-11
MG7CZFIG,Konex,3225.0,Markita Hansen,2017-09-30
MGR0TSPK,Rangreen,946.0,Lajuana Vencill,2017-11-27
MHF6GSB6,Plussunin,3612.0,Reed Clapper,2017-10-29
MHMD41XY,Blackzim,51.0,Elease Gluck,2017-07-23
MHN0SWM2,Genco Pura Olive Oil Company,4527.0,Lajuana Vencill,2017-06-21
MIDW7Q49,Rangreen,2814.0,Niesha Huffines,2017-12-15
MITXNS42,Genco Pura Olive Oil Company,4809.0,Jonathan Berthelot,2017-11-10
MIX6JTSN,Statholdings,541.0,Moses Frase,2017-07-05
MJ0RRDLN,Gekko & Co,4639.0,Corliss Cosme,2017-12-05
MJ12SZ89,Goodsilron,4974.0,Maureen Marcano,2017-07-10
MJ3XHBY0,Donquadtech,3963.0,Reed Clapper,2017-08-14
MJF4D19K,Streethex,5858.0,Darcel Schlecht,2017-04-29
MJXPSHYT,Zencorporation,53.0,Violet Mclelland,2017-10-24
MK2YTCZN,Inity,58.0,Jonathan Berthelot,2017-10-06
MK57PHV1,Kan-code,4624.0,Cassey Cress,2017-05-25
MKAKCFBQ,Ganjaflex,5610.0,Boris Faz,2017-12-30
MKEVYIDI,Isdom,834.0,Jonathan Berthelot,2017-06-17
MKI4TLUN,Zencorporation,5112.0,Daniell Hammack,2017-12-18
ML5QMJPM,Konex,3497.0,Garret Kinder,2017-12-05
MLV2QDU6,Condax,5160.0,Lajuana Vencill,2017-11-26
MMGWAWBA,Treequote,6553.0,Marty Freudenburg,2017-06-02
MMIYELAE,Genco Pura Olive Oil Company,1071.0,Gladys Colclough,2017-11-19
MMKMJ0WC,Isdom,4494.0,Jonathan Berthelot,2017-06-07
MMUC1AXI,Gogozoom,5647.0,Darcel Schlecht,2017-08-09
MN34I4DD,Hatfan,5848.0,Kami Bicknell,2017-09-22
MN4ZHCUZ,Kan-code,3822.0,Cassey Cress,2017-11-23
MN8UHP5B,Y-corporation,4904.0,Kary Hendrixson,2017-08-12
MNC7Q3JJ,Labdrill,554.0,Vicki Laflamme,2017-06-21
MNTHSHH6,Cheers,5909.0,Maureen Marcano,2017-07-07
MOLGOSGE,Konex,5515.0,Kary Hendrixson,2017-03-13
MON3JWUF,Faxquote,583.0,Vicki Laflamme,2017-07-13
MOPWEMB5,Hatfan,4907.0,Vicki Laflamme,2017-03-16
MOSX49BG,Finjob,596.0,Kami Bicknell,2017-11-24
MP9PICCD,Treequote,4570.0,Darcel Schlecht,2017-12-30
MPMG4JTY,Hottechi,61.0,Vicki Laflamme,2017-12-28
MPVD0JVF,Singletechno,601.0,Maureen Marcano,2017-11-30
MQY3YOQS,Funholding,583.0,Jonathan Berthelot,2017-06-02
MR49QBLO,Konex,3264.0,Boris Faz,2017-11-21
MRGBSMQ5,Sunnamplex,988.0,Kary Hendrixson,2017-03-14
MRXZTMM6,Cheers,515.0,Kary Hendrixson,2017-03-20
MSE1UXKU,Ontomedia,5021.0,Cassey Cress,2017-03-20
MSEIIH95,Statholdings,3046.0,Versie Hillebrand,2017-03-23
MSN4ZNU6,Betasoloin,3673.0,Violet Mclelland,2017-12-28
MTBQF6FE,Globex Corporation,57.0,Anna Snelling,2017-11-05
MTKCJVFO,Initech,542.0,Cassey Cress,2017-06-18
MTZQ55RH,Zotware,493.0,Boris Faz,2017-11-24
MU6NOSH1,Funholding,624.0,Jonathan Berthelot,2017-06-17
MUHI7FIM,Sunnamplex,3367.0,Vicki Laflamme,2017-04-12
MUIT1E0M,Kan-code,5339.0,Kami Bicknell,2017-06-19
MUODVNBC,Betatech,54.0,Versie Hillebrand,2017-10-27
MUUNQNG2,Bioholding,1159.0,Darcel Schlecht,2017-09-17
MV1LWRNH,Codehow,588.0,Moses Frase,2017-03-09
MV4DK68W,Ron-tech,451.0,Lajuana Vencill,2017-10-26
MV7NPCI9,Betatech,519.0,Jonathan Berthelot,2017-10-29
MV9AO6WU,Finjob,3602.0,Elease Gluck,2017-03-12
MVU1OZVS,Rangreen,53.0,Versie Hillebrand,2017-11-30
MVZG0BSG,Donware,1095.0,Corliss Cosme,2017-10-16
MW3K8553,Zumgoity,4861.0,Darcel Schlecht,2017-08-23
MWAW08I7,Treequote,576.0,Jonathan Berthelot,2017-07-12
MWT1ZV0Y,Ron-tech,627.0,Jonathan Berthelot,2017-06-18
MWWB44CC,Donquadtech,950.0,Reed Clapper,2017-03-02
MX3QZ682,Globex Corporation,5107.0,Darcel Schlecht,2017-11-09
MXTAIS4Q,Iselectrics,3783.0,Wilburn Farren,2017-06-09
MXVBWIE5,Rundofase,460.0,Darcel Schlecht,2017-09-08
MYDUMR3R,Rangreen,559.0,Lajuana Vencill,2017-03-04
MZ987882,Warephase,1374.0,Moses Frase,2017-12-17
MZAN11FT,Conecom,625.0,Anna Snelling,2017-03-01
MZILPLUE,Finhigh,4727.0,Darcel Schlecht,2017-05-06
MZSCFJZS,Konmatfix,5708.0,Marty Freudenburg,2017-10-07
N0UCNVKJ,Dontechi,418.0,Niesha Huffines,2017-07-30
N0XWYRBU,Goodsilron,6186.0,Kami Bicknell,2017-11-10
N128I4H8,Nam-zim,66.0,Kary Hendrixson,2017-06-07
N1B45KIT,Y-corporation,5883.0,Maureen Marcano,2017-12-22
N1G2CFCB,Dalttechnology,500.0,Maureen Marcano,2017-09-06
N1H9ILZ9,Conecom,576.0,Anna Snelling,2017-09-03
N22XN5IM,Plusstrip,1082.0,Kami Bicknell,2017-12-04
N2C3ASJ9,Scotfind,6029.0,James Ascencio,2017-09-06
N2ESTUQT,Vehement Capital Partners,5127.0,Wilburn Farren,2017-10-10
N2KXGJO3,Silis,3033.0,Violet Mclelland,2017-08-01
N36DEZBR,Sunnamplex,4374.0,James Ascencio,2017-03-18
N3CN7GCZ,Nam-zim,60.0,Kary Hendrixson,2017-08-27
N3H82NHO,Newex,4865.0,Kami Bicknell,2017-06-02
N3TUSU37,Codehow,1012.0,Jonathan Berthelot,2017-08-11
N3YVDYY2,Ron-tech,947.0,Marty Freudenburg,2017-11-23
N4HFHDMW,Plussunin,3012.0,Wilburn Farren,2017-03-10
N4SD17JR,Acme Corporation,556.0,Reed Clapper,2017-03-01
N4Z3QYK7,Warephase,5033.0,Darcel Schlecht,2017-05-24
N4ZJ2PJT,Donware,2699.0,Wilburn Farren,2017-08-19
N55VF08D,Finhigh,54.0,Moses Frase,2017-05-20
N58V2ML8,Plussunin,50.0,Donn Cantrell,2017-04-14
N5AZLQZR,Dontechi,5533.0,Gladys Colclough,2017-03-14
N5QER189,Rundofase,1055.0,Darcel Schlecht,2017-05-11
N60UJ28O,Xx-holding,1158.0,Kary Hendrixson,2017-04-22
N6185PK0,Kinnamplus,525.0,Wilburn Farren,2017-05-13
N6ZLW0OG,Ganjaflex,927.0,Cassey Cress,2017-12-05
N78A330G,Bioholding,54.0,Gladys Colclough,2017-11-08
N8BM4XEP,The New York Inquirer,560.0,Corliss Cosme,2017-11-17
N8F2PFQP,Betasoloin,992.0,Boris Faz,2017-04-03
N8G3G1UF,Gogozoom,60.0,Versie Hillebrand,2017-05-29
N90VSHI2,Hottechi,4327.0,Elease Gluck,2017-06-07
N9C0OCYY,Inity,57.0,Gladys Colclough,2017-05-04
N9GAZ6B6,Zumgoity,49.0,Gladys Colclough,2017-03-20
N9KFQCOH,Vehement Capital Partners,5688.0,Rosie Papadopoulos,2017-09-05
N9VYMV3W,Funholding,4774.0,Darcel Schlecht,2017-03-10
N9ZBEJFI,Finhigh,3253.0,Cecily Lampkin,2017-12-28
N9ZXCBTU,Konex,985.0,Daniell Hammack,2017-06-25
NAQKOU0T,Fasehatice,1315.0,Hayden Neloms,2017-03-20
NAVG0P26,Rundofase,443.0,Moses Frase,2017-05-26
NBUHFAKW,Genco Pura Olive Oil Company,2477.0,Anna Snelling,2017-12-28
NBYPJR21,Finjob,5672.0,Kami Bicknell,2017-04-22
NC7V5K1T,Stanredtax,1194.0,Gladys Colclough,2017-08-28
NCF02FA5,Zoomit,953.0,Elease Gluck,2017-12-15
NCUXZU3S,Stanredtax,3892.0,Darcel Schlecht,2017-04-20
NDAFT4KV,Hatfan,1132.0,James Ascencio,2017-10-18
NDGQ0H91,Sumace,2871.0,Cassey Cress,2017-06-28
NDHQMBA0,Globex Corporation,1060.0,Darcel Schlecht,2017-08-03
NDVZAHYA,Golddex,524.0,Vicki Laflamme,2017-08-15
NE300YJ0,Treequote,571.0,Jonathan Berthelot,2017-11-24
NEM0GXXH,Scotfind,4956.0,James Ascencio,2017-05-04
NFFS1KSK,Zotware,512.0,Reed Clapper,2017-05-27
NFKUICVA,Singletechno,518.0,Kami Bicknell,2017-11-15
NFTSU7RW,Globex Corporation,4343.0,Darcel Schlecht,2017-04-17
NGTMVX1C,Globex Corporation,1040.0,Jonathan Berthelot,2017-06-21
NH44FYAA,Sunnamplex,62.0,Kary Hendrixson,2017-08-25
NHA6MNJF,Zotware,3061.0,Violet Mclelland,2017-09-26
NHDTSMX2,Sumace,4711.0,Cassey Cress,2017-03-02
NISR8D1V,Hottechi,553.0,Elease Gluck,2017-08-08
NJ1YGDZW,Stanredtax,4699.0,Darcel Schlecht,2017-10-28
NJC209SC,Cancity,5961.0,Darcel Schlecht,2017-09-27
NJCI3Y9S,Condax,4642.0,Zane Levy,2017-06-03
NJCSG7MX,Plexzap,532.0,Vicki Laflamme,2017-05-04
NJTWATVH,Labdrill,518.0,Zane Levy,2017-09-21
NKERC6IA,Zencorporation,3351.0,Reed Clapper,2017-07-11
NKL5SWX3,Zencorporation,1161.0,Reed Clapper,2017-06-01
NKO2JRRS,Umbrella Corporation,6155.0,Rosie Papadopoulos,2017-04-08
NKOKUS7D,Donware,3479.0,Cassey Cress,2017-03-12
NL3JZH1Z,Bioholding,53.0,Anna Snelling,2017-03-10
NLB4D5BQ,Gogozoom,2955.0,Versie Hillebrand,2017-03-24
NLKPA1KP,Inity,596.0,Darcel Schlecht,2017-08-11
NM2Q3CGW,Scotfind,55.0,Vicki Laflamme,2017-03-15
NMDMM5YJ,Dontechi,615.0,Moses Frase,2017-03-03
NMN9DVEV,Rangreen,1102.0,Gladys Colclough,2017-09-14
NN6CSUWT,Zathunicon,1065.0,Daniell Hammack,2017-03-21
NN9R2Y4W,Faxquote,49.0,Vicki Laflamme,2017-03-30
NNKWGFDH,Globex Corporation,57.0,Darcel Schlecht,2017-07-06
NNLNVB7E,The New York Inquirer,5529.0,Corliss Cosme,2017-11-06
NNM6GN1J,Initech,3275.0,Cassey Cress,2017-04-16
NNREN4Q5,Groovestreet,437.0,Kami Bicknell,2017-11-21
NOBIC0PD,Kan-code,4294.0,Cassey Cress,2017-08-17
NOHEK8PU,Ontomedia,483.0,Donn Cantrell,2017-09-17
NOPI41RP,Sonron,511.0,James Ascencio,2017-03-01
NOVPMLOV,Hottechi,1343.0,Niesha Huffines,2017-03-23
NOXNFJ2L,Warephase,1067.0,Darcel Schlecht,2017-05-17
NPHD3ZTC,Rangreen,574.0,Moses Frase,2017-09-03
NQU62K1H,Zencorporation,605.0,Donn Cantrell,2017-03-12
NQZNAEYQ,Lexiqvolax,560.0,Kami Bicknell,2017-09-03
NR1JSUPQ,Donware,973.0,Boris Faz,2017-11-11
NR5D7201,Kan-code,3527.0,Corliss Cosme,2017-09-03
NR9UD54C,Warephase,50.0,Versie Hillebrand,2017-11-27
NRMFYPAD,Treequote,6038.0,Anna Snelling,2017-12-30
NRYC7T45,Y-corporation,618.0,Zane Levy,2017-05-05
NTGU3NYS,Green-Plus,58.0,Elease Gluck,2017-09-30
NTHLG5DT,Golddex,595.0,Maureen Marcano,2017-09-08
NTNYA5PE,Cheers,505.0,Markita Hansen,2017-09-28
NU8LWEWU,Groovestreet,5264.0,James Ascencio,2017-05-03
NUA0OE6Z,Goodsilron,605.0,Markita Hansen,2017-06-03
NUBMO8S7,Kan-code,5315.0,Daniell Hammack,2017-12-07
NUNQGOUW,Statholdings,57.0,Moses Frase,2017-09-04
NVDVFYGE,Zumgoity,565.0,Jonathan Berthelot,2017-04-25
NW6OPA4M,Blackzim,4983.0,Kary Hendrixson,2017-05-21
NWQHHVEM,Goodsilron,5049.0,Vicki Laflamme,2017-08-21
NX2K0HQ9,Nam-zim,4352.0,Kami Bicknell,2017-08-16
NX4ODZY2,Streethex,1028.0,Darcel Schlecht,2017-08-31
NXFAXN16,Streethex,55.0,Anna Snelling,2017-09-27
NXHAAD08,Kan-code,1129.0,Zane Levy,2017-12-10
NXQR7LX6,Rundofase,4024.0,Darcel Schlecht,2017-10-26
NXXSU27K,The New York Inquirer,41.0,Corliss Cosme,2017-03-25
NY197B1A,Rangreen,611.0,Jonathan Berthelot,2017-12-30
NY21X16G,Zumgoity,5035.0,Darcel Schlecht,2017-03-10
NY9ARKRE,Codehow,51.0,Marty Freudenburg,2017-06-01
NYGZJYCJ,Faxquote,5625.0,James Ascencio,2017-05-26
NYI5VMXK,Codehow,3571.0,Anna Snelling,2017-09-06
NYLCZ28K,Treequote,3025.0,Moses Frase,2017-08-16
NYVA2G6U,Dontechi,57.0,Versie Hillebrand,2017-03-02
NZB45UZX,Genco Pura Olive Oil Company,4964.0,Darcel Schlecht,2017-09-03
O04P1WN6,Hottechi,4415.0,Vicki Laflamme,2017-12-17
O0NCMYX9,Betatech,460.0,Cecily Lampkin,2017-06-05
O11S2R63,Konex,1121.0,Boris Faz,2017-06-03
O1HKZ4ZF,Yearin,481.0,Donn Cantrell,2017-12-30
O22S564Y,Goodsilron,5042.0,Zane Levy,2017-05-20
O2CFE5KX,Fasehatice,50.0,Maureen Marcano,2017-11-03
O2CPAAF0,Plussunin,5197.0,Corliss Cosme,2017-06-26
O3K5RKMI,Treequote,752.0,Darcel Schlecht,2017-07-19
O3Q5B86F,Warephase,1118.0,Anna Snelling,2017-12-26
O462ARMZ,Condax,5429.0,Garret Kinder,2017-06-05
O4LNS6IC,Ontomedia,52.0,Daniell Hammack,2017-04-13
O6LVMQ5R,Dalttechnology,576.0,Kary Hendrixson,2017-07-07
O6T5WC3W,Sonron,1108.0,Hayden Neloms,2017-03-04
O7E0302B,Xx-zobam,524.0,Rosie Papadopoulos,2017-09-13
O7U4I96P,Scotfind,47.0,Vicki Laflamme,2017-09-29
O7WVUMZ5,Finjob,1139.0,Vicki Laflamme,2017-10-09
O7YNBRX0,Donquadtech,1100.0,Reed Clapper,2017-03-28
O8JF46GT,Genco Pura Olive Oil Company,657.0,Darcel Schlecht,2017-03-12
O8QGRK5P,Sunnamplex,549.0,Kary Hendrixson,2017-10-14
O916VMU7,Rantouch,2833.0,Vicki Laflamme,2017-12-22
O9MGYBG4,Silis,965.0,Rosie Papadopoulos,2017-12-02
O9MHRAK6,Finjob,532.0,Vicki Laflamme,2017-12-14
OAMR9KPA,Bluth Company,550.0,Corliss Cosme,2017-12-21
OATOYNX2,Bioholding,63.0,Anna Snelling,2017-06-27
OB2PHGFR,J-Texon,3308.0,Elease Gluck,2017-11-04
OB3K0SVW,Goodsilron,624.0,Kary Hendrixson,2017-08-08
OB3OK8BQ,Dontechi,615.0,Marty Freudenburg,2017-12-26
OB8UCQ17,Warephase,490.0,Jonathan Berthelot,2017-07-26
OBE9NAIO,Massive Dynamic,538.0,Reed Clapper,2017-06-04
OBFCOV33,Scotfind,4139.0,Markita Hansen,2017-12-08
OC66D0JA,Goodsilron,467.0,Zane Levy,2017-04-11
OC6ZMTK5,Initech,1096.0,Daniell Hammack,2017-10-13
OCLEO3CD,Fasehatice,6079.0,Vicki Laflamme,2017-05-19
OCMCRBJR,Mathtouch,3830.0,Boris Faz,2017-09-18
OCVCCWPQ,Codehow,52.0,Gladys Colclough,2017-12-24
OEBJXZN6,Dontechi,3625.0,Darcel Schlecht,2017-08-13
OEUK1UW5,Condax,1123.0,Corliss Cosme,2017-11-09
OF5AZQID,Dontechi,4810.0,Darcel Schlecht,2017-11-05
OF7GY5F4,The New York Inquirer,61.0,Violet Mclelland,2017-03-09
OFEUX5PI,Hatfan,5190.0,Vicki Laflamme,2017-10-28
OFIORN0G,Finhigh,1140.0,Jonathan Berthelot,2017-06-11
OFP1MLFY,Statholdings,3932.0,Darcel Schlecht,2017-12-09
OFQCCQ6I,Xx-zobam,6920.0,Daniell Hammack,2017-06-23
OG13XT4P,Ron-tech,54.0,Niesha Huffines,2017-09-19
OGD4MDJ9,Lexiqvolax,891.0,Maureen Marcano,2017-03-21
OGENAT0L,Singletechno,552.0,Zane Levy,2017-03-27
OH7VVUY0,Hottechi,5028.0,Gladys Colclough,2017-06-29
OHD4TPKZ,Gogozoom,1166.0,Anna Snelling,2017-10-11
OHJGW03I,Yearin,55.0,Violet Mclelland,2017-07-13
OHVPXBSR,Yearin,5316.0,Donn Cantrell,2017-04-13
OI6UHCTN,Blackzim,570.0,Zane Levy,2017-04-23
OJ0C7S3T,Genco Pura Olive Oil Company,4784.0,Gladys Colclough,2017-04-24
OJ1WKIVY,Zencorporation,514.0,Wilburn Farren,2017-08-29
OJ9KBQML,Inity,454.0,Lajuana Vencill,2017-09-19
OJBBZHM4,Genco Pura Olive Oil Company,497.0,Anna Snelling,2017-06-11
OJMME9V9,Konex,5747.0,Boris Faz,2017-08-25
OJPTGB57,Konex,1135.0,Reed Clapper,2017-05-17
OJSYLHMZ,Zoomit,550.0,Vicki Laflamme,2017-06-28
OJVA8ZEK,Acme Corporation,966.0,Daniell Hammack,2017-06-08
OK7R7I2A,Rundofase,4819.0,Darcel Schlecht,2017-12-04
OLK9LKZB,Zumgoity,1026.0,Niesha Huffines,2017-03-03
ON2ZRW1X,Hottechi,4009.0,Kary Hendrixson,2017-12-24
OO3BM7A9,Konex,3700.0,Hayden Neloms,2017-11-03
OOB372R5,Condax,544.0,Zane Levy,2017-10-12
OOGOZGGV,Faxquote,882.0,Maureen Marcano,2017-04-04
OP2DIRC2,Inity,536.0,Lajuana Vencill,2017-07-19
OPEICJES,Konmatfix,52.0,Anna Snelling,2017-06-09
OPFBXGFV,Scotfind,50.0,Markita Hansen,2017-12-12
OQBVGILR,Singletechno,56.0,Markita Hansen,2017-12-16
OQQWTFSZ,Betatech,4688.0,Darcel Schlecht,2017-10-27
OQYDQCTM,Rangreen,59.0,Anna Snelling,2017-07-25
OR0PEAIV,Ron-tech,1133.0,Marty Freudenburg,2017-11-30
OREPAY0O,Hatfan,1150.0,Kami Bicknell,2017-06-22
ORG6MXKF,Condax,1135.0,Markita Hansen,2017-06-26
ORJRH2SQ,Green-Plus,1105.0,Markita Hansen,2017-08-14
ORUHS3Q2,Sonron,432.0,Rosalina Dieter,2017-11-17
OS2CD01K,Streethex,5220.0,Darcel Schlecht,2017-04-21
OT87JDWO,Konmatfix,560.0,Lajuana Vencill,2017-03-24
OTNZ5ZCN,Singletechno,5099.0,Vicki Laflamme,2017-09-06
OTQTFK48,Plexzap,1203.0,Kary Hendrixson,2017-11-11
OU42AWAE,Hatfan,531.0,Kami Bicknell,2017-11-22
OU9O62Y7,Cancity,4749.0,Cecily Lampkin,2017-08-04
OUIK8VX3,Lexiqvolax,23746.0,Elease Gluck,2017-04-20
OUMM04QV,Warephase,4651.0,Moses Frase,2017-07-18
OUR875IK,Xx-zobam,564.0,Donn Cantrell,2017-04-06
OV08QE7X,Cheers,488.0,Kary Hendrixson,2017-04-10
OV5X3O5I,Betasoloin,493.0,Cassey Cress,2017-03-27
OVPNOM6O,Gogozoom,5520.0,Cecily Lampkin,2017-12-04
OWGXQLJS,Ron-tech,4834.0,Darcel Schlecht,2017-10-25
OWM3BPGW,Green-Plus,926.0,Hayden Neloms,2017-03-17
OX0NE27G,Kan-code,1195.0,Zane Levy,2017-10-31
OX4P78HP,Xx-zobam,1257.0,Corliss Cosme,2017-03-16
OXL0YWEE,Mathtouch,504.0,Violet Mclelland,2017-03-18
OY08XJ2E,Gekko & Co,1079.0,Corliss Cosme,2017-11-12
OZ5O64KJ,Konmatfix,5639.0,Darcel Schlecht,2017-05-28
OZDJFUHH,Fasehatice,901.0,Hayden Neloms,2017-04-09
P07OGZ3F,Stanredtax,54.0,Anna Snelling,2017-08-28
P0BMLVSL,Codehow,5820.0,Darcel Schlecht,2017-08-09
P0YQ3HNN,Kan-code,1128.0,Reed Clapper,2017-09-11
P13DDOTM,Bioplex,59.0,Rosie Papadopoulos,2017-03-08
P1E4KWF7,Konex,59.0,Rosie Papadopoulos,2017-07-01
P1KS5YFX,Rundofase,59.0,Anna Snelling,2017-06-07
P214KAH8,Yearin,3644.0,Donn Cantrell,2017-11-29
P2LY9NFN,Bioplex,4942.0,Cassey Cress,2017-05-08
P2PVED7R,Kan-code,907.0,Cassey Cress,2017-08-30
P2ST849C,Opentech,57.0,Violet Mclelland,2017-06-16
P2VXL7MO,Scotfind,4761.0,Hayden Neloms,2017-04-10
P2YWZPES,Konex,622.0,Vicki Laflamme,2017-11-04
P3HO0L6P,Condax,53.0,Anna Snelling,2017-11-14
P3VM7655,Dontechi,3281.0,Jonathan Berthelot,2017-05-06
P4GX3HZH,Dontechi,52.0,Anna Snelling,2017-05-26
P4RDU8QM,Xx-holding,3151.0,Hayden Neloms,2017-05-19
P4RLJHR3,Umbrella Corporation,566.0,Violet Mclelland,2017-11-15
P570QB1D,Isdom,57.0,Versie Hillebrand,2017-10-17
P5B6BZWO,Finhigh,526.0,Moses Frase,2017-07-30
P5BRH80Z,Rundofase,53.0,Cecily Lampkin,2017-03-27
P5EVJUKQ,Conecom,1056.0,Anna Snelling,2017-06-10
P5MLWDXX,Vehement Capital Partners,3641.0,Daniell Hammack,2017-06-19
P60EK5NN,Zumgoity,2739.0,Moses Frase,2017-09-21
P60PIE95,Yearin,5861.0,Donn Cantrell,2017-09-16
P6BJ24ZP,Plussunin,1202.0,Cassey Cress,2017-07-20
P7GCDFU8,Massive Dynamic,649.0,Reed Clapper,2017-09-14
P7LVKDC9,Hottechi,1163.0,Cecily Lampkin,2017-06-27
P858PP0L,Stanredtax,3894.0,Moses Frase,2017-12-17
P89VI9EN,Bubba Gump,5873.0,Reed Clapper,2017-07-22
P8P9MKJL,dambase,5548.0,Gladys Colclough,2017-09-23
P96S0ATV,Massive Dynamic,2677.0,Boris Faz,2017-06-01
P9SDPJJO,Green-Plus,450.0,Kary Hendrixson,2017-04-06
PA55AGYL,Cheers,5212.0,Zane Levy,2017-05-31
PAGZQH8L,Treequote,3956.0,Cecily Lampkin,2017-03-06
PAQOPSR0,Silis,551.0,Corliss Cosme,2017-06-25
PAQTBHVA,Zathunicon,59.0,Cassey Cress,2017-09-23
PAUXUGK3,Sonron,997.0,Kary Hendrixson,2017-07-30
PBGAZKMQ,Stanredtax,575.0,Jonathan Berthelot,2017-11-22
PBGB323I,Cancity,549.0,Moses Frase,2017-10-07
PBJ01MRE,Zathunicon,53.0,Violet Mclelland,2017-09-21
PC1NUL8Q,Hottechi,60.0,Anna Snelling,2017-03-02
PC2V729V,Newex,557.0,Kami Bicknell,2017-05-04
PC78RLUX,Yearin,510.0,Garret Kinder,2017-03-30
PCBA3KAV,Zathunicon,3618.0,Reed Clapper,2017-06-05
PCQUKUM5,Dontechi,4809.0,Marty Freudenburg,2017-09-16
PCTOIQZA,Rangreen,3552.0,Gladys Colclough,2017-11-14
PDH2NPE1,Codehow,4109.0,Moses Frase,2017-06-28
PDI7F0LR,Ganjaflex,2613.0,Cassey Cress,2017-12-04
PDMWTS8O,Domzoom,54.0,Anna Snelling,2017-06-04
PDXFONE0,Mathtouch,5420.0,Reed Clapper,2017-06-07
PDXFX23P,Initech,4287.0,Corliss Cosme,2017-10-26
PE3P7M7S,Statholdings,55.0,Anna Snelling,2017-09-08
PE84CX4O,Hatfan,517.0,Zane Levy,2017-03-02
PE8DK02A,Ron-tech,49.0,Versie Hillebrand,2017-03-17
PEFTXK4Q,Kinnamplus,3350.0,Wilburn Farren,2017-09-10
PEGFPDVU,Konex,5604.0,Violet Mclelland,2017-09-30
PERK5YXJ,Iselectrics,1111.0,Daniell Hammack,2017-12-13
PEVJ6O6R,Silis,4064.0,Reed Clapper,2017-03-27
PF7GFMLQ,Condax,595.0,Donn Cantrell,2017-08-10
PFUE2JYB,Finjob,56.0,Vicki Laflamme,2017-05-26
PGCWLU4L,Gekko & Co,678.0,Daniell Hammack,2017-11-20
PGG2DUPO,Ron-tech,1133.0,Lajuana Vencill,2017-10-31
PGK5K24U,Plussunin,4780.0,Donn Cantrell,2017-08-28
PGRIPWHY,Sonron,5853.0,Zane Levy,2017-04-25
PGT70Q4T,Plexzap,3663.0,Markita Hansen,2017-12-01
PGYBGBU3,Yearin,4491.0,Daniell Hammack,2017-09-11
PH1IKJ0W,Kan-code,4732.0,Boris Faz,2017-11-26
PH5GSB37,Massive Dynamic,5833.0,Boris Faz,2017-08-26
PHAFVDFO,Konmatfix,55.0,Cecily Lampkin,2017-04-20
PHR8KB1Y,Warephase,6270.0,Niesha Huffines,2017-05-15
PI0FYKXU,Zathunicon,5274.0,Cassey Cress,2017-07-04
PI8RROK0,Stanredtax,2949.0,Versie Hillebrand,2017-09-21
PJ21R88K,Green-Plus,63.0,Markita Hansen,2017-11-04
PJDA3RWU,Condax,60.0,Versie Hillebrand,2017-08-03
PJJMVZAL,Treequote,538.0,Jonathan Berthelot,2017-10-29
PK0T5N02,Initech,1093.0,Reed Clapper,2017-05-26
PLM5WEY4,Plexzap,3316.0,Vicki Laflamme,2017-04-06
PLQ50D2O,Domzoom,3240.0,Anna Snelling,2017-12-26
PLRBC69J,Rangreen,1153.0,Darcel Schlecht,2017-09-26
PLV91KH7,Silis,4345.0,Cassey Cress,2017-10-27
PLW3NMLJ,Faxquote,2718.0,Hayden Neloms,2017-07-28
PLYYX5CD,Hottechi,5769.0,Jonathan Berthelot,2017-08-17
PMHOZRJN,Condax,62.0,Kami Bicknell,2017-09-17
PMQCN4PR,Finjob,565.0,Kary Hendrixson,2017-07-09
PMVKMS6A,J-Texon,507.0,Zane Levy,2017-09-27
PN0IWJ0N,Hottechi,1089.0,Anna Snelling,2017-10-30
PN4VJDXY,Rundofase,557.0,Moses Frase,2017-03-28
PNL17RE9,Zencorporation,5133.0,Corliss Cosme,2017-06-28
PNNZM0OZ,Conecom,5064.0,Jonathan Berthelot,2017-12-28
PNUBACZM,Isdom,4606.0,Darcel Schlecht,2017-06-07
POFA8BWL,Acme Corporation,3850.0,Rosie Papadopoulos,2017-04-23
POLWB0UX,Xx-zobam,4687.0,Corliss Cosme,2017-06-06
PPXIWYMT,Fasehatice,951.0,Maureen Marcano,2017-09-12
PQ3CLZ2N,Massive Dynamic,3158.0,Violet Mclelland,2017-09-10
PQJZ5Z3R,Labdrill,3035.0,Kami Bicknell,2017-05-12
PRHL94PK,Xx-zobam,3666.0,Wilburn Farren,2017-08-05
PRMMZX9O,Newex,999.0,Zane Levy,2017-06-02
PRQ96EWX,Gekko & Co,4445.0,Daniell Hammack,2017-09-07
PSGTTYUT,Rangreen,494.0,Lajuana Vencill,2017-06-06
PSKWV2JJ,Blackzim,1011.0,Zane Levy,2017-11-19
PST4NDK4,Funholding,502.0,Lajuana Vencill,2017-08-09
PT0I4XSM,Plexzap,1232.0,Hayden Neloms,2017-10-07
PU2UJDTV,Scotfind,4063.0,Markita Hansen,2017-09-05
PUP6JDT9,Kan-code,3464.0,Kami Bicknell,2017-09-12
PUTILZZG,Treequote,568.0,Niesha Huffines,2017-08-09
PV1DISEC,Hottechi,6101.0,Zane Levy,2017-03-16
PVYIL0X4,Scotfind,3448.0,Hayden Neloms,2017-08-21
PW7QNSFG,Lexiqvolax,3275.0,Rosalina Dieter,2017-11-06
PWKFVQFA,Warephase,3354.0,Cecily Lampkin,2017-11-08
PWOX6RY8,Rangreen,63.0,Niesha Huffines,2017-11-22
PXQEX039,Konmatfix,51.0,Versie Hillebrand,2017-03-28
PXXIJWXD,Streethex,4313.0,Darcel Schlecht,2017-11-02
PY96Q77S,Rangreen,4130.0,Darcel Schlecht,2017-10-20
PYEQPW42,Dontechi,4784.0,Anna Snelling,2017-05-09
PYIQ65W0,Zotware,5088.0,Corliss Cosme,2017-07-02
PYY9M6Q4,Mathtouch,4152.0,Donn Cantrell,2017-04-13
PYZZ3IS6,Blackzim,1043.0,Markita Hansen,2017-03-11
PZB9NUK8,Y-corporation,46.0,Vicki Laflamme,2017-03-05
Q06QD8ZW,Globex Corporation,54.0,Anna Snelling,2017-11-03
Q0KYIEKA,Globex Corporation,580.0,Jonathan Berthelot,2017-04-26
Q0MRZHN7,Konex,57.0,Maureen Marcano,2017-05-12
Q0R3ZBNT,Silis,56.0,Wilburn Farren,2017-11-08
Q16BQCEL,Kinnamplus,1001.0,Boris Faz,2017-03-18
Q1CFR580,Dalttechnology,56.0,Markita Hansen,2017-11-18
Q1MP64HG,Zotware,1123.0,Reed Clapper,2017-06-11
Q1ZKBGV5,Globex Corporation,46.0,Anna Snelling,2017-05-23
Q306R9K4,Ganjaflex,1066.0,Boris Faz,2017-10-21
Q34UWP01,Zathunicon,1179.0,Wilburn Farren,2017-12-19
Q37IWCG1,Funholding,51.0,Gladys Colclough,2017-05-11
Q3HYAWDW,Golddex,3838.0,Markita Hansen,2017-08-24
Q3K6K5V9,Zoomit,52.0,Vicki Laflamme,2017-12-26
Q3TDGMAR,Donquadtech,48.0,Violet Mclelland,2017-11-12
Q3WLHRE9,Statholdings,463.0,Darcel Schlecht,2017-03-04
Q4KZSJ6Q,dambase,510.0,Moses Frase,2017-10-07
Q5CABPMO,Funholding,44.0,Gladys Colclough,2017-03-23
Q5E0NILP,Donware,2984.0,Reed Clapper,2017-10-03
Q5JU0LZJ,Inity,479.0,Niesha Huffines,2017-09-26
Q67320CY,Sunnamplex,3480.0,Hayden Neloms,2017-08-17
Q6F9JWTY,Rangreen,3131.0,Lajuana Vencill,2017-12-10
Q6MGPT50,Inity,5192.0,Gladys Colclough,2017-12-09
Q7IIF1IP,J-Texon,55.0,Vicki Laflamme,2017-06-05
Q7IRUJK7,Codehow,5087.0,Anna Snelling,2017-03-01
Q808L4HZ,Newex,5194.0,James Ascencio,2017-08-07
Q81Q0PJK,Warephase,991.0,Anna Snelling,2017-07-06
Q949MQ5W,Sunnamplex,5137.0,Maureen Marcano,2017-05-22
Q9BUCL60,Ganjaflex,1054.0,Daniell Hammack,2017-12-03
QABD6SAS,Singletechno,1064.0,Zane Levy,2017-09-21
QBCK25DV,Inity,58.0,Anna Snelling,2017-04-15
QCH2R1VO,Konex,4022.0,Kary Hendrixson,2017-08-12
QCIG6H19,Isdom,1114.0,Darcel Schlecht,2017-08-31
QCN2DZQQ,The New York Inquirer,948.0,Reed Clapper,2017-09-21
QCY951QA,Donquadtech,51.0,Violet Mclelland,2017-05-06
QDNA6HW3,Rangreen,3271.0,Gladys Colclough,2017-08-07
QDRYCR05,Konmatfix,970.0,Niesha Huffines,2017-04-10
QDYFLOZW,Statholdings,55.0,Anna Snelling,2017-09-23
QF1I965E,Mathtouch,3340.0,Garret Kinder,2017-09-30
QFBBRJL5,Umbrella Corporation,60.0,Reed Clapper,2017-09-26
QFBITAKR,J-Texon,507.0,James Ascencio,2017-08-10
QFIEJY21,Condax,610.0,Maureen Marcano,2017-12-05
QFKL9UK2,J-Texon,4727.0,Kary Hendrixson,2017-10-05
QFU565JJ,Initech,5582.0,Rosie Papadopoulos,2017-05-07
QFXZT1TV,Yearin,573.0,Donn Cantrell,2017-12-20
QHI8WRIA,Dontechi,4511.0,Darcel Schlecht,2017-03-30
QHVGK8DM,Condax,61.0,Zane Levy,2017-11-30
QJ9H7Y8W,Sunnamplex,59.0,Kami Bicknell,2017-12-18
QJV1UWL5,Rantouch,54.0,Vicki Laflamme,2017-12-20
QK5BW61U,Acme Corporation,3012.0,Donn Cantrell,2017-08-05
QK98E62R,Ganjaflex,5301.0,Cassey Cress,2017-12-29
QKKZQJ46,Zencorporation,52.0,Violet Mclelland,2017-06-16
QKQ5N9Z1,Massive Dynamic,1033.0,Corliss Cosme,2017-04-23
QL7H3WQZ,Warephase,1091.0,Jonathan Berthelot,2017-04-09
QL97HH1Y,Dontechi,58.0,Versie Hillebrand,2017-05-19
QLTDWAEM,Scottech,54.0,Marty Freudenburg,2017-06-19
QM6GJ78P,Blackzim,59.0,Kami Bicknell,2017-07-07
QMJHLT1V,Hottechi,59.0,Moses Frase,2017-09-20
QNFO4GX8,Blackzim,502.0,Kami Bicknell,2017-04-28
QO6CI3P4,Gekko & Co,45.0,Violet Mclelland,2017-04-07
QODSAVWU,Isdom,5615.0,Gladys Colclough,2017-04-04
QOL51JIB,Goodsilron,601.0,James Ascencio,2017-03-10
QPFNQYMV,Inity,3581.0,Gladys Colclough,2017-05-14
QPMZ5RG0,Streethex,53.0,Moses Frase,2017-08-27
QPPUCKFM,Dalttechnology,47.0,Rosalina Dieter,2017-03-06
QQ96SPTU,Newex,1144.0,Maureen Marcano,2017-08-23
QQCIN1M4,Initech,420.0,Daniell Hammack,2017-06-26
QQDO45YR,Warephase,3470.0,Cecily Lampkin,2017-05-09
QQH0YV1W,Treequote,54.0,Jonathan Berthelot,2017-04-24
QRKHWNRB,Faxquote,63.0,Elease Gluck,2017-06-25
QROXE17S,Rangreen,1084.0,Versie Hillebrand,2017-08-29
QRVHBQSF,Ganjaflex,49.0,Donn Cantrell,2017-04-16
QS440NN9,Goodsilron,1077.0,Kary Hendrixson,2017-11-30
QSBKLWSW,Opentech,542.0,Violet Mclelland,2017-06-29
QSHP9AHU,Funholding,847.0,Moses Frase,2017-12-13
QSQ42Q6M,Kan-code,2928.0,Reed Clapper,2017-06-15
QT7LRWTN,Cheers,3357.0,Vicki Laflamme,2017-05-04
QTNPGKJ7,Hatfan,3169.0,Kary Hendrixson,2017-06-26
QU4FNKZL,Statholdings,5423.0,Darcel Schlecht,2017-05-09
QU7MSL36,Plussunin,4837.0,Reed Clapper,2017-07-09
QUGPSHY8,Gogozoom,56.0,Jonathan Berthelot,2017-04-27
QUOU67L5,Globex Corporation,1015.0,Gladys Colclough,2017-08-14
QVF0JRM5,Domzoom,3459.0,Jonathan Berthelot,2017-03-28
QVWPMJ8R,Kan-code,6540.0,Donn Cantrell,2017-11-28
QW4QPPSY,Gekko & Co,877.0,Donn Cantrell,2017-08-24
QW9JMUTD,Finhigh,53.0,Darcel Schlecht,2017-04-22
QWL218JV,Singletechno,2919.0,Vicki Laflamme,2017-06-13
QWLH0WD8,Hottechi,1214.0,Zane Levy,2017-06-13
QX4VN0WB,Mathtouch,592.0,Daniell Hammack,2017-09-01
QXU90OP8,Zotware,586.0,Corliss Cosme,2017-03-22
QXWLE549,Gogozoom,574.0,Marty Freudenburg,2017-11-17
QY6HCHDH,Condax,52.0,Anna Snelling,2017-05-25
QYTGB5LA,dambase,5145.0,Versie Hillebrand,2017-08-19
QYUZ3KVU,Mathtouch,3114.0,Donn Cantrell,2017-08-11
QYWZZ16B,Betatech,4410.0,Darcel Schlecht,2017-06-24
QZ3VV4C1,Sunnamplex,4719.0,Kary Hendrixson,2017-03-08
QZE24X2H,Y-corporation,584.0,Maureen Marcano,2017-06-01
R034IT17,Bubba Gump,54.0,Rosie Papadopoulos,2017-05-12
R0O1UYNW,Bluth Company,53.0,Violet Mclelland,2017-08-10
R0R0V2O5,Finjob,4709.0,Maureen Marcano,2017-12-09
R0XAJA2I,Hottechi,974.0,Hayden Neloms,2017-04-17
R0ZYAJFM,Isdom,5629.0,Cecily Lampkin,2017-07-14
R102IPTH,Faxquote,5839.0,Kary Hendrixson,2017-04-19
R19OP4QL,Rangreen,577.0,Moses Frase,2017-10-19
R1X6U9CU,Kan-code,4231.0,James Ascencio,2017-08-05
R1Z8J1JL,Konex,903.0,Reed Clapper,2017-12-21
R2DID6L7,Acme Corporation,52.0,Violet Mclelland,2017-11-04
R2DKRFDD,Donquadtech,578.0,Cassey Cress,2017-11-02
R2E45IQ8,Conecom,5144.0,Darcel Schlecht,2017-10-03
R3OR0J5C,Gogozoom,54.0,Lajuana Vencill,2017-03-30
R4F4RGAL,Silis,3558.0,Violet Mclelland,2017-03-14
R4L36Y0P,Stanredtax,579.0,Marty Freudenburg,2017-03-26
R4LH95QS,Mathtouch,4475.0,Daniell Hammack,2017-03-03
R5ILWVDD,Stanredtax,57.0,Anna Snelling,2017-12-13
R5V9DX5U,Rangreen,3206.0,Cecily Lampkin,2017-11-28
R617R51D,Cancity,540.0,Niesha Huffines,2017-09-03
R65NL57V,Plussunin,56.0,Rosie Papadopoulos,2017-11-05
R6F1053X,Konex,5186.0,Donn Cantrell,2017-08-11
R6OM4EDE,Blackzim,524.0,Maureen Marcano,2017-11-01
R707GGNA,Y-corporation,7356.0,James Ascencio,2017-06-26
R7GYOI0M,Hatfan,5547.0,James Ascencio,2017-12-10
R7IIOFBH,Kan-code,566.0,Garret Kinder,2017-08-05
R7LGVRHC,J-Texon,4467.0,Kami Bicknell,2017-11-12
R7XZAIWS,Genco Pura Olive Oil Company,3257.0,Jonathan Berthelot,2017-03-14
R892OD1B,Rundofase,57.0,Versie Hillebrand,2017-12-08
R8CMI00I,Kan-code,555.0,Garret Kinder,2017-06-06
R8MZ10BW,Ron-tech,52.0,Versie Hillebrand,2017-09-29
R8N49PHN,Singletechno,5497.0,Zane Levy,2017-03-02
R8PEL8V8,Isdom,2955.0,Cecily Lampkin,2017-03-16
R9RWFEEJ,Gekko & Co,59.0,Corliss Cosme,2017-11-23
R9V8QAPK,Kan-code,58.0,Rosie Papadopoulos,2017-07-14
R9VR53F3,Umbrella Corporation,6284.0,Daniell Hammack,2017-08-14
R9ZAKBFE,Domzoom,1155.0,Gladys Colclough,2017-03-10
R9ZOFUBX,Streethex,513.0,Lajuana Vencill,2017-12-13
RA1UBXY9,Warephase,4375.0,Gladys Colclough,2017-03-24
RA77E84P,Globex Corporation,578.0,Niesha Huffines,2017-09-08
RABLXW5E,Hatfan,56.0,Kami Bicknell,2017-09-02
RAPX57I3,Kinnamplus,57.0,Boris Faz,2017-11-25
RAUWH0GP,Labdrill,6105.0,Kami Bicknell,2017-11-27
RB54V758,Sunnamplex,3039.0,James Ascencio,2017-08-17
RB7IA4JX,Rundofase,546.0,Jonathan Berthelot,2017-06-28
RB8GDYFY,Betatech,67.0,Gladys Colclough,2017-12-29
RB8LSFVK,Sonron,52.0,Markita Hansen,2017-08-24
RBB3C85Q,Gogozoom,4272.0,Marty Freudenburg,2017-06-24
RC1YCAEP,Goodsilron,431.0,James Ascencio,2017-08-16
RCDG00F7,Rantouch,601.0,Zane Levy,2017-12-04
RCGBY4IA,Condax,553.0,Reed Clapper,2017-11-01
RCNTHN0E,Singletechno,65.0,James Ascencio,2017-08-20
RCQDGE4W,Cancity,6292.0,Marty Freudenburg,2017-05-04
RD0L0NJG,Rantouch,464.0,Zane Levy,2017-04-27
RDC531P5,Inity,3578.0,Darcel Schlecht,2017-10-30
RDFUGEA2,Hottechi,586.0,James Ascencio,2017-09-15
RDMKSDT0,Plusstrip,4872.0,Kami Bicknell,2017-12-10
RDQZ245F,Dalttechnology,56.0,Elease Gluck,2017-05-29
RDZ2FC3A,Warephase,537.0,Darcel Schlecht,2017-12-11
REDGEUCP,Genco Pura Olive Oil Company,3763.0,Darcel Schlecht,2017-03-10
REJ11LRY,Mathtouch,1233.0,Garret Kinder,2017-03-14
RELG4CYQ,Gogozoom,54.0,Anna Snelling,2017-10-30
RENW2N0H,Bioplex,5186.0,Reed Clapper,2017-11-19
RFNRVNXJ,Kinnamplus,5763.0,Rosie Papadopoulos,2017-05-20
RFTDQJ0U,Bioplex,558.0,Rosie Papadopoulos,2017-10-01
RFUJTKVO,Domzoom,55.0,Marty Freudenburg,2017-11-28
RGCH6CUF,Goodsilron,975.0,Hayden Neloms,2017-06-20
RGRUF328,Statholdings,48.0,Gladys Colclough,2017-08-14
RGUC0V54,Zoomit,882.0,Maureen Marcano,2017-09-19
RGYBSSEK,Statholdings,3532.0,Lajuana Vencill,2017-04-17
RH805ELL,Hatfan,5079.0,Zane Levy,2017-06-29
RHXY2M2W,Gogozoom,47.0,Lajuana Vencill,2017-04-18
RJD0D0GD,Zoomit,4356.0,Zane Levy,2017-09-06
RJYMI03Q,Xx-zobam,5125.0,Corliss Cosme,2017-05-28
RK5Y67V6,Stanredtax,60.0,Darcel Schlecht,2017-03-08
RKT3WVBC,Iselectrics,470.0,Garret Kinder,2017-09-20
RKTTVMMP,Y-corporation,1121.0,Maureen Marcano,2017-09-10
RLAGB32O,Nam-zim,556.0,Maureen Marcano,2017-05-10
RLHNEVYY,Conecom,5008.0,Darcel Schlecht,2017-09-10
RLHNJZBW,Conecom,5843.0,Darcel Schlecht,2017-08-11
RLJI4F93,Donware,4975.0,Corliss Cosme,2017-09-18
RLTHGLLJ,Singletechno,4773.0,Kami Bicknell,2017-11-23
RLUGVSNV,Funholding,943.0,Darcel Schlecht,2017-05-12
RMFG5C6C,Globex Corporation,4594.0,Darcel Schlecht,2017-10-09
RNCYPVJO,Stanredtax,2970.0,Gladys Colclough,2017-07-31
RNH95U0V,Zotware,6346.0,Reed Clapper,2017-08-20
RNUH1SI8,Kan-code,3398.0,James Ascencio,2017-05-07
RO6QLRCX,Plussunin,422.0,Cassey Cress,2017-05-30
RO8TURF5,Donquadtech,557.0,Cassey Cress,2017-11-30
ROBBKT4T,Isdom,59.0,Anna Snelling,2017-08-04
ROD5WJDM,Yearin,4140.0,Reed Clapper,2017-12-14
ROQBT7TM,Condax,54.0,Anna Snelling,2017-06-20
ROUOR5L0,Finjob,1145.0,Maureen Marcano,2017-08-02
RP5PS9A5,Betatech,56.0,Lajuana Vencill,2017-03-10
RQ3BV2I5,Mathtouch,3729.0,Daniell Hammack,2017-09-27
RQ5FNR4O,Groovestreet,662.0,Maureen Marcano,2017-11-18
RQXFD7FW,Sonron,4428.0,Zane Levy,2017-09-08
RR4FWSVB,Toughzap,3025.0,Moses Frase,2017-05-11
RRKQ0P07,Nam-zim,5169.0,Markita Hansen,2017-05-03
RRQIGS7E,dambase,53.0,Anna Snelling,2017-08-18
RS13M1ZP,Stanredtax,3212.0,Gladys Colclough,2017-10-08
RSBEC5KF,Fasehatice,4389.0,James Ascencio,2017-10-20
RSEDY99J,Hottechi,1055.0,Jonathan Berthelot,2017-06-16
RSFYKC1F,Betatech,619.0,Moses Frase,2017-06-25
RSSYISWE,Labdrill,3331.0,Hayden Neloms,2017-12-01
RSZC6BMW,Toughzap,538.0,Moses Frase,2017-05-07
RTH5O6ZW,Mathtouch,3600.0,Cassey Cress,2017-06-13
RU023K5W,Finhigh,2972.0,Gladys Colclough,2017-03-17
RU3OP2BA,J-Texon,3070.0,Zane Levy,2017-06-26
RU9Y6GR1,Plexzap,1117.0,James Ascencio,2017-12-10
RUCPPMPY,Zoomit,3179.0,Elease Gluck,2017-06-16
RUYLZD4O,Sonron,4798.0,Kary Hendrixson,2017-06-29
RV3LPOYP,Condax,437.0,James Ascencio,2017-03-29
RV7ERUUT,Zotware,5172.0,Boris Faz,2017-12-07
RVI6ARFW,Funholding,549.0,Darcel Schlecht,2017-11-20
RVIU1YQ8,Massive Dynamic,50.0,Corliss Cosme,2017-03-24
RW02HG5P,Bluth Company,3313.0,Donn Cantrell,2017-06-11
RW13VT8T,Mathtouch,4995.0,Garret Kinder,2017-05-11
RW6QS352,Statholdings,6000.0,Versie Hillebrand,2017-12-31
RWGSCFHR,Gekko & Co,4246.0,Donn Cantrell,2017-03-02
RWQKOD1W,Cheers,3535.0,Maureen Marcano,2017-09-29
RX39Z0P1,Green-Plus,506.0,Zane Levy,2017-08-28
RX56S6G3,Fasehatice,3803.0,Vicki Laflamme,2017-03-13
RX8711KI,Plexzap,468.0,Kami Bicknell,2017-12-24
RXIQFV8D,Dontechi,60.0,Niesha Huffines,2017-08-09
RXV4UXRE,Yearin,56.0,Violet Mclelland,2017-03-23
RYELEM60,The New York Inquirer,3215.0,Garret Kinder,2017-10-20
RYLBEZ4N,Gekko & Co,48.0,Violet Mclelland,2017-12-18
RYLLRATF,Faxquote,3470.0,Markita Hansen,2017-05-31
RYYTO9Z5,Yearin,592.0,Daniell Hammack,2017-11-01
RZ08GKZY,Faxquote,5172.0,Zane Levy,2017-05-22
RZ2PUH86,Groovestreet,582.0,Kary Hendrixson,2017-05-17
RZB6Q4FX,Ganjaflex,892.0,Donn Cantrell,2017-09-21
RZI9HX5X,Hottechi,1149.0,Zane Levy,2017-05-31
RZZ9K7UN,Zencorporation,5407.0,Daniell Hammack,2017-06-29
S02S3TVE,Plusstrip,1118.0,Vicki Laflamme,2017-06-21
S0MZHYQC,Konex,4800.0,Zane Levy,2017-09-27
S0N7BYU3,Singletechno,1070.0,Maureen Marcano,2017-03-08
S0WEFDP2,Plussunin,1176.0,Daniell Hammack,2017-09-24
S0XILDHQ,Umbrella Corporation,4701.0,Cassey Cress,2017-03-18
S1AU0IZX,Inity,4192.0,Darcel Schlecht,2017-06-04
S24L8LVR,dambase,5210.0,Anna Snelling,2017-03-18
S2D060YF,Y-corporation,578.0,Vicki Laflamme,2017-08-14
S2KBTW2O,Scotfind,5576.0,James Ascencio,2017-12-23
S2UWELRW,Mathtouch,487.0,Donn Cantrell,2017-06-11
S2WDGIHL,Warephase,2915.0,Cecily Lampkin,2017-05-29
S2WRH3QA,Betatech,4011.0,Versie Hillebrand,2017-09-30
S2ZN5NLA,Gekko & Co,519.0,Donn Cantrell,2017-05-06
S33WRL0Y,Xx-holding,4818.0,Zane Levy,2017-03-13
S34T8KPW,Massive Dynamic,4598.0,Cassey Cress,2017-08-04
S3E48VE0,Plexzap,6000.0,Zane Levy,2017-09-26
S3GVO59B,Stanredtax,5542.0,Darcel Schlecht,2017-12-01
S3HMUXS1,Vehement Capital Partners,49.0,Violet Mclelland,2017-12-07
S3J60BK0,Plexzap,1040.0,James Ascencio,2017-11-22
S3JAC8GQ,Zathunicon,1354.0,Boris Faz,2017-08-10
S3XE14XP,Goodsilron,565.0,Vicki Laflamme,2017-05-08
S439SXI1,Plussunin,4505.0,Corliss Cosme,2017-08-04
S4OLFL40,Ron-tech,595.0,Lajuana Vencill,2017-05-22
S4YQYJPM,Codehow,48.0,Darcel Schlecht,2017-09-13
S519S1EK,Plussunin,568.0,Donn Cantrell,2017-06-02
S56NVD4M,Dalttechnology,4945.0,Maureen Marcano,2017-11-10
S5IXY4Z9,Betasoloin,4570.0,Corliss Cosme,2017-03-06
S5NVSXEX,Condax,1033.0,Moses Frase,2017-12-11
S5NZI5UN,Cheers,5031.0,James Ascencio,2017-09-10
S5R9O6TL,Codehow,1083.0,Gladys Colclough,2017-12-18
S6BG03TB,Treequote,5883.0,Anna Snelling,2017-05-08
S7PY8R2V,Funholding,3809.0,Gladys Colclough,2017-07-28
S7T5AHQH,Stanredtax,1174.0,Moses Frase,2017-07-23
S87Y1DOY,Y-corporation,1113.0,Maureen Marcano,2017-04-26
S8ALJKKH,Massive Dynamic,4671.0,Garret Kinder,2017-08-14
S8DX3XOU,Sunnamplex,5169.0,James Ascencio,2017-03-10
S8GLKDB9,Bioplex,56.0,Violet Mclelland,2017-03-04
S8JALB62,The New York Inquirer,3508.0,Cassey Cress,2017-07-06
S8Y9AAWC,Zoomit,4614.0,Rosalina Dieter,2017-12-08
S93L97VV,Scottech,47.0,Cecily Lampkin,2017-03-17
S9DVJGUO,Kan-code,4530.0,Reed Clapper,2017-07-15
S9K81CWS,Konmatfix,553.0,Lajuana Vencill,2017-08-20
S9W53L4L,Dontechi,672.0,Niesha Huffines,2017-06-05
S9WJ9NAS,Gogozoom,59.0,Darcel Schlecht,2017-06-24
SAGXC5PF,Gogozoom,59.0,Versie Hillebrand,2017-08-15
SARVIBLS,Gekko & Co,3889.0,Reed Clapper,2017-03-07
SAUAOZVO,Toughzap,5092.0,Anna Snelling,2017-05-29
SBC67V5T,Ganjaflex,51.0,Violet Mclelland,2017-09-11
SBCNMFUN,Sunnamplex,56.0,Vicki Laflamme,2017-08-16
SBCR987L,Zoomit,590.0,Kami Bicknell,2017-03-23
SBF5S7LF,Hatfan,6555.0,Kary Hendrixson,2017-10-21
SBILEY2W,Treequote,5085.0,Darcel Schlecht,2017-07-12
SBLP2LJB,Betatech,1067.0,Niesha Huffines,2017-06-11
SBTVPORC,Gekko & Co,5037.0,Corliss Cosme,2017-09-29
SCN3BY47,Inity,53.0,Versie Hillebrand,2017-10-27
SCR1IKLQ,Bioholding,5068.0,Anna Snelling,2017-07-29
SCYV3JPO,Betatech,536.0,Lajuana Vencill,2017-10-12
SD8JJSKT,Streethex,3422.0,Darcel Schlecht,2017-08-30
SDL8MJ4R,Ontomedia,48.0,Violet Mclelland,2017-06-10
SDS8SAZC,Hatfan,4760.0,Rosalina Dieter,2017-06-17
SDXZB8MC,Hottechi,53.0,Versie Hillebrand,2017-06-20
SE609QTE,Stanredtax,60.0,Versie Hillebrand,2017-05-05
SEC6K7X2,Umbrella Corporation,5578.0,Corliss Cosme,2017-07-18
SEDTNUD7,Toughzap,1000.0,Darcel Schlecht,2017-07-28
SEYFLN8Y,Scotfind,1182.0,Markita Hansen,2017-12-09
SFBHZLHK,Finhigh,4138.0,Jonathan Berthelot,2017-09-12
SFCT64YG,Inity,545.0,Niesha Huffines,2017-09-05
SGAJAIP9,Blackzim,5026.0,Maureen Marcano,2017-12-20
SGI5I4X1,Gekko & Co,665.0,Corliss Cosme,2017-07-10
SGV1FR3O,Cheers,568.0,Kami Bicknell,2017-06-23
SH0BSL0Z,Scottech,619.0,Moses Frase,2017-12-24
SH0S5N6U,Singletechno,464.0,Markita Hansen,2017-12-30
SH1NTXPV,Kinnamplus,3342.0,Violet Mclelland,2017-11-29
SHETLR3T,Warephase,4990.0,Gladys Colclough,2017-08-30
SHG8Y43V,Scottech,56.0,Anna Snelling,2017-05-19
SHKTBB71,Condax,54.0,Anna Snelling,2017-07-27
SHS9HQX4,Finjob,4642.0,Maureen Marcano,2017-09-19
SICU0A7Z,Stanredtax,517.0,Lajuana Vencill,2017-04-27
SIONXEMH,Y-corporation,2905.0,Hayden Neloms,2017-07-14
SIRC44NM,Finjob,564.0,Vicki Laflamme,2017-03-27
SJ45HNHM,Hatfan,463.0,James Ascencio,2017-06-29
SJ62BMK5,Plusstrip,3973.0,Markita Hansen,2017-07-15
SK30SEKS,Golddex,49.0,Rosalina Dieter,2017-12-25
SK3A12HI,Massive Dynamic,57.0,Corliss Cosme,2017-12-21
SKTAI2GS,Codehow,1056.0,Cecily Lampkin,2017-04-08
SKTD4GGU,Golddex,610.0,Kami Bicknell,2017-03-28
SLCWM9BH,Scotfind,464.0,Markita Hansen,2017-09-04
SLIWHUIM,Ganjaflex,609.0,Donn Cantrell,2017-05-22
SLLJT3T1,Codehow,4856.0,Darcel Schlecht,2017-06-19
SLP4PTFK,Konmatfix,1020.0,Darcel Schlecht,2017-05-06
SLXPTSGS,Condax,44.0,Wilburn Farren,2017-10-11
SMQV0BRI,Blackzim,5832.0,Maureen Marcano,2017-09-21
SNBYNW8H,Rangreen,3657.0,Moses Frase,2017-06-23
SNFW1FD7,Streethex,3369.0,Darcel Schlecht,2017-05-07
SNY2UWJ2,Doncon,4859.0,Markita Hansen,2017-07-09
SOE904XE,Kinnamplus,1161.0,Donn Cantrell,2017-08-26
SPRK2YOB,Warephase,1190.0,Jonathan Berthelot,2017-11-25
SQE6KE7V,dambase,55.0,Anna Snelling,2017-10-23
SQMPV6L6,Toughzap,52.0,Cecily Lampkin,2017-10-19
SQZ293C0,Genco Pura Olive Oil Company,4659.0,Moses Frase,2017-04-13
SRV6TQ2E,Ontomedia,58.0,Daniell Hammack,2017-10-18
SRZMNS79,Streethex,1131.0,Jonathan Berthelot,2017-05-19
SS0ZF7SG,Goodsilron,3482.0,Hayden Neloms,2017-12-15
SS9FXCS2,Bioholding,57.0,Niesha Huffines,2017-08-01
SSEOGPPI,Funholding,3346.0,Darcel Schlecht,2017-09-10
ST8ZOXKI,Hottechi,63.0,Anna Snelling,2017-06-11
STC921ZX,Golddex,1060.0,Markita Hansen,2017-10-23
STCU1IXE,Treequote,523.0,Niesha Huffines,2017-12-30
STTAXKIU,Konex,5159.0,Corliss Cosme,2017-05-30
STVHD67J,Dontechi,1166.0,Niesha Huffines,2017-09-16
STYLQ47K,Ganjaflex,5121.0,Corliss Cosme,2017-07-07
SUABQAC0,Rundofase,4794.0,Darcel Schlecht,2017-06-18
SUO8VZQ8,Lexiqvolax,5930.0,Vicki Laflamme,2017-06-14
SUOT8GB6,Blackzim,3779.0,Vicki Laflamme,2017-11-14
SUPA1RHK,Umbrella Corporation,5717.0,Corliss Cosme,2017-09-15
SURL8H49,Bubba Gump,3521.0,Donn Cantrell,2017-09-10
SUYF0EN7,Betatech,590.0,Versie Hillebrand,2017-08-09
SV3T5L5N,Ron-tech,1160.0,Anna Snelling,2017-07-21
SV4SOO2K,Hottechi,880.0,Vicki Laflamme,2017-03-28
SVMB8M7E,Lexiqvolax,441.0,Kami Bicknell,2017-06-09
SW75F1Q1,Labdrill,55.0,Rosalina Dieter,2017-04-28
SWPTTVQZ,Funholding,1062.0,Marty Freudenburg,2017-03-16
SWV0JUQJ,Stanredtax,60.0,Jonathan Berthelot,2017-06-22
SWXO4J19,Konex,1029.0,Zane Levy,2017-11-20
SX73M3HS,Hottechi,511.0,James Ascencio,2017-12-19
SXPV3WCV,Treequote,4869.0,Jonathan Berthelot,2017-12-22
SXV6VZVC,Bioholding,1118.0,Darcel Schlecht,2017-08-25
SY72RAK2,Cheers,3314.0,Zane Levy,2017-09-04
SYJKN818,Hottechi,5195.0,Darcel Schlecht,2017-08-22
SYSPNKUR,Doncon,5058.0,Vicki Laflamme,2017-11-27
SZ1H1L8I,Xx-holding,1163.0,Elease Gluck,2017-04-13
SZ81H1PM,Cancity,47.0,Versie Hillebrand,2017-03-17
SZDGWQLT,Goodsilron,577.0,Rosalina Dieter,2017-11-12
SZQUBIMH,Vehement Capital Partners,4689.0,Cassey Cress,2017-06-07
T02CX0BY,Ontomedia,2550.0,Reed Clapper,2017-03-31
T0SEVT4K,Labdrill,3028.0,Hayden Neloms,2017-06-16
T14K7M5G,Initech,1074.0,Corliss Cosme,2017-06-11
T1GPPZXH,Konex,55.0,Violet Mclelland,2017-12-24
T1HIH384,Inity,5331.0,Gladys Colclough,2017-05-15
T1I8GE75,Ganjaflex,5039.0,Daniell Hammack,2017-06-28
T23MHC9C,Doncon,568.0,Kary Hendrixson,2017-04-18
T2EM55FZ,Donquadtech,4205.0,Rosie Papadopoulos,2017-11-15
T2G750N6,Treequote,57.0,Jonathan Berthelot,2017-12-04
T2J83GFD,Domzoom,54.0,Darcel Schlecht,2017-07-03
T2UA7F7Z,Opentech,5204.0,Reed Clapper,2017-08-08
T32P6LSX,Rangreen,492.0,Lajuana Vencill,2017-12-16
T3W0Z8KP,Cancity,61.0,Versie Hillebrand,2017-09-12
T482GHJQ,Konmatfix,5031.0,Darcel Schlecht,2017-12-20
T49Q4GWU,Plussunin,3091.0,Donn Cantrell,2017-12-25
T4MF2SMF,Scotfind,3624.0,Hayden Neloms,2017-06-04
T4NRIY5R,Bioholding,5798.0,Darcel Schlecht,2017-04-08
T4SSD24J,Silis,541.0,Boris Faz,2017-12-05
T58EDFV0,Goodsilron,504.0,Kami Bicknell,2017-12-08
T5C527Z9,Singletechno,1095.0,Kary Hendrixson,2017-03-08
T5JO33V3,Ron-tech,583.0,Lajuana Vencill,2017-08-11
T64JVA4T,Xx-zobam,4401.0,Boris Faz,2017-10-07
T7HHH8HK,Konex,476.0,Garret Kinder,2017-09-02
T7MVQ9SX,Fasehatice,4985.0,James Ascencio,2017-05-02
T7TDUK3T,Rangreen,3046.0,Versie Hillebrand,2017-09-12
T87FD71P,Bubba Gump,1251.0,Cassey Cress,2017-11-18
T8E8EDZS,Finhigh,529.0,Moses Frase,2017-08-21
T91ZAQRH,Genco Pura Olive Oil Company,1127.0,Lajuana Vencill,2017-12-18
T94JAB4C,Plexzap,58.0,Vicki Laflamme,2017-11-22
TAEUD0HP,Singletechno,1188.0,Hayden Neloms,2017-06-10
TAGD6XU9,Isdom,3455.0,Darcel Schlecht,2017-08-25
TAPH7KQO,Zumgoity,568.0,Cecily Lampkin,2017-12-07
TAPNNL1W,Bioplex,3278.0,Garret Kinder,2017-03-07
TB27K4GC,Finjob,24745.0,Markita Hansen,2017-08-14
TBDUMBLA,Iselectrics,3233.0,Donn Cantrell,2017-05-02
TBIW957T,Rundofase,53.0,Versie Hillebrand,2017-03-16
TBPGQYF8,Streethex,55.0,Jonathan Berthelot,2017-04-22
TBS5Y874,Kan-code,6456.0,Reed Clapper,2017-12-17
TBXMDI2Q,Plussunin,5340.0,Donn Cantrell,2017-08-23
TBZMXKH4,Acme Corporation,3833.0,Wilburn Farren,2017-03-29
TCBW39GW,Zumgoity,1196.0,Marty Freudenburg,2017-11-07
TCK6V290,Plussunin,3863.0,Violet Mclelland,2017-06-30
TCTLOMKP,Bioplex,2993.0,Cassey Cress,2017-06-27
TDHFX8SC,Hottechi,50.0,Kami Bicknell,2017-12-13
TDVM9PDL,Ganjaflex,547.0,Donn Cantrell,2017-12-26
TEJBT5CP,Konex,1208.0,Vicki Laflamme,2017-06-03
TEKCKT3V,Inity,901.0,Moses Frase,2017-08-05
TEM0I59X,Lexiqvolax,4906.0,Kami Bicknell,2017-12-09
TF7HCU69,Gekko & Co,1062.0,Garret Kinder,2017-06-12
TFL3C3JS,Initech,5228.0,Cassey Cress,2017-09-27
TFQR150O,Iselectrics,5064.0,Donn Cantrell,2017-07-02
TFW3KAYZ,Doncon,4828.0,Kary Hendrixson,2017-11-12
TFZMFOH9,Finjob,4362.0,Kami Bicknell,2017-11-24
TGI9B9AD,Bioplex,6318.0,Reed Clapper,2017-12-16
TGQN6HTN,Kan-code,5393.0,Reed Clapper,2017-06-21
TGW7OYMD,Kan-code,447.0,Kami Bicknell,2017-06-25
THMEDL51,Rundofase,64.0,Darcel Schlecht,2017-04-14
THNEGVH2,Lexiqvolax,948.0,Kary Hendrixson,2017-11-14
THRXY3SV,Stanredtax,5847.0,Anna Snelling,2017-08-23
TJ6U9HZ3,Singletechno,601.0,Kary Hendrixson,2017-06-24
TJEEFJG8,Condax,4759.0,Rosie Papadopoulos,2017-09-21
TJJFAU52,Initech,58.0,Rosie Papadopoulos,2017-12-24
TJTOVN5K,Cheers,935.0,Kary Hendrixson,2017-07-12
TJXY9DQG,Donquadtech,3245.0,Reed Clapper,2017-06-10
TK29F68V,Y-corporation,49.0,Hayden Neloms,2017-06-13
TKI8MEZZ,Domzoom,975.0,Moses Frase,2017-12-31
TKKSOBRC,Warephase,50.0,Niesha Huffines,2017-07-12
TKN1L8EX,Zathunicon,851.0,Garret Kinder,2017-09-20
TL0UILCV,Umbrella Corporation,4529.0,Cassey Cress,2017-11-14
TLAWJR5V,Ontomedia,5646.0,Corliss Cosme,2017-11-11
TNEB1XNK,Gekko & Co,1194.0,Donn Cantrell,2017-09-18
TODG6DEK,Bioplex,639.0,Daniell Hammack,2017-03-16
TP4SDOPW,Plussunin,3732.0,Reed Clapper,2017-08-29
TP9IE6PV,Genco Pura Olive Oil Company,631.0,Anna Snelling,2017-09-11
TPNU79C1,Toughzap,54.0,Darcel Schlecht,2017-09-29
TPVFA5B8,Mathtouch,532.0,Reed Clapper,2017-05-07
TQ6BTW2Z,Faxquote,545.0,Zane Levy,2017-10-18
TQLJOZBP,Zotware,59.0,Boris Faz,2017-04-15
TQLO6QP6,Cancity,3501.0,Niesha Huffines,2017-09-02
TQV7CO87,Genco Pura Olive Oil Company,480.0,Jonathan Berthelot,2017-12-18
TR3TXXHF,Bubba Gump,5778.0,Cassey Cress,2017-09-13
TRET6F45,Faxquote,5624.0,Vicki Laflamme,2017-12-26
TRR34NSR,Hottechi,638.0,Vicki Laflamme,2017-06-06
TS2JEK3E,Betasoloin,531.0,Donn Cantrell,2017-09-23
TS3P4VMD,Goodsilron,6751.0,James Ascencio,2017-10-19
TS4CB9TH,Fasehatice,5040.0,Vicki Laflamme,2017-04-20
TSN98FPQ,Betatech,1243.0,Jonathan Berthelot,2017-10-25
TT5QRQTF,Konex,61.0,Vicki Laflamme,2017-07-21
TTA9LYBS,Treequote,58.0,Anna Snelling,2017-03-01
TTNORNQI,Groovestreet,62.0,Hayden Neloms,2017-08-12
TTY0X4TG,Dontechi,5127.0,Darcel Schlecht,2017-05-05
TTYSSNJH,Gekko & Co,1027.0,Cassey Cress,2017-11-01
TUL0TZSR,Dalttechnology,594.0,Kary Hendrixson,2017-10-23
TVBY6CND,Bioholding,5271.0,Marty Freudenburg,2017-12-15
TVU1PQEL,Conecom,1166.0,Jonathan Berthelot,2017-12-28
TW6D3KT4,Blackzim,2798.0,Maureen Marcano,2017-05-12
TWDNQ9TX,Rangreen,973.0,Jonathan Berthelot,2017-10-31
TWF0J0DF,Isdom,5882.0,Cecily Lampkin,2017-03-01
TWO2Q99P,Conecom,5753.0,Cecily Lampkin,2017-09-30
TWXUDY78,Singletechno,57.0,Markita Hansen,2017-08-23
TX9VFL4J,Silis,1019.0,Reed Clapper,2017-08-23
TXPUCPT8,Globex Corporation,3684.0,Cecily Lampkin,2017-11-17
TXUDSYGY,Rangreen,3024.0,Lajuana Vencill,2017-11-02
TY9RBWLT,Goodsilron,562.0,Kami Bicknell,2017-11-23
TYQFCQBN,Donware,4620.0,Rosie Papadopoulos,2017-11-26
TYWS7KJR,Betasoloin,575.0,Reed Clapper,2017-04-16
U02OIJGK,Zumgoity,962.0,Marty Freudenburg,2017-05-09
U07VUUGP,Zathunicon,1122.0,Corliss Cosme,2017-07-15
U0G8KIPB,Codehow,49.0,Gladys Colclough,2017-06-21
U0XDMZK8,Kan-code,47.0,Violet Mclelland,2017-12-05
U0XWF9TW,The New York Inquirer,47.0,Violet Mclelland,2017-12-21
U11XXNCF,Xx-zobam,3306.0,Rosie Papadopoulos,2017-06-29
U185INDA,Toughzap,5010.0,Darcel Schlecht,2017-05-05
U1BDEL90,Betasoloin,2794.0,Corliss Cosme,2017-04-10
U1SBKB0U,Singletechno,535.0,Markita Hansen,2017-07-23
U220GK9W,Streethex,4936.0,Darcel Schlecht,2017-10-16
U289K4V3,Warephase,3848.0,Cecily Lampkin,2017-10-27
U2JI00ER,Betatech,3353.0,Marty Freudenburg,2017-10-27
U2JOATN3,Scottech,6166.0,Darcel Schlecht,2017-12-06
U2SW8DT1,Labdrill,3807.0,Hayden Neloms,2017-06-13
U3FTUG3T,Streethex,415.0,Gladys Colclough,2017-11-20
U3HKMX4U,Codehow,4582.0,Darcel Schlecht,2017-11-04
U3M8XTMY,Plussunin,1319.0,Reed Clapper,2017-08-01
U3UT9B1U,Silis,55.0,Violet Mclelland,2017-12-24
U3ZMURXR,Finjob,3121.0,Hayden Neloms,2017-09-08
U48PDN1F,Cancity,5361.0,Gladys Colclough,2017-08-10
U4BPFJC5,Inity,1126.0,Niesha Huffines,2017-08-21
U4LRR9E9,Nam-zim,6490.0,James Ascencio,2017-03-10
U5JFEXOI,Groovestreet,6489.0,Maureen Marcano,2017-12-08
U5K1Y35J,Inity,58.0,Moses Frase,2017-07-25
U64RT0UF,Betasoloin,987.0,Donn Cantrell,2017-05-29
U68B4UQU,Treequote,5096.0,Cecily Lampkin,2017-09-13
U6N053E1,Scottech,423.0,Anna Snelling,2017-03-02
U6Q0T9KV,Konex,642.0,Vicki Laflamme,2017-06-14
U83R2K8I,Treequote,53.0,Anna Snelling,2017-08-29
U85VV1BU,Goodsilron,568.0,Kary Hendrixson,2017-05-22
U8XA7JCO,dambase,49.0,Versie Hillebrand,2017-06-28
U9QMLC5Z,Cheers,4991.0,James Ascencio,2017-11-01
UA8AWDG4,Y-corporation,3672.0,Vicki Laflamme,2017-03-22
UADVV91I,Bluth Company,59.0,Corliss Cosme,2017-12-01
UAVOPRPV,Xx-zobam,4631.0,Corliss Cosme,2017-12-26
UAX3F7D4,Opentech,6024.0,Daniell Hammack,2017-03-21
UB2UAI38,Singletechno,1109.0,Kami Bicknell,2017-07-21
UB8M6I5R,Singletechno,3959.0,Maureen Marcano,2017-06-30
UBWO7HIV,Green-Plus,3293.0,Hayden Neloms,2017-12-13
UCK7JRXG,Goodsilron,3418.0,Vicki Laflamme,2017-05-13
UCNEMT8P,Cancity,54.0,Versie Hillebrand,2017-08-09
UCV49FYZ,Nam-zim,6656.0,Maureen Marcano,2017-09-09
UCXCUP1U,Zencorporation,4766.0,Garret Kinder,2017-05-18
UDKH3AM0,Cancity,56.0,Marty Freudenburg,2017-10-09
UDXG59P0,Faxquote,5110.0,Maureen Marcano,2017-12-03
UDXS7H12,Initech,4500.0,Reed Clapper,2017-11-28
UDYSM42B,Initech,5855.0,Violet Mclelland,2017-06-22
UEXJN3Y6,Konex,1230.0,Kami Bicknell,2017-07-12
UFAABKQJ,Dontechi,515.0,Cecily Lampkin,2017-12-12
UFALPP82,Goodsilron,4246.0,Vicki Laflamme,2017-08-19
UFGI9P05,Ron-tech,4978.0,Darcel Schlecht,2017-04-18
UFIAFP10,Green-Plus,50.0,Markita Hansen,2017-07-02
UG4BHJRQ,Singletechno,4105.0,Zane Levy,2017-10-11
UGAEAB27,Scottech,4377.0,Marty Freudenburg,2017-10-31
UGXAZ29V,Groovestreet,46.0,Zane Levy,2017-08-31
UI1UION3,J-Texon,526.0,James Ascencio,2017-06-10
UIA0FO51,Xx-zobam,3569.0,Rosie Papadopoulos,2017-07-09
UIE5G6GW,Cancity,4617.0,Darcel Schlecht,2017-11-29
UIFIWKNI,Xx-zobam,1091.0,Reed Clapper,2017-08-02
UJSFG18F,Dontechi,3290.0,Darcel Schlecht,2017-08-15
UJT04PL7,Plusstrip,498.0,Zane Levy,2017-11-29
UK0LEZRJ,Condax,532.0,Kary Hendrixson,2017-03-03
UK2JIE61,Cancity,55.0,Anna Snelling,2017-05-04
UKECBJV5,Streethex,4961.0,Cecily Lampkin,2017-08-29
UKJO54QY,Donquadtech,5626.0,Donn Cantrell,2017-09-13
UKLAKXP2,Plussunin,5091.0,Cassey Cress,2017-04-25
UKQD4DPD,Warephase,4515.0,Darcel Schlecht,2017-11-13
UKSS5YPE,Stanredtax,64.0,Anna Snelling,2017-07-02
UKXRWZ3P,Codehow,5263.0,Darcel Schlecht,2017-10-04
ULES5Z21,Bioholding,59.0,Versie Hillebrand,2017-06-15
ULVXOPG3,Hatfan,60.0,Elease Gluck,2017-05-22
ULWQ61OZ,Nam-zim,54.0,James Ascencio,2017-12-06
ULY6LFT1,Mathtouch,5392.0,Rosie Papadopoulos,2017-07-31
UMKU4ZGE,Kan-code,67.0,Maureen Marcano,2017-12-04
UMZ986GC,Dontechi,3428.0,Versie Hillebrand,2017-05-24
UNLIS3RY,Dalttechnology,1050.0,Kami Bicknell,2017-05-09
UNSJB0L7,Singletechno,3754.0,Vicki Laflamme,2017-08-28
UNSJJUY4,Warephase,599.0,Moses Frase,2017-08-14
UO62J3M0,Rantouch,3969.0,Zane Levy,2017-05-23
UOUG01WG,Betatech,68.0,Versie Hillebrand,2017-05-16
UOXKC4UG,Bioplex,2981.0,Violet Mclelland,2017-08-04
UPAGB68Z,Lexiqvolax,5958.0,Maureen Marcano,2017-04-30
UPHN2I1Q,Rundofase,55.0,Niesha Huffines,2017-05-14
UPZRAO84,Iselectrics,5032.0,Corliss Cosme,2017-06-01
UQ14O415,Plussunin,5059.0,Donn Cantrell,2017-03-20
UQ67214Z,Dontechi,3250.0,Lajuana Vencill,2017-08-20
UQALCAIV,Rantouch,1137.0,Zane Levy,2017-07-03
UQCPNZO1,Zumgoity,552.0,Versie Hillebrand,2017-09-15
UQO59R6N,Warephase,52.0,Lajuana Vencill,2017-08-11
UQY5TEE8,Codehow,51.0,Versie Hillebrand,2017-09-20
URRBXP0V,Rangreen,3362.0,Lajuana Vencill,2017-11-08
URT8A7OQ,Rangreen,51.0,Versie Hillebrand,2017-08-24
USJ0JACE,Massive Dynamic,960.0,Violet Mclelland,2017-12-16
USL5PZ4O,Stanredtax,3779.0,Darcel Schlecht,2017-12-06
UU0F81HS,Xx-zobam,5166.0,Daniell Hammack,2017-08-20
UU21EYFN,Sonron,563.0,Kami Bicknell,2017-03-06
UUCSEHJX,Warephase,6276.0,Darcel Schlecht,2017-10-27
UUF8Z53N,Condax,55.0,Violet Mclelland,2017-08-30
UURLD9W8,Plexzap,5793.0,Maureen Marcano,2017-04-11
UVS5WJRG,Cancity,479.0,Jonathan Berthelot,2017-11-03
UWYFOEMO,Dalttechnology,59.0,Hayden Neloms,2017-09-26
UWZ7DFKY,Condax,55.0,Lajuana Vencill,2017-06-06
UWZHNMR4,Blackzim,5196.0,Vicki Laflamme,2017-11-26
UX9D17FS,Ontomedia,4525.0,Corliss Cosme,2017-11-04
UXFEJC9Q,Nam-zim,1082.0,Maureen Marcano,2017-05-22
UXJSIAVS,Y-corporation,4846.0,Zane Levy,2017-03-14
UXNB9OIB,Konex,5676.0,Daniell Hammack,2017-04-28
UYJDOT4Q,Sonron,5816.0,Maureen Marcano,2017-09-12
UYP3NNU6,Groovestreet,441.0,Kami Bicknell,2017-03-16
UYPF6FZ3,Gekko & Co,1184.0,Boris Faz,2017-12-20
UYZQCWAC,Conecom,3203.0,Jonathan Berthelot,2017-12-06
UZ0MRAFU,Codehow,5455.0,Cecily Lampkin,2017-09-18
UZN5JBF3,Warephase,565.0,Darcel Schlecht,2017-09-29
UZOTC90C,Yearin,5302.0,Reed Clapper,2017-06-30
V0EIMVES,Konmatfix,5121.0,Cecily Lampkin,2017-05-13
V0XFS245,Bluth Company,4096.0,Boris Faz,2017-09-11
V0XQVHQV,Gogozoom,53.0,Jonathan Berthelot,2017-10-12
V135X5B7,Xx-zobam,3720.0,Violet Mclelland,2017-05-17
V1458D23,Umbrella Corporation,1138.0,Corliss Cosme,2017-11-13
V1ROZMCX,dambase,1041.0,Anna Snelling,2017-06-28
V1T47SKL,Zoomit,60.0,Vicki Laflamme,2017-06-07
V1YT1LP1,Stanredtax,592.0,Jonathan Berthelot,2017-12-25
V263VR1Y,Finjob,3285.0,Hayden Neloms,2017-12-14
V28NVD6A,Plussunin,629.0,Garret Kinder,2017-05-01
V2GGEAOC,Streethex,51.0,Anna Snelling,2017-09-15
V2JOV5MF,Domzoom,4677.0,Darcel Schlecht,2017-07-27
V2X2KMUR,Faxquote,1059.0,Kami Bicknell,2017-03-28
V2YD7XYV,Y-corporation,51.0,Hayden Neloms,2017-12-20
V3KGPHH9,Stanredtax,1064.0,Niesha Huffines,2017-06-07
V4EKF9RF,Mathtouch,3498.0,Corliss Cosme,2017-03-31
V4HYSJS2,Betasoloin,2887.0,Reed Clapper,2017-06-04
V5OK4V5I,Bubba Gump,549.0,Cassey Cress,2017-03-14
V5THS9V8,Isdom,1117.0,Niesha Huffines,2017-11-27
V5XB0UPL,Warephase,4575.0,Darcel Schlecht,2017-06-02
V690FQG4,Scotfind,1264.0,Maureen Marcano,2017-05-26
V6HB68BL,J-Texon,567.0,Kary Hendrixson,2017-05-30
V751HK8R,Finhigh,60.0,Versie Hillebrand,2017-06-03
V7C6RT5S,Betasoloin,3472.0,Cassey Cress,2017-10-17
V7T9ZP6C,J-Texon,566.0,Markita Hansen,2017-10-01
V7Y78MPU,Rangreen,433.0,Marty Freudenburg,2017-09-02
V7YVW4U0,Kinnamplus,3731.0,Rosie Papadopoulos,2017-04-12
V8ELYA6F,Treequote,5276.0,Anna Snelling,2017-11-15
V8I2CE9V,Zotware,506.0,Wilburn Farren,2017-09-20
V8M89S4W,Kan-code,560.0,Markita Hansen,2017-05-06
V8RYC18P,Stanredtax,57.0,Anna Snelling,2017-08-21
V93EX6XU,Nam-zim,5185.0,Zane Levy,2017-08-17
V93ZA48C,Donware,614.0,Cassey Cress,2017-09-24
V9E582SK,Konex,469.0,Garret Kinder,2017-03-16
V9FD3EYK,Mathtouch,4370.0,Reed Clapper,2017-09-22
V9UM2K16,Kinnamplus,5711.0,Corliss Cosme,2017-10-15
VA0I9SDD,Konex,5360.0,Zane Levy,2017-09-27
VAD1MF34,Konmatfix,48.0,Gladys Colclough,2017-12-19
VAH6Y3F6,Hottechi,1039.0,Jonathan Berthelot,2017-05-17
VAV3N62C,Cancity,4375.0,Darcel Schlecht,2017-09-12
VB26KWQ6,Faxquote,511.0,Kary Hendrixson,2017-11-20
VBA34LWX,Sonron,571.0,Markita Hansen,2017-05-31
VBG91TQH,Isdom,545.0,Marty Freudenburg,2017-06-11
VBKF5FPB,Dalttechnology,1195.0,Hayden Neloms,2017-09-06
VBM56CIF,Domzoom,2863.0,Marty Freudenburg,2017-06-28
VBN56JMP,Goodsilron,496.0,Vicki Laflamme,2017-07-18
VBN5T6F8,Opentech,59.0,Cassey Cress,2017-08-31
VBRZZAP8,Hottechi,491.0,Kary Hendrixson,2017-07-20
VBZ862OS,Xx-holding,599.0,Kary Hendrixson,2017-03-19
VC94R5H8,Konex,587.0,Vicki Laflamme,2017-03-23
VCD47XNB,Funholding,1033.0,Jonathan Berthelot,2017-06-26
VCQBM844,Cheers,3294.0,James Ascencio,2017-10-30
VD6BP6T2,Domzoom,68.0,Jonathan Berthelot,2017-04-23
VDD7H92Q,Hatfan,1171.0,Maureen Marcano,2017-06-05
VDGA4KXA,Bluth Company,1093.0,Violet Mclelland,2017-12-30
VDOUNMRC,Golddex,1222.0,Maureen Marcano,2017-08-08
VE334W2U,Codehow,546.0,Jonathan Berthelot,2017-09-23
VE4LZ8F5,Kan-code,62.0,Daniell Hammack,2017-08-25
VF7DWQIH,dambase,5421.0,Darcel Schlecht,2017-08-25
VFKKSJT2,Kan-code,4506.0,Kary Hendrixson,2017-05-15
VFZOL6CB,Dalttechnology,47.0,Elease Gluck,2017-03-10
VICY80KW,Vehement Capital Partners,4994.0,Cassey Cress,2017-08-27
VIMY08JH,Hatfan,518.0,Maureen Marcano,2017-07-06
VIV0OXU6,Domzoom,582.0,Anna Snelling,2017-04-11
VJ1EK4A3,Vehement Capital Partners,540.0,Daniell Hammack,2017-04-02
VJD27D8U,Singletechno,5340.0,Elease Gluck,2017-10-01
VKB9RFJT,Condax,55.0,Versie Hillebrand,2017-11-20
VKM187MX,Condax,48.0,Gladys Colclough,2017-06-09
VKM2BCMV,Inity,3678.0,Jonathan Berthelot,2017-09-25
VM0A3057,Plusstrip,5527.0,James Ascencio,2017-10-03
VM6SAQYT,Donquadtech,65.0,Violet Mclelland,2017-11-26
VMGCRSWP,Bluth Company,61.0,Violet Mclelland,2017-11-14
VMIMPP6H,Umbrella Corporation,1078.0,Daniell Hammack,2017-09-11
VMOGUQA7,Conecom,51.0,Moses Frase,2017-12-13
VMTPCY5G,Condax,55.0,Hayden Neloms,2017-06-25
VMUTS9GK,Condax,5807.0,Daniell Hammack,2017-11-01
VN0XOAB6,Bubba Gump,3333.0,Cassey Cress,2017-11-12
VN6JB8HU,Sumace,1145.0,Violet Mclelland,2017-06-10
VNCFE4LQ,J-Texon,456.0,Vicki Laflamme,2017-04-15
VNJQD4Z7,Zathunicon,4659.0,Reed Clapper,2017-12-29
VOAN1NXG,Kinnamplus,579.0,Donn Cantrell,2017-03-12
VOSSIXSY,Condax,53.0,Maureen Marcano,2017-09-03
VOTOT8MK,Plussunin,6509.0,Cassey Cress,2017-06-15
VPD4G16I,Zencorporation,4247.0,Corliss Cosme,2017-10-17
VPDXX5PJ,Cancity,546.0,Niesha Huffines,2017-03-26
VPSJHIAA,The New York Inquirer,4891.0,Cassey Cress,2017-04-28
VQB0ZCYJ,Initech,4859.0,Donn Cantrell,2017-08-11
VQQR3OUI,Doncon,41.0,Elease Gluck,2017-12-31
VR1XYM23,Blackzim,551.0,Zane Levy,2017-12-23
VR6NO9FA,Labdrill,528.0,Kary Hendrixson,2017-10-22
VR9NYBOV,Kinnamplus,41.0,Garret Kinder,2017-03-06
VRSTX620,Condax,932.0,Niesha Huffines,2017-07-02
VS0TWECS,Plussunin,530.0,Cassey Cress,2017-06-18
VS2G74XQ,Yearin,57.0,Garret Kinder,2017-03-09
VS4UFFLH,Kan-code,52.0,Maureen Marcano,2017-09-05
VSMB0KJW,Bubba Gump,532.0,Donn Cantrell,2017-11-28
VSN0PA06,Sunnamplex,1048.0,Kami Bicknell,2017-10-03
VSWHUBD0,Ron-tech,585.0,Niesha Huffines,2017-07-14
VSZ4UVVN,Zumgoity,1144.0,Jonathan Berthelot,2017-09-20
VT5Y73GX,Betatech,56.0,Anna Snelling,2017-03-15
VTLI5HIE,Newex,474.0,Kary Hendrixson,2017-04-26
VTO3SNNX,Zencorporation,5245.0,Cassey Cress,2017-09-21
VTT447YT,Conecom,497.0,Cecily Lampkin,2017-05-03
VTVYSUZG,Cancity,3627.0,Moses Frase,2017-12-28
VTX8GPN8,Codehow,55.0,Versie Hillebrand,2017-10-05
VUAFV8SS,Lexiqvolax,1178.0,James Ascencio,2017-12-07
VUF34IPC,Rangreen,49.0,Anna Snelling,2017-09-13
VUYQCXTY,Bioholding,1017.0,Moses Frase,2017-08-04
VVM450RP,Plusstrip,59.0,Kary Hendrixson,2017-12-17
VW2PJALW,Cancity,5211.0,Versie Hillebrand,2017-11-29
VWSFZUNS,Hottechi,5271.0,Anna Snelling,2017-08-24
VXOZC2CN,Vehement Capital Partners,1319.0,Garret Kinder,2017-09-29
VXX8GJGY,The New York Inquirer,1158.0,Donn Cantrell,2017-03-19
VY0QPLGN,dambase,1215.0,Lajuana Vencill,2017-11-12
VYJ20GOM,Cancity,44.0,Anna Snelling,2017-11-17
VYPIKMKO,Toughzap,612.0,Jonathan Berthelot,2017-08-27
VZ1ETER5,Goodsilron,4842.0,Kami Bicknell,2017-07-31
VZS17M7X,J-Texon,3817.0,Markita Hansen,2017-04-06
W01768VM,Zoomit,532.0,Elease Gluck,2017-07-28
W03CXYET,Streethex,465.0,Moses Frase,2017-06-17
W0TOD23Z,Bioholding,546.0,Versie Hillebrand,2017-09-24
W1GERPB9,Fasehatice,4653.0,Vicki Laflamme,2017-06-21
W1J3L0EU,Betasoloin,4492.0,Daniell Hammack,2017-06-06
W1KLFNE4,Isdom,3246.0,Anna Snelling,2017-03-02
W2JCRPLX,Konex,3220.0,Markita Hansen,2017-03-22
W2QJUK1Y,Betatech,562.0,Moses Frase,2017-10-28
W36MU0PW,Yearin,595.0,Donn Cantrell,2017-09-09
W3C2KLXD,Ganjaflex,5710.0,Wilburn Farren,2017-08-27
W3CLJLES,Gekko & Co,5002.0,Corliss Cosme,2017-09-02
W3LRLMKP,Finhigh,5385.0,Gladys Colclough,2017-12-19
W3W3KPBH,Finhigh,4310.0,Darcel Schlecht,2017-09-03
W40IER4O,Sonron,59.0,Vicki Laflamme,2017-12-08
W4BNO6UL,Fasehatice,3763.0,Hayden Neloms,2017-06-04
W560QFJL,Opentech,1090.0,Reed Clapper,2017-03-04
W5ABRRKC,Rantouch,981.0,Markita Hansen,2017-10-31
W5EGDYPK,Newex,55.0,Rosalina Dieter,2017-10-01
W5P1OLUL,Rundofase,554.0,Jonathan Berthelot,2017-08-03
W66UPKL4,Zoomit,1106.0,Markita Hansen,2017-11-18
W75XU368,Plussunin,641.0,Cassey Cress,2017-06-17
W7F056RK,Sunnamplex,5073.0,Kami Bicknell,2017-04-01
W7VULS00,Sunnamplex,1170.0,Hayden Neloms,2017-09-30
W8E2YLNY,Acme Corporation,1095.0,Reed Clapper,2017-09-04
W8E76HJG,Hottechi,537.0,Vicki Laflamme,2017-06-08
W8M8XI8Y,Finjob,3184.0,Zane Levy,2017-08-05
W9LAIASV,Sunnamplex,55.0,Vicki Laflamme,2017-12-30
WA0NRLP7,Groovestreet,5368.0,Vicki Laflamme,2017-10-20
WA5NRVIG,Konmatfix,54.0,Versie Hillebrand,2017-12-12
WAEWV7YD,Yearin,609.0,Cassey Cress,2017-12-07
WAF692K8,Dalttechnology,51.0,Elease Gluck,2017-06-24
WAFSPTW6,Lexiqvolax,491.0,Vicki Laflamme,2017-07-14
WANX7LM0,Ron-tech,5013.0,Gladys Colclough,2017-12-29
WB44DF28,Vehement Capital Partners,5206.0,Garret Kinder,2017-09-18
WB974HS4,Funholding,984.0,Niesha Huffines,2017-09-18
WBJX6O2D,Opentech,5664.0,Cassey Cress,2017-06-11
WC7KCJ2N,Silis,1063.0,Boris Faz,2017-07-21
WC8KQJV9,Goodsilron,647.0,Rosalina Dieter,2017-08-06
WCCEBK6E,Isdom,4603.0,Anna Snelling,2017-08-05
WCEPUBH5,Hottechi,3510.0,Cecily Lampkin,2017-09-12
WDHNR2EI,Silis,57.0,Violet Mclelland,2017-03-20
WDT43Q6O,Zumgoity,1098.0,Niesha Huffines,2017-09-14
WE03969I,Gekko & Co,1131.0,Donn Cantrell,2017-12-09
WEB7LYK0,Inity,1075.0,Darcel Schlecht,2017-05-19
WEGC0W05,Rangreen,54.0,Marty Freudenburg,2017-06-19
WELHHO3U,Stanredtax,966.0,Cecily Lampkin,2017-03-30
WF4HA5NW,Ron-tech,50.0,Moses Frase,2017-03-18
WFJPWN9O,Globex Corporation,6023.0,Anna Snelling,2017-06-11
WFNKJ2LT,Plusstrip,57.0,Maureen Marcano,2017-07-01
WFY0S4WW,Hottechi,1089.0,Anna Snelling,2017-05-02
WGJB2VDU,Newex,5095.0,James Ascencio,2017-12-25
WGSLK719,Y-corporation,3021.0,Kary Hendrixson,2017-12-12
WGYE40NI,Betatech,41.0,Versie Hillebrand,2017-12-26
WHF75273,Yearin,904.0,Cassey Cress,2017-09-05
WHHVN372,Initech,527.0,Corliss Cosme,2017-08-11
WHS3UZHR,Bluth Company,51.0,Violet Mclelland,2017-11-09
WI0LMD20,Hottechi,60.0,Marty Freudenburg,2017-12-19
WI1HQSIS,Streethex,1144.0,Gladys Colclough,2017-06-14
WI4PODA2,Faxquote,5256.0,Kary Hendrixson,2017-03-15
WIDRX5N6,Dontechi,1020.0,Niesha Huffines,2017-12-23
WIY2Q0Q5,Vehement Capital Partners,491.0,Cassey Cress,2017-05-17
WJ9JNMJ2,Stanredtax,49.0,Versie Hillebrand,2017-10-24
WJC5J533,Finhigh,5401.0,Lajuana Vencill,2017-06-04
WJLJIWYS,Rantouch,605.0,Kary Hendrixson,2017-05-20
WK6ERCGR,Golddex,5116.0,James Ascencio,2017-06-06
WKIRY6KE,Xx-holding,1111.0,Kary Hendrixson,2017-12-18
WKTVP5WY,Sunnamplex,56.0,Rosalina Dieter,2017-10-10
WL31FAI3,Blackzim,5196.0,Zane Levy,2017-12-26
WLFLY0BD,Conecom,56.0,Anna Snelling,2017-04-27
WLQC2XK4,Rundofase,54.0,Cecily Lampkin,2017-10-02
WLXPA3LB,Dontechi,3040.0,Lajuana Vencill,2017-06-30
WM30CUBE,Konex,3336.0,Wilburn Farren,2017-06-02
WMJDLTEF,Ontomedia,533.0,Donn Cantrell,2017-11-25
WNMF0OHM,dambase,5060.0,Anna Snelling,2017-04-01
WOB1ULFR,Dontechi,3306.0,Versie Hillebrand,2017-11-04
WOD9UKMP,Stanredtax,1059.0,Cecily Lampkin,2017-11-18
WOS93VI5,Zathunicon,1144.0,Wilburn Farren,2017-12-06
WPB2SLIG,Silis,5585.0,Donn Cantrell,2017-03-14
WPGTHV8V,Ron-tech,657.0,Darcel Schlecht,2017-03-19
WPJ0AS7T,Genco Pura Olive Oil Company,650.0,Gladys Colclough,2017-12-28
WPTNE0QN,Streethex,533.0,Moses Frase,2017-09-17
WQ0C723A,Kan-code,5215.0,Zane Levy,2017-05-18
WQ5WIP35,Zumgoity,980.0,Darcel Schlecht,2017-05-30
WQSUMJRZ,Scottech,60.0,Versie Hillebrand,2017-12-18
WQTR95J3,Stanredtax,622.0,Cecily Lampkin,2017-10-11
WR45SVGN,Toughzap,511.0,Versie Hillebrand,2017-11-02
WRLAVDPH,Ganjaflex,4958.0,Cassey Cress,2017-09-02
WRSA8PVU,Finhigh,626.0,Darcel Schlecht,2017-12-16
WS9CXY7E,Conecom,6719.0,Gladys Colclough,2017-03-01
WSG25BZ9,Blackzim,4966.0,Kary Hendrixson,2017-09-22
WSKZBAYI,Fasehatice,1171.0,Kary Hendrixson,2017-12-08
WSPBQ5YR,dambase,3714.0,Moses Frase,2017-06-09
WTCU9X9M,Conecom,1183.0,Jonathan Berthelot,2017-06-15
WTEAOER0,Bubba Gump,472.0,Violet Mclelland,2017-12-14
WTZ2AHNW,Treequote,4591.0,Marty Freudenburg,2017-12-18
WUE92JFJ,Gogozoom,1100.0,Jonathan Berthelot,2017-05-16
WUWOHRX2,J-Texon,788.0,Markita Hansen,2017-04-29
WV41OJHX,Ganjaflex,3786.0,Wilburn Farren,2017-10-03
WVG1CIHX,Mathtouch,6046.0,Reed Clapper,2017-06-03
WVJBVA61,Domzoom,3496.0,Cecily Lampkin,2017-03-21
WW3NDCO2,Zathunicon,4668.0,Rosie Papadopoulos,2017-04-08
WWTJ5PNC,Bubba Gump,60.0,Daniell Hammack,2017-05-04
WX3CPDYD,Gekko & Co,4651.0,Reed Clapper,2017-12-31
WX63AIMZ,Dontechi,59.0,Cecily Lampkin,2017-06-18
WX8KQPCM,Zoomit,573.0,Vicki Laflamme,2017-05-15
WXCEZ7JY,Conecom,376.0,Moses Frase,2017-09-06
WXOL5HTS,Ontomedia,6818.0,Garret Kinder,2017-11-08
WXRWSVTT,Kan-code,492.0,Garret Kinder,2017-08-18
WYS1XI44,Warephase,68.0,Marty Freudenburg,2017-09-27
WZKN6PO4,Finjob,53.0,Markita Hansen,2017-12-21
WZU2OHYU,Condax,515.0,Corliss Cosme,2017-05-05
X19CKKZ1,Hottechi,50.0,Versie Hillebrand,2017-07-31
X22G55Y5,Ganjaflex,5986.0,Rosie Papadopoulos,2017-06-18
X2EH33CU,Genco Pura Olive Oil Company,2878.0,Gladys Colclough,2017-07-12
X2EXSMPR,Xx-holding,523.0,Vicki Laflamme,2017-03-08
X2GXIKND,Hottechi,5468.0,Anna Snelling,2017-11-22
X2I316HD,dambase,523.0,Moses Frase,2017-12-29
X2QRD0DC,Plussunin,4746.0,Garret Kinder,2017-04-09
X3S5O9LJ,Domzoom,5029.0,Darcel Schlecht,2017-04-29
X4ARE2PT,Dontechi,53.0,Versie Hillebrand,2017-07-01
X4KAK55N,Sumace,51.0,Wilburn Farren,2017-10-23
X4LSK4OE,Treequote,6182.0,Darcel Schlecht,2017-11-03
X4XN0M8A,Hatfan,44.0,Kary Hendrixson,2017-12-30
X501NN9P,Rangreen,4413.0,Marty Freudenburg,2017-06-09
X58FLJ8K,Lexiqvolax,5190.0,James Ascencio,2017-09-18
X66G66ZA,Toughzap,56.0,Darcel Schlecht,2017-08-18
X69POZIN,Lexiqvolax,481.0,Kary Hendrixson,2017-05-06
X6GL64T5,Warephase,4891.0,Gladys Colclough,2017-03-25
X6LO8WPD,Globex Corporation,505.0,Jonathan Berthelot,2017-05-28
X70BM5FO,Condax,1243.0,Anna Snelling,2017-12-22
X718EF6Y,Hatfan,2811.0,Hayden Neloms,2017-10-04
X7DYUDEB,Condax,58.0,Anna Snelling,2017-11-14
X7HK448T,Funholding,496.0,Lajuana Vencill,2017-06-22
X7M4GO0J,Zencorporation,1074.0,Violet Mclelland,2017-06-28
X7V78ZY0,Scotfind,49.0,Elease Gluck,2017-08-16
X7VUR49L,Betasoloin,5763.0,Donn Cantrell,2017-09-26
X8P0Q1EU,Scotfind,59.0,Maureen Marcano,2017-12-06
X8T4XLTY,Scottech,1058.0,Darcel Schlecht,2017-04-23
X914SMX7,Genco Pura Olive Oil Company,516.0,Darcel Schlecht,2017-06-22
X96MMTCI,Rantouch,1039.0,Hayden Neloms,2017-06-16
X9BUD48V,Warephase,596.0,Anna Snelling,2017-04-08
XA184CMW,Rangreen,5787.0,Marty Freudenburg,2017-03-16
XAE858UJ,Streethex,628.0,Jonathan Berthelot,2017-06-30
XAKK81WB,Sonron,58.0,Elease Gluck,2017-12-18
XAS0EL71,Xx-zobam,3206.0,Donn Cantrell,2017-09-20
XBFTCRLN,Stanredtax,4820.0,Darcel Schlecht,2017-04-04
XBLA9VO6,Sonron,1103.0,James Ascencio,2017-05-18
XBSZ29VJ,Singletechno,1110.0,Kary Hendrixson,2017-05-24
XBVFZ1IR,Cancity,1008.0,Gladys Colclough,2017-06-24
XBYJ3NUR,Treequote,60.0,Darcel Schlecht,2017-05-20
XCB9CPID,Streethex,56.0,Versie Hillebrand,2017-12-09
XCC1C1GG,Stanredtax,503.0,Gladys Colclough,2017-04-03
XCGW5K0N,Silis,572.0,Violet Mclelland,2017-09-12
XD6R8R5B,Hottechi,3153.0,Hayden Neloms,2017-05-30
XE0H6MOP,Hottechi,559.0,Maureen Marcano,2017-09-22
XE84LNAS,Groovestreet,4364.0,Vicki Laflamme,2017-05-22
XETHS437,Rundofase,53.0,Versie Hillebrand,2017-12-07
XF54BYUH,Genco Pura Olive Oil Company,5619.0,Moses Frase,2017-12-09
XFNYWN7B,Xx-holding,868.0,Kary Hendrixson,2017-10-16
XGD6BFD6,Xx-zobam,5217.0,Rosie Papadopoulos,2017-04-09
XGLMCTLG,Rundofase,551.0,Moses Frase,2017-06-18
XGMMHWZC,Domzoom,475.0,Moses Frase,2017-09-25
XH69FGJJ,Treequote,637.0,Niesha Huffines,2017-11-19
XHDAW1SQ,Yearin,576.0,Violet Mclelland,2017-12-21
XHHJ48MJ,Y-corporation,607.0,Kami Bicknell,2017-03-14
XIKWT7HM,Finhigh,48.0,Marty Freudenburg,2017-03-26
XIWKGJOW,Goodsilron,4445.0,Vicki Laflamme,2017-03-09
XIXNILOP,Finhigh,64.0,Marty Freudenburg,2017-04-28
XJ8UTM6B,Umbrella Corporation,5081.0,Corliss Cosme,2017-06-11
XJ9RQU4K,Isdom,3430.0,Lajuana Vencill,2017-06-14
XJI41C0L,Singletechno,4869.0,Vicki Laflamme,2017-04-28
XKMZVSN4,Sonron,4667.0,James Ascencio,2017-03-05
XKYHE3OH,Umbrella Corporation,975.0,Rosie Papadopoulos,2017-11-16
XMCRTC2K,Green-Plus,5532.0,Vicki Laflamme,2017-11-07
XMH4CH4Q,Stanredtax,518.0,Jonathan Berthelot,2017-05-21
XMRZQ8PR,Scotfind,4050.0,Zane Levy,2017-09-25
XMVJ5X59,Plussunin,2715.0,Garret Kinder,2017-11-07
XN43RX9C,Sunnamplex,3187.0,Markita Hansen,2017-08-10
XN63KZRZ,Plexzap,5033.0,Kami Bicknell,2017-09-29
XN7EV14M,Konmatfix,538.0,Cecily Lampkin,2017-05-09
XNC9UMYH,Faxquote,1169.0,Markita Hansen,2017-08-30
XNHGOHPW,Konex,3223.0,Boris Faz,2017-04-22
XNO6DQPU,Mathtouch,64.0,Rosie Papadopoulos,2017-05-03
XO3XXR9X,Dalttechnology,4342.0,Maureen Marcano,2017-06-09
XO4ZYI3G,Xx-holding,5569.0,James Ascencio,2017-10-26
XO7D3NYR,Condax,499.0,Vicki Laflamme,2017-11-03
XO8TRDKK,Acme Corporation,57.0,Garret Kinder,2017-09-17
XP1PQSPC,Kan-code,1081.0,Markita Hansen,2017-09-27
XP7YG96H,Donquadtech,955.0,Corliss Cosme,2017-07-30
XPDLW6F0,Kan-code,5456.0,Zane Levy,2017-04-29
XPJQBSLV,Golddex,49.0,James Ascencio,2017-04-28
XQQ3JS90,Rangreen,5741.0,Jonathan Berthelot,2017-07-31
XR3BL1JL,Goodsilron,54.0,Rosalina Dieter,2017-08-20
XR4PPDOB,Condax,507.0,Lajuana Vencill,2017-12-18
XR57MBVC,Finjob,3492.0,James Ascencio,2017-05-01
XRJTRP20,Fasehatice,4505.0,Maureen Marcano,2017-10-17
XRMOUF1R,Condax,4172.0,Boris Faz,2017-11-07
XRN54MBM,Ron-tech,487.0,Niesha Huffines,2017-03-05
XSB7IN6X,Statholdings,996.0,Anna Snelling,2017-08-31
XT9YNOV2,Acme Corporation,5724.0,Donn Cantrell,2017-06-11
XTAPYDDI,Funholding,4440.0,Gladys Colclough,2017-07-11
XTCCGBYM,Ganjaflex,4161.0,Cassey Cress,2017-11-10
XTKIX6I4,Sonron,3426.0,Vicki Laflamme,2017-06-13
XUGTSB00,Ron-tech,3167.0,Niesha Huffines,2017-03-19
XUP62FUM,Rantouch,5125.0,James Ascencio,2017-08-16
XUSUEAV7,Zoomit,25897.0,Elease Gluck,2017-03-09
XUU1PPTJ,Rangreen,5234.0,Moses Frase,2017-11-10
XV03TJV1,Gogozoom,5401.0,Darcel Schlecht,2017-07-26
XVYL67FL,Bioplex,541.0,Donn Cantrell,2017-07-06
XW1ONOVO,Kan-code,3420.0,Boris Faz,2017-07-23
XWEZ1WNK,Y-corporation,535.0,James Ascencio,2017-03-11
XWN6WWOD,Condax,57.0,Jonathan Berthelot,2017-08-01
XXXM7BMA,Dontechi,3703.0,Marty Freudenburg,2017-11-14
XY42936P,Finjob,1180.0,Maureen Marcano,2017-03-13
XZ9YR78K,Hottechi,1220.0,Gladys Colclough,2017-12-18
XZKZYO55,Kan-code,4865.0,Daniell Hammack,2017-12-16
XZUEXEUH,Betatech,480.0,Anna Snelling,2017-11-09
Y0NYI17R,Dalttechnology,55.0,Vicki Laflamme,2017-03-15
Y1FWLR93,Kan-code,5415.0,Reed Clapper,2017-09-02
Y1GEH2EG,Green-Plus,4466.0,Vicki Laflamme,2017-07-13
Y1JFDUVB,Codehow,48.0,Versie Hillebrand,2017-12-20
Y23HQJRG,Kinnamplus,53.0,Violet Mclelland,2017-05-06
Y25T06D2,dambase,866.0,Anna Snelling,2017-12-26
Y2DLFFN6,Cancity,2800.0,Gladys Colclough,2017-09-30
Y2X0X0WQ,Finhigh,3367.0,Gladys Colclough,2017-12-07
Y34MVXP3,Kinnamplus,3443.0,Rosie Papadopoulos,2017-06-27
Y38ULZPM,Newex,48.0,Rosalina Dieter,2017-05-28
Y3EVBV53,Stanredtax,562.0,Gladys Colclough,2017-12-07
Y3QBGJLM,Blackzim,54.0,Vicki Laflamme,2017-12-30
Y3ULGUD8,Ron-tech,1079.0,Cecily Lampkin,2017-05-18
Y40ADYX7,Goodsilron,3550.0,Hayden Neloms,2017-03-11
Y46OEBEH,Zathunicon,54.0,Violet Mclelland,2017-06-09
Y4SN1R3L,Conecom,3490.0,Darcel Schlecht,2017-10-17
Y4UIUIEG,Cancity,986.0,Cecily Lampkin,2017-12-24
Y5A5G2L5,Bubba Gump,606.0,Cassey Cress,2017-12-08
Y5C1Q7UR,Zathunicon,50.0,Cassey Cress,2017-12-26
Y5CP83V4,Isdom,530.0,Moses Frase,2017-09-30
Y5HR9J3G,Domzoom,513.0,Cecily Lampkin,2017-08-01
Y5IRSKVA,Rangreen,59.0,Jonathan Berthelot,2017-12-25
Y5OTY9O5,Opentech,4704.0,Reed Clapper,2017-05-09
Y5OZ7VOF,Plexzap,3227.0,Maureen Marcano,2017-06-21
Y6HNPIIT,Hottechi,4559.0,Kary Hendrixson,2017-03-07
Y6IIUECA,Donquadtech,880.0,Reed Clapper,2017-07-04
Y6Q7Z0SO,Green-Plus,63.0,Elease Gluck,2017-10-08
Y6YZXVTF,Massive Dynamic,2876.0,Donn Cantrell,2017-09-04
Y7AC2LSL,Blackzim,3015.0,Markita Hansen,2017-09-30
Y92RU9V8,Kan-code,4712.0,Daniell Hammack,2017-06-15
Y93GK95W,Hatfan,3138.0,Markita Hansen,2017-09-21
Y9B94N72,Donware,55.0,Garret Kinder,2017-05-03
Y9HHGGOQ,dambase,53.0,Versie Hillebrand,2017-10-04
Y9HWSG8Z,Gogozoom,510.0,Darcel Schlecht,2017-03-20
Y9NTV3K5,Labdrill,3596.0,Kami Bicknell,2017-09-23
Y9SCLUH8,Ron-tech,835.0,Jonathan Berthelot,2017-09-02
Y9XOOWHS,Finhigh,3031.0,Darcel Schlecht,2017-06-18
Y9Y4TXD9,Konex,3041.0,Corliss Cosme,2017-05-03
YA2NDY1H,Bluth Company,4519.0,Cassey Cress,2017-05-17
YA3O04NX,Gogozoom,3011.0,Marty Freudenburg,2017-06-05
YA8CL4UM,Sunnamplex,460.0,Kami Bicknell,2017-12-01
YAKIMBKC,Konex,609.0,Kary Hendrixson,2017-04-02
YAR5GGA4,Cheers,5120.0,Markita Hansen,2017-03-29
YAVTI45C,Fasehatice,481.0,Zane Levy,2017-12-12
YB6UP71G,Bioholding,64.0,Anna Snelling,2017-09-06
YBRZQFEO,Green-Plus,4939.0,Maureen Marcano,2017-03-31
YC6QEUJN,Kan-code,950.0,Garret Kinder,2017-07-08
YCA44Q4U,Kinnamplus,52.0,Wilburn Farren,2017-07-25
YCQABCDI,Betasoloin,3252.0,Reed Clapper,2017-11-03
YCQXHVMZ,The New York Inquirer,5600.0,Reed Clapper,2017-12-22
YD3D41E0,Zumgoity,1127.0,Jonathan Berthelot,2017-10-02
YDBPPU6J,Betasoloin,5100.0,Donn Cantrell,2017-06-03
YDUL6H8V,Goodsilron,1017.0,Markita Hansen,2017-12-08
YDZZNTEZ,Opentech,3422.0,Garret Kinder,2017-11-01
YE6R6I1K,Umbrella Corporation,2880.0,Reed Clapper,2017-05-29
YEH9VQCD,Condax,526.0,Daniell Hammack,2017-10-27
YFJKP42F,Codehow,3681.0,Moses Frase,2017-06-27
YFNRXR7X,Plussunin,57.0,Rosie Papadopoulos,2017-07-25
YFP8IZ98,Acme Corporation,61.0,Rosie Papadopoulos,2017-06-22
YFS5KLJJ,Finjob,45.0,Rosalina Dieter,2017-03-31
YGL1F8K1,Plusstrip,56.0,Vicki Laflamme,2017-05-04
YHKT6YJ7,dambase,589.0,Moses Frase,2017-03-13
YHNBSXPN,Hatfan,1019.0,Maureen Marcano,2017-03-25
YHRVQVPV,Konex,4687.0,Zane Levy,2017-04-20
YHVY1LHH,dambase,3785.0,Cecily Lampkin,2017-06-25
YIK15TLW,Groovestreet,5745.0,James Ascencio,2017-11-10
YJIH415V,Kan-code,3222.0,Donn Cantrell,2017-05-10
YJJ1BLPQ,Finhigh,3423.0,Niesha Huffines,2017-05-15
YJTQSZ9D,Inity,1052.0,Gladys Colclough,2017-12-30
YKBRF0NG,Nam-zim,1014.0,Kary Hendrixson,2017-08-09
YL7XWUYO,Codehow,459.0,Lajuana Vencill,2017-06-17
YM5F751C,Statholdings,50.0,Versie Hillebrand,2017-10-28
YMGWLEHY,Betasoloin,3822.0,Garret Kinder,2017-03-21
YMMQA65I,Condax,53.0,Rosalina Dieter,2017-04-28
YMS8IG4L,Umbrella Corporation,441.0,Donn Cantrell,2017-05-27
YNKWBEEN,Kan-code,521.0,Reed Clapper,2017-06-27
YNP9PI1X,Codehow,1018.0,Niesha Huffines,2017-06-15
YOFRJU68,Blackzim,3463.0,Kami Bicknell,2017-09-29
YOQCQ4UO,Hottechi,534.0,Kami Bicknell,2017-03-18
YPRHMUIB,Stanredtax,5009.0,Darcel Schlecht,2017-12-22
YPSXMDRH,The New York Inquirer,4976.0,Daniell Hammack,2017-12-23
YQ24IWRQ,Ganjaflex,592.0,Daniell Hammack,2017-05-27
YQFF7GFK,Inity,1083.0,Versie Hillebrand,2017-08-11
YQK2K6U5,Betatech,576.0,Darcel Schlecht,2017-08-22
YR4EFQ4C,Bubba Gump,4647.0,Reed Clapper,2017-12-03
YRYMSUE3,Gogozoom,557.0,Niesha Huffines,2017-07-03
YT2QLCVS,Groovestreet,3539.0,Hayden Neloms,2017-06-28
YT5GLR6D,Kinnamplus,3588.0,Cassey Cress,2017-11-02
YT5I3AUS,Xx-zobam,494.0,Reed Clapper,2017-07-31
YT7QY06V,Newex,3224.0,Hayden Neloms,2017-04-14
YT8YYRTU,Cheers,1250.0,Maureen Marcano,2017-08-29
YT9PLSVL,Streethex,584.0,Lajuana Vencill,2017-09-15
YTL8VNGT,J-Texon,565.0,Kami Bicknell,2017-04-12
YTQH4YM9,Cancity,63.0,Versie Hillebrand,2017-07-05
YTSX7IW3,Blackzim,59.0,Markita Hansen,2017-07-02
YUGFGRUT,Groovestreet,651.0,Vicki Laflamme,2017-08-06
YUORNX7C,Inity,53.0,Versie Hillebrand,2017-11-01
YUUD6GIT,Umbrella Corporation,1148.0,Boris Faz,2017-11-19
YVGDC8L2,Rangreen,53.0,Marty Freudenburg,2017-07-26
YVJ3V0ZI,Green-Plus,476.0,James Ascencio,2017-12-20
YW14K7PE,Vehement Capital Partners,5198.0,Wilburn Farren,2017-09-23
YWF7W7H8,Hottechi,5728.0,Lajuana Vencill,2017-04-07
YWKJW726,Stanredtax,43.0,Versie Hillebrand,2017-08-20
YY39ZQNV,The New York Inquirer,5857.0,Cassey Cress,2017-09-01
YY3ACGA2,Kan-code,571.0,Vicki Laflamme,2017-07-11
YY4VFPND,Golddex,1168.0,Kary Hendrixson,2017-12-29
YYAZ4JBY,Ganjaflex,4440.0,Reed Clapper,2017-04-03
YYRYSVOO,Bioholding,5382.0,Darcel Schlecht,2017-07-16
YZ1EYM3Y,Ron-tech,3217.0,Jonathan Berthelot,2017-03-18
YZ9ZKK3P,Finjob,56.0,Hayden Neloms,2017-05-08
YZGDW4G1,Initech,64.0,Violet Mclelland,2017-03-14
YZJLPVJG,Konex,4915.0,Donn Cantrell,2017-07-04
YZX90X8X,Umbrella Corporation,4315.0,Wilburn Farren,2017-12-28
Z032GGRE,Dontechi,4935.0,Darcel Schlecht,2017-08-12
Z063OYW0,Isdom,4514.0,Darcel Schlecht,2017-03-11
Z0BGG6IJ,Y-corporation,595.0,Markita Hansen,2017-05-05
Z0TSV030,Opentech,617.0,Garret Kinder,2017-03-30
Z173R82Y,Sumace,1008.0,Daniell Hammack,2017-12-25
Z1IF1M5M,Konmatfix,1001.0,Moses Frase,2017-11-29
Z1RN8D42,Singletechno,5606.0,Kary Hendrixson,2017-06-02
Z216TKEU,Singletechno,47.0,Elease Gluck,2017-10-20
Z29AX2KB,Condax,983.0,Kary Hendrixson,2017-06-20
Z2M1XXEK,Iselectrics,6263.0,Wilburn Farren,2017-04-22
Z2S4KUPO,Rantouch,1173.0,Kary Hendrixson,2017-03-10
Z3FOWY9N,Scotfind,5698.0,Kary Hendrixson,2017-06-22
Z3QJESWJ,Kinnamplus,5038.0,Corliss Cosme,2017-08-22
Z4A1R9CJ,Finhigh,1147.0,Moses Frase,2017-05-22
Z4CFFZAW,Opentech,63.0,Violet Mclelland,2017-09-10
Z50GQV8I,Vehement Capital Partners,593.0,Corliss Cosme,2017-04-11
Z5BCBTAO,Konmatfix,60.0,Versie Hillebrand,2017-05-20
Z64MQTF2,Rangreen,5310.0,Jonathan Berthelot,2017-08-14
Z6ETLZQU,Mathtouch,5528.0,Corliss Cosme,2017-12-18
Z6FPHRV7,Ganjaflex,550.0,Corliss Cosme,2017-11-11
Z72Y3C3C,Dontechi,54.0,Anna Snelling,2017-04-04
Z75R686C,Singletechno,3701.0,Hayden Neloms,2017-08-28
Z7GJE1K0,Dalttechnology,49.0,Rosalina Dieter,2017-12-07
Z8JLMCOM,Hatfan,4644.0,Vicki Laflamme,2017-06-02
Z8RI8RLU,Streethex,502.0,Moses Frase,2017-06-03
Z9KNL9A1,Groovestreet,5161.0,Kary Hendrixson,2017-07-24
Z9SY11HK,Labdrill,3303.0,Hayden Neloms,2017-04-30
Z9W748SJ,Iselectrics,60.0,Cassey Cress,2017-07-03
ZA1YVJQC,Donquadtech,3552.0,Garret Kinder,2017-08-11
ZA2MIHIM,Green-Plus,6529.0,Hayden Neloms,2017-08-20
ZA6AJ0N1,Scottech,5191.0,Darcel Schlecht,2017-08-15
ZA6CBQAL,Zotware,4308.0,Donn Cantrell,2017-06-20
ZBAMKTFX,Labdrill,4901.0,Kary Hendrixson,2017-08-08
ZBB9CDO4,J-Texon,1088.0,Kami Bicknell,2017-09-18
ZBBMGEV4,Inity,1189.0,Darcel Schlecht,2017-05-16
ZC3KKSUK,Plexzap,5040.0,James Ascencio,2017-03-02
ZC3UEHXG,Opentech,5406.0,Reed Clapper,2017-05-17
ZCA1IRGD,Warephase,3063.0,Moses Frase,2017-05-06
ZCAEQT06,Codehow,3352.0,Lajuana Vencill,2017-07-27
ZCFAVNF3,Streethex,53.0,Gladys Colclough,2017-09-20
ZDAJ4PFJ,Bioholding,513.0,Moses Frase,2017-12-03
ZDB6D35R,Ontomedia,5026.0,Cassey Cress,2017-12-19
ZDSAVCDQ,Plussunin,52.0,Rosie Papadopoulos,2017-08-12
ZDVZB8PX,Blackzim,3930.0,Vicki Laflamme,2017-11-14
ZDZGCWX7,Cheers,545.0,Kami Bicknell,2017-06-22
ZE7ILYKB,Nam-zim,5508.0,Markita Hansen,2017-05-03
ZE7PM90V,Blackzim,570.0,James Ascencio,2017-08-23
ZE84UHHB,Inity,59.0,Anna Snelling,2017-03-26
ZE9WX1Q9,Fasehatice,54.0,Hayden Neloms,2017-08-21
ZESI2PFU,Dontechi,923.0,Darcel Schlecht,2017-06-27
ZEWNPF3K,Singletechno,1075.0,Maureen Marcano,2017-11-13
ZFB7CBR6,Plexzap,6262.0,Zane Levy,2017-05-13
ZFIT4XWO,Stanredtax,3039.0,Moses Frase,2017-12-05
ZFRPQV2M,Funholding,51.0,Cecily Lampkin,2017-11-03
ZFVG8LP2,Cheers,56.0,Vicki Laflamme,2017-05-20
ZFXYBJEY,Zotware,3155.0,Wilburn Farren,2017-12-24
ZG1DFNPW,Bioholding,547.0,Moses Frase,2017-09-15
ZGQI86AQ,Sonron,523.0,Kary Hendrixson,2017-09-05
ZGSQMEQ9,Bioholding,1063.0,Niesha Huffines,2017-09-17
ZH2TBHVZ,Gekko & Co,635.0,Donn Cantrell,2017-09-08
ZHI12PI4,Blackzim,3302.0,Hayden Neloms,2017-12-29
ZHKJIJA1,Cheers,572.0,Vicki Laflamme,2017-08-05
ZHOK77B4,Zotware,4743.0,Reed Clapper,2017-11-02
ZHXBOIJ6,Dontechi,46.0,Anna Snelling,2017-08-18
ZI1MPYF3,Dalttechnology,3813.0,James Ascencio,2017-06-05
ZIEI8JM3,Ron-tech,65.0,Anna Snelling,2017-12-07
ZIFDD41D,Hottechi,543.0,Jonathan Berthelot,2017-08-11
ZILYYA1V,Goodsilron,45.0,Vicki Laflamme,2017-03-30
ZIZXHX09,Silis,3390.0,Cassey Cress,2017-04-07
ZJ11PBUV,Zumgoity,5212.0,Jonathan Berthelot,2017-10-09
ZJ1BOSNL,Xx-zobam,3089.0,Reed Clapper,2017-05-24
ZJ76J97A,Konex,5300.0,Vicki Laflamme,2017-08-19
ZJAIST7C,Konex,5153.0,Rosie Papadopoulos,2017-12-31
ZKFWTRRT,Bioholding,4422.0,Darcel Schlecht,2017-09-30
ZKSJ1DOK,Kan-code,581.0,Elease Gluck,2017-06-07
ZKVVWZ8T,Silis,574.0,Rosie Papadopoulos,2017-05-15
ZLFKHXXI,Rundofase,520.0,Moses Frase,2017-12-25
ZLIQCT7V,Sonron,505.0,Zane Levy,2017-12-06
ZLY8SZXO,Kan-code,533.0,Kami Bicknell,2017-04-16
ZM1HKZRS,Sonron,56.0,Markita Hansen,2017-12-10
ZMYUFTS9,Domzoom,3207.0,Moses Frase,2017-08-16
ZN0FWO0L,Ganjaflex,651.0,Corliss Cosme,2017-09-19
ZNBS69V1,Ron-tech,49.0,Anna Snelling,2017-03-01
ZNFFFJ1T,Newex,585.0,Kary Hendrixson,2017-08-13
ZNOARPNW,Kinnamplus,4954.0,Boris Faz,2017-09-13
ZNSWDHTJ,Rundofase,618.0,Darcel Schlecht,2017-05-15
ZNU9YDS9,Stanredtax,67.0,Anna Snelling,2017-11-03
ZOQ8RC86,Treequote,4667.0,Marty Freudenburg,2017-05-05
ZP5Q4YUJ,Plusstrip,529.0,James Ascencio,2017-11-24
ZP9HW0LH,Kan-code,3794.0,Vicki Laflamme,2017-10-03
ZPKCSV3R,Dontechi,64.0,Jonathan Berthelot,2017-07-11
ZPX96Q40,Condax,5344.0,James Ascencio,2017-06-12
ZPYD4T9W,Stanredtax,43.0,Versie Hillebrand,2017-03-07
ZQ7TYNUV,Streethex,6384.0,Niesha Huffines,2017-04-30
ZQHJNTDK,Isdom,1042.0,Moses Frase,2017-11-13
ZQSSHSL7,Donquadtech,583.0,Cassey Cress,2017-11-06
ZQVUQ5CJ,Treequote,472.0,Moses Frase,2017-05-25
ZRCY8P4P,Condax,5422.0,Darcel Schlecht,2017-12-14
ZRMZJVWK,Plusstrip,5491.0,Zane Levy,2017-12-28
ZRZI054E,Toughzap,612.0,Cecily Lampkin,2017-07-06
ZS4PKX65,Finhigh,560.0,Lajuana Vencill,2017-08-11
ZSHK2ZXD,dambase,602.0,Darcel Schlecht,2017-06-21
ZT2NKCV5,Hottechi,55.0,Jonathan Berthelot,2017-05-31
ZT6D57ED,Scottech,6274.0,Gladys Colclough,2017-09-02
ZT6XPQR0,Y-corporation,54.0,Vicki Laflamme,2017-06-28
ZTHMJWYZ,Konex,53.0,Markita Hansen,2017-06-22
ZTYHMEQY,Cancity,525.0,Darcel Schlecht,2017-09-11
ZVEH26GP,J-Texon,1028.0,Kami Bicknell,2017-10-08
ZVR3I3F0,Singletechno,3460.0,Zane Levy,2017-05-02
ZVT9J7V1,Zumgoity,55.0,Versie Hillebrand,2017-06-15
ZW58VIDI,Hatfan,64.0,Vicki Laflamme,2017-05-25
ZWA2ES4F,Opentech,48.0,Cassey Cress,2017-09-07
ZWAJWK40,Vehement Capital Partners,48.0,Violet Mclelland,2017-06-22
ZWFPD71J,Plusstrip,5620.0,Kami Bicknell,2017-03-06
ZWH8FXY3,Toughzap,508.0,Marty Freudenburg,2017-03-03
ZWXKCHOO,Condax,535.0,Donn Cantrell,2017-09-25
ZZ4X9VN3,Ganjaflex,2995.0,Wilburn Farren,2017-10-31
ZZCKQ2JV,Newex,4856.0,Vicki Laflamme,2017-07-04
ZZFES7ID,Singletechno,52.0,Zane Levy,2017-06-05
ZZJ4I52J,Hottechi,518.0,Anna Snelling,2017-05-05
ZZQB2NPD,Ron-tech,1140.0,Lajuana Vencill,2017-06-19
