record,input_row,field,issue,severity,disposition,resolution,region
Z063OYW0,2,product,Product-key mismatch,Low,Standardized,GTXPro mapped to GTX Pro; original retained in source CSV,Central
HAXMC4IX,10,account,Account not assigned,Info,Retained,Retained open opportunity; account value remains null,West
KWVA7VR1,12,product,Product-key mismatch,Low,Standardized,GTXPro mapped to GTX Pro; original retained in source CSV,Central
902REDPA,19,product,Product-key mismatch,Low,Standardized,GTXPro mapped to GTX Pro; original retained in source CSV,East
KNY1OSAB,30,product,Product-key mismatch,Low,Standardized,GTXPro mapped to GTX Pro; original retained in source CSV,West
JYKM0B00,33,product,Product-key mismatch,Low,Standardized,GTXPro mapped to GTX Pro; original retained in source CSV,West
EG7OFLFR,43,account,Account not assigned,Info,Retained,Retained open opportunity; account value remains null,West
OLVI7L8M,45,product,Product-key mismatch,Low,Standardized,GTXPro mapped to GTX Pro; original retained in source CSV,East
OLVI7L8M,45,account,Account not assigned,Info,Retained,Retained open opportunity; account value remains null,East
ONYNTUCG,55,product,Product-key mismatch,Low,Standardized,GTXPro mapped to GTX Pro; original retained in source CSV,Central
F5U1ACDD,57,account,Account not assigned,Info,Retained,Retained open opportunity; account value remains null,West
LPKT07PV,58,product,Product-key mismatch,Low,Standardized,GTXPro mapped to GTX Pro; original retained in source CSV,East
ZZY4516R,61,account,Account not assigned,Info,Retained,Retained open opportunity; account value remains null,West
GIUUTBXM,69,product,Product-key mismatch,Low,Standardized,GTXPro mapped to GTX Pro; original retained in source CSV,West
DUHE9FLY,71,product,Product-key mismatch,Low,Standardized,GTXPro mapped to GTX Pro; original retained in source CSV,Central
C20AVXN7,74,product,Product-key mismatch,Low,Standardized,GTXPro mapped to GTX Pro; original retained in source CSV,Central
B6B0PNR2,79,product,Product-key mismatch,Low,Standardized,GTXPro mapped to GTX Pro; original retained in source CSV,West
GYB4W2AU,83,account,Account not assigned,Info,Retained,Retained open opportunity; account value remains null,West
513DPFX5,84,product,Product-key mismatch,Low,Standardized,GTXPro mapped to GTX Pro; original retained in source CSV,Central
S5IXY4Z9,99,product,Product-key mismatch,Low,Standardized,GTXPro mapped to GTX Pro; original retained in source CSV,East
D40N5I9Y,103,product,Product-key mismatch,Low,Standardized,GTXPro mapped to GTX Pro; original retained in source CSV,Central
8VKD2CCH,110,product,Product-key mismatch,Low,Standardized,GTXPro mapped to GTX Pro; original retained in source CSV,East
QHI8WRIA,127,product,Product-key mismatch,Low,Standardized,GTXPro mapped to GTX Pro; original retained in source CSV,Central
A0ANOYPF,131,product,Product-key mismatch,Low,Standardized,GTXPro mapped to GTX Pro; original retained in source CSV,Central
22OFSXBT,135,product,Product-key mismatch,Low,Standardized,GTXPro mapped to GTX Pro; original retained in source CSV,Central
CNM0H9FR,140,account,Account not assigned,Info,Retained,Retained open opportunity; account value remains null,West
TZCAQWL3,142,product,Product-key mismatch,Low,Standardized,GTXPro mapped to GTX Pro; original retained in source CSV,Central
B8E0UUZR,144,product,Product-key mismatch,Low,Standardized,GTXPro mapped to GTX Pro; original retained in source CSV,Central
3W1K7X5F,149,product,Product-key mismatch,Low,Standardized,GTXPro mapped to GTX Pro; original retained in source CSV,Central
JLWKWQYC,152,product,Product-key mismatch,Low,Standardized,GTXPro mapped to GTX Pro; original retained in source CSV,West
UAE5ZC7O,158,account,Account not assigned,Info,Retained,Retained open opportunity; account value remains null,East
JUCNIG4H,160,account,Account not assigned,Info,Retained,Retained open opportunity; account value remains null,West
1YSOZLHF,167,product,Product-key mismatch,Low,Standardized,GTXPro mapped to GTX Pro; original retained in source CSV,East
ICMXZOVL,173,product,Product-key mismatch,Low,Standardized,GTXPro mapped to GTX Pro; original retained in source CSV,East
UQ14O415,174,product,Product-key mismatch,Low,Standardized,GTXPro mapped to GTX Pro; original retained in source CSV,East
IBEUTCSW,175,account,Account not assigned,Info,Retained,Retained open opportunity; account value remains null,West
O3KC8QI8,176,account,Account not assigned,Info,Retained,Retained open opportunity; account value remains null,West
WALNFJ70,178,account,Account not assigned,Info,Retained,Retained open opportunity; account value remains null,West
9R8JWY3J,185,product,Product-key mismatch,Low,Standardized,GTXPro mapped to GTX Pro; original retained in source CSV,East
MNVMY83P,190,product,Product-key mismatch,Low,Standardized,GTXPro mapped to GTX Pro; original retained in source CSV,East
0ZHLQFGU,191,product,Product-key mismatch,Low,Standardized,GTXPro mapped to GTX Pro; original retained in source CSV,West
ZOBJHMAF,197,account,Account not assigned,Info,Retained,Retained open opportunity; account value remains null,East
KD6MB4AP,198,account,Account not assigned,Info,Retained,Retained open opportunity; account value remains null,West
IIS0O91J,201,product,Product-key mismatch,Low,Standardized,GTXPro mapped to GTX Pro; original retained in source CSV,West
A194RP0I,206,account,Account not assigned,Info,Retained,Retained open opportunity; account value remains null,West
1HVNTEPV,207,product,Product-key mismatch,Low,Standardized,GTXPro mapped to GTX Pro; original retained in source CSV,East
KV2OFRJT,213,product,Product-key mismatch,Low,Standardized,GTXPro mapped to GTX Pro; original retained in source CSV,West
KV2OFRJT,213,account,Account not assigned,Info,Retained,Retained open opportunity; account value remains null,West
ERFRHR3Z,217,account,Account not assigned,Info,Retained,Retained open opportunity; account value remains null,West
J32XDDAW,222,account,Account not assigned,Info,Retained,Retained open opportunity; account value remains null,West
NN4DWBVN,223,product,Product-key mismatch,Low,Standardized,GTXPro mapped to GTX Pro; original retained in source CSV,West
G0ECB8FS,229,product,Product-key mismatch,Low,Standardized,GTXPro mapped to GTX Pro; original retained in source CSV,West
1ZDDZD8B,230,account,Account not assigned,Info,Retained,Retained open opportunity; account value remains null,West
96MZYUY0,231,product,Product-key mismatch,Low,Standardized,GTXPro mapped to GTX Pro; original retained in source CSV,West
JUUXF02Z,236,product,Product-key mismatch,Low,Standardized,GTXPro mapped to GTX Pro; original retained in source CSV,West
PYOFK7ZD,242,account,Account not assigned,Info,Retained,Retained open opportunity; account value remains null,East
DWUXMAGZ,243,account,Account not assigned,Info,Retained,Retained open opportunity; account value remains null,East
6SN2RQJX,253,account,Account not assigned,Info,Retained,Retained open opportunity; account value remains null,West
NKPH3EFG,255,account,Account not assigned,Info,Retained,Retained open opportunity; account value remains null,East
127ZPLXQ,259,product,Product-key mismatch,Low,Standardized,GTXPro mapped to GTX Pro; original retained in source CSV,West
FCFDJIEZ,264,product,Product-key mismatch,Low,Standardized,GTXPro mapped to GTX Pro; original retained in source CSV,West
MOPWEMB5,273,product,Product-key mismatch,Low,Standardized,GTXPro mapped to GTX Pro; original retained in source CSV,West
3ECHUPQY,275,account,Account not assigned,Info,Retained,Retained open opportunity; account value remains null,East
K5CWSFCW,286,product,Product-key mismatch,Low,Standardized,GTXPro mapped to GTX Pro; original retained in source CSV,West
QZ3VV4C1,290,product,Product-key mismatch,Low,Standardized,GTXPro mapped to GTX Pro; original retained in source CSV,West
4H2QMS78,293,account,Account not assigned,Info,Retained,Retained open opportunity; account value remains null,West
SQLYCFGV,300,product,Product-key mismatch,Low,Standardized,GTXPro mapped to GTX Pro; original retained in source CSV,West
EUG019AS,301,account,Account not assigned,Info,Retained,Retained open opportunity; account value remains null,East
01QKN578,303,product,Product-key mismatch,Low,Standardized,GTXPro mapped to GTX Pro; original retained in source CSV,Central
ZC3KKSUK,305,product,Product-key mismatch,Low,Standardized,GTXPro mapped to GTX Pro; original retained in source CSV,West
F90O03ZH,317,product,Product-key mismatch,Low,Standardized,GTXPro mapped to GTX Pro; original retained in source CSV,East
X6GL64T5,319,product,Product-key mismatch,Low,Standardized,GTXPro mapped to GTX Pro; original retained in source CSV,Central
KFPM2LJW,323,account,Account not assigned,Info,Retained,Retained open opportunity; account value remains null,West
C8TV7R8A,328,product,Product-key mismatch,Low,Standardized,GTXPro mapped to GTX Pro; original retained in source CSV,West
C8TV7R8A,328,account,Account not assigned,Info,Retained,Retained open opportunity; account value remains null,West
2VCDVCIZ,330,account,Account not assigned,Info,Retained,Retained open opportunity; account value remains null,West
0U3WVJO0,335,product,Product-key mismatch,Low,Standardized,GTXPro mapped to GTX Pro; original retained in source CSV,East
0U3WVJO0,335,account,Account not assigned,Info,Retained,Retained open opportunity; account value remains null,East
0IO00FNS,336,product,Product-key mismatch,Low,Standardized,GTXPro mapped to GTX Pro; original retained in source CSV,Central
8S6TNXYB,337,product,Product-key mismatch,Low,Standardized,GTXPro mapped to GTX Pro; original retained in source CSV,Central
PMMW9JX3,338,account,Account not assigned,Info,Retained,Retained open opportunity; account value remains null,West
2HT2R2GY,345,account,Account not assigned,Info,Retained,Retained open opportunity; account value remains null,East
13GM5I6M,350,product,Product-key mismatch,Low,Standardized,GTXPro mapped to GTX Pro; original retained in source CSV,West
13GM5I6M,350,account,Account not assigned,Info,Retained,Retained open opportunity; account value remains null,West
9IA34L8S,356,account,Account not assigned,Info,Retained,Retained open opportunity; account value remains null,West
S33WRL0Y,358,product,Product-key mismatch,Low,Standardized,GTXPro mapped to GTX Pro; original retained in source CSV,West
5T8Q2YID,362,account,Account not assigned,Info,Retained,Retained open opportunity; account value remains null,West
FZDRB789,368,product,Product-key mismatch,Low,Standardized,GTXPro mapped to GTX Pro; original retained in source CSV,West
TLOHEQ18,371,account,Account not assigned,Info,Retained,Retained open opportunity; account value remains null,East
06B7XWPC,374,product,Product-key mismatch,Low,Standardized,GTXPro mapped to GTX Pro; original retained in source CSV,West
EWDOBEM6,381,account,Account not assigned,Info,Retained,Retained open opportunity; account value remains null,West
N36DEZBR,383,product,Product-key mismatch,Low,Standardized,GTXPro mapped to GTX Pro; original retained in source CSV,West
QM6VR1H5,390,account,Account not assigned,Info,Retained,Retained open opportunity; account value remains null,East
QR2BDRAI,391,account,Account not assigned,Info,Retained,Retained open opportunity; account value remains null,West
Z75ND4JF,392,account,Account not assigned,Info,Retained,Retained open opportunity; account value remains null,West
ZOQ8RC86,394,product,Product-key mismatch,Low,Standardized,GTXPro mapped to GTX Pro; original retained in source CSV,Central
CGWJ1WHI,397,account,Account not assigned,Info,Retained,Retained open opportunity; account value remains null,East
M16D8PYH,399,account,Account not assigned,Info,Retained,Retained open opportunity; account value remains null,East
RK52YU8S,400,product,Product-key mismatch,Low,Standardized,GTXPro mapped to GTX Pro; original retained in source CSV,Central
HG07LMHI,402,product,Product-key mismatch,Low,Standardized,GTXPro mapped to GTX Pro; original retained in source CSV,Central
VPXW8RJS,403,account,Account not assigned,Info,Retained,Retained open opportunity; account value remains null,West
2U54WYQ1,405,product,Product-key mismatch,Low,Standardized,GTXPro mapped to GTX Pro; original retained in source CSV,West
T7T1YIM7,407,account,Account not assigned,Info,Retained,Retained open opportunity; account value remains null,East
MXNVX2AM,408,product,Product-key mismatch,Low,Standardized,GTXPro mapped to GTX Pro; original retained in source CSV,Central
L1EJIE5L,415,product,Product-key mismatch,Low,Standardized,GTXPro mapped to GTX Pro; original retained in source CSV,East
4JHY98UG,418,account,Account not assigned,Info,Retained,Retained open opportunity; account value remains null,East
G39V1X3G,420,account,Account not assigned,Info,Retained,Retained open opportunity; account value remains null,East
L0345WKB,424,product,Product-key mismatch,Low,Standardized,GTXPro mapped to GTX Pro; original retained in source CSV,West
YMGWLEHY,438,product,Product-key mismatch,Low,Standardized,GTXPro mapped to GTX Pro; original retained in source CSV,East
6Q67ZUJ1,440,account,Account not assigned,Info,Retained,Retained open opportunity; account value remains null,West
Y6UBZM6P,442,account,Account not assigned,Info,Retained,Retained open opportunity; account value remains null,West
LTTYTAXA,447,product,Product-key mismatch,Low,Standardized,GTXPro mapped to GTX Pro; original retained in source CSV,East
RIW4VWBW,448,account,Account not assigned,Info,Retained,Retained open opportunity; account value remains null,West
ZWFPD71J,449,product,Product-key mismatch,Low,Standardized,GTXPro mapped to GTX Pro; original retained in source CSV,West
DWUD4S0P,453,account,Account not assigned,Info,Retained,Retained open opportunity; account value remains null,West
RW39Y63V,458,product,Product-key mismatch,Low,Standardized,GTXPro mapped to GTX Pro; original retained in source CSV,West
RW39Y63V,458,account,Account not assigned,Info,Retained,Retained open opportunity; account value remains null,West
8LW65NDL,460,account,Account not assigned,Info,Retained,Retained open opportunity; account value remains null,East
CJ2ON1LV,461,product,Product-key mismatch,Low,Standardized,GTXPro mapped to GTX Pro; original retained in source CSV,East
4I8X7EMW,462,product,Product-key mismatch,Low,Standardized,GTXPro mapped to GTX Pro; original retained in source CSV,East
4I8X7EMW,462,account,Account not assigned,Info,Retained,Retained open opportunity; account value remains null,East
0IYQX303,470,product,Product-key mismatch,Low,Standardized,GTXPro mapped to GTX Pro; original retained in source CSV,East
VCSHYIU8,475,account,Account not assigned,Info,Retained,Retained open opportunity; account value remains null,West
UQQE9ILV,481,product,Product-key mismatch,Low,Standardized,GTXPro mapped to GTX Pro; original retained in source CSV,West
G9GH5KV5,482,product,Product-key mismatch,Low,Standardized,GTXPro mapped to GTX Pro; original retained in source CSV,West
070M5M6X,486,product,Product-key mismatch,Low,Standardized,GTXPro mapped to GTX Pro; original retained in source CSV,West
W8CXDBQN,488,account,Account not assigned,Info,Retained,Retained open opportunity; account value remains null,West
EJSFO67U,490,product,Product-key mismatch,Low,Standardized,GTXPro mapped to GTX Pro; original retained in source CSV,East
561707V4,495,product,Product-key mismatch,Low,Standardized,GTXPro mapped to GTX Pro; original retained in source CSV,West
BTUG5VDL,498,product,Product-key mismatch,Low,Standardized,GTXPro mapped to GTX Pro; original retained in source CSV,East
YBRZQFEO,504,product,Product-key mismatch,Low,Standardized,GTXPro mapped to GTX Pro; original retained in source CSV,West
GR2X90DZ,506,account,Account not assigned,Info,Retained,Retained open opportunity; account value remains null,West
K64TY8LU,510,account,Account not assigned,Info,Retained,Retained open opportunity; account value remains null,West
DZ57QIQN,525,account,Account not assigned,Info,Retained,Retained open opportunity; account value remains null,East
A6Y1V5Z0,526,product,Product-key mismatch,Low,Standardized,GTXPro mapped to GTX Pro; original retained in source CSV,East
PFHS80CR,528,product,Product-key mismatch,Low,Standardized,GTXPro mapped to GTX Pro; original retained in source CSV,Central
OZ5S8NCK,529,product,Product-key mismatch,Low,Standardized,GTXPro mapped to GTX Pro; original retained in source CSV,West
OZ5S8NCK,529,account,Account not assigned,Info,Retained,Retained open opportunity; account value remains null,West
A4JROIDO,541,account,Account not assigned,Info,Retained,Retained open opportunity; account value remains null,West
6DCKCXDC,547,product,Product-key mismatch,Low,Standardized,GTXPro mapped to GTX Pro; original retained in source CSV,Central
7QGG2LO3,549,product,Product-key mismatch,Low,Standardized,GTXPro mapped to GTX Pro; original retained in source CSV,West
Y6HNPIIT,550,product,Product-key mismatch,Low,Standardized,GTXPro mapped to GTX Pro; original retained in source CSV,West
IBKRO1AN,551,product,Product-key mismatch,Low,Standardized,GTXPro mapped to GTX Pro; original retained in source CSV,West
ZE7ILYKB,554,product,Product-key mismatch,Low,Standardized,GTXPro mapped to GTX Pro; original retained in source CSV,West
PMEENWD5,558,product,Product-key mismatch,Low,Standardized,GTXPro mapped to GTX Pro; original retained in source CSV,East
Z1WLLL1H,560,account,Account not assigned,Info,Retained,Retained open opportunity; account value remains null,West
6GNJMYMO,561,product,Product-key mismatch,Low,Standardized,GTXPro mapped to GTX Pro; original retained in source CSV,West
ETZKANFZ,563,account,Account not assigned,Info,Retained,Retained open opportunity; account value remains null,West
PK1PS0KR,573,account,Account not assigned,Info,Retained,Retained open opportunity; account value remains null,East
RPONINLM,583,account,Account not assigned,Info,Retained,Retained open opportunity; account value remains null,West
CF1CSNPX,586,product,Product-key mismatch,Low,Standardized,GTXPro mapped to GTX Pro; original retained in source CSV,East
F569KUVC,588,account,Account not assigned,Info,Retained,Retained open opportunity; account value remains null,West
VYPYVO8V,590,account,Account not assigned,Info,Retained,Retained open opportunity; account value remains null,West
3LJAJVHR,591,product,Product-key mismatch,Low,Standardized,GTXPro mapped to GTX Pro; original retained in source CSV,East
TK9T01QM,596,product,Product-key mismatch,Low,Standardized,GTXPro mapped to GTX Pro; original retained in source CSV,East
1D54L027,600,account,Account not assigned,Info,Retained,Retained open opportunity; account value remains null,East
1ZCOKNNI,601,product,Product-key mismatch,Low,Standardized,GTXPro mapped to GTX Pro; original retained in source CSV,West
W5ADQ9SH,603,product,Product-key mismatch,Low,Standardized,GTXPro mapped to GTX Pro; original retained in source CSV,Central
EAYD98X2,621,product,Product-key mismatch,Low,Standardized,GTXPro mapped to GTX Pro; original retained in source CSV,Central
YR4W59KS,622,product,Product-key mismatch,Low,Standardized,GTXPro mapped to GTX Pro; original retained in source CSV,Central
4NGSQODD,624,product,Product-key mismatch,Low,Standardized,GTXPro mapped to GTX Pro; original retained in source CSV,West
5BE27MLY,626,product,Product-key mismatch,Low,Standardized,GTXPro mapped to GTX Pro; original retained in source CSV,West
5BE27MLY,626,account,Account not assigned,Info,Retained,Retained open opportunity; account value remains null,West
LQ44KCMI,632,product,Product-key mismatch,Low,Standardized,GTXPro mapped to GTX Pro; original retained in source CSV,East
G2GU9DYX,640,product,Product-key mismatch,Low,Standardized,GTXPro mapped to GTX Pro; original retained in source CSV,Central
KBR253C0,641,account,Account not assigned,Info,Retained,Retained open opportunity; account value remains null,West
379DUF2N,642,account,Account not assigned,Info,Retained,Retained open opportunity; account value remains null,West
67IKZGGJ,643,account,Account not assigned,Info,Retained,Retained open opportunity; account value remains null,West
8YIANRVX,649,product,Product-key mismatch,Low,Standardized,GTXPro mapped to GTX Pro; original retained in source CSV,West
8YIANRVX,649,account,Account not assigned,Info,Retained,Retained open opportunity; account value remains null,West
01X8H9SO,651,product,Product-key mismatch,Low,Standardized,GTXPro mapped to GTX Pro; original retained in source CSV,East
VLADQZ43,652,product,Product-key mismatch,Low,Standardized,GTXPro mapped to GTX Pro; original retained in source CSV,Central
N9VYMV3W,653,product,Product-key mismatch,Low,Standardized,GTXPro mapped to GTX Pro; original retained in source CSV,Central
A7SA2L21,654,account,Account not assigned,Info,Retained,Retained open opportunity; account value remains null,West
GFV4W89I,658,product,Product-key mismatch,Low,Standardized,GTXPro mapped to GTX Pro; original retained in source CSV,West
9W7PFSNX,662,account,Account not assigned,Info,Retained,Retained open opportunity; account value remains null,East
GVBWTDI3,664,account,Account not assigned,Info,Retained,Retained open opportunity; account value remains null,East
NY21X16G,665,product,Product-key mismatch,Low,Standardized,GTXPro mapped to GTX Pro; original retained in source CSV,Central
O5BC64NW,666,product,Product-key mismatch,Low,Standardized,GTXPro mapped to GTX Pro; original retained in source CSV,West
VFEV5XBS,669,account,Account not assigned,Info,Retained,Retained open opportunity; account value remains null,East
TTY0X4TG,672,product,Product-key mismatch,Low,Standardized,GTXPro mapped to GTX Pro; original retained in source CSV,Central
VN8LKQN3,681,account,Account not assigned,Info,Retained,Retained open opportunity; account value remains null,East
ZHY9C8OO,686,account,Account not assigned,Info,Retained,Retained open opportunity; account value remains null,West
WRBWZRFD,687,product,Product-key mismatch,Low,Standardized,GTXPro mapped to GTX Pro; original retained in source CSV,Central
6AWEAWCM,702,product,Product-key mismatch,Low,Standardized,GTXPro mapped to GTX Pro; original retained in source CSV,West
3XVY4LEU,706,product,Product-key mismatch,Low,Standardized,GTXPro mapped to GTX Pro; original retained in source CSV,East
OCGXWE8H,707,account,Account not assigned,Info,Retained,Retained open opportunity; account value remains null,West
8K1OGB0R,708,product,Product-key mismatch,Low,Standardized,GTXPro mapped to GTX Pro; original retained in source CSV,East
HZIU2NOT,716,account,Account not assigned,Info,Retained,Retained open opportunity; account value remains null,West
LSVMMUJ0,728,product,Product-key mismatch,Low,Standardized,GTXPro mapped to GTX Pro; original retained in source CSV,Central
P9PFSLS6,732,account,Account not assigned,Info,Retained,Retained open opportunity; account value remains null,West
E4THD359,737,account,Account not assigned,Info,Retained,Retained open opportunity; account value remains null,East
30R81VZX,740,product,Product-key mismatch,Low,Standardized,GTXPro mapped to GTX Pro; original retained in source CSV,West
TH9RV79M,742,account,Account not assigned,Info,Retained,Retained open opportunity; account value remains null,West
7VOW7BUJ,748,product,Product-key mismatch,Low,Standardized,GTXPro mapped to GTX Pro; original retained in source CSV,East
7VOW7BUJ,748,account,Account not assigned,Info,Retained,Retained open opportunity; account value remains null,East
2J5E145N,749,product,Product-key mismatch,Low,Standardized,GTXPro mapped to GTX Pro; original retained in source CSV,East
2J5E145N,749,account,Account not assigned,Info,Retained,Retained open opportunity; account value remains null,East
YFB7Y92U,752,account,Account not assigned,Info,Retained,Retained open opportunity; account value remains null,West
B5A1BERF,756,product,Product-key mismatch,Low,Standardized,GTXPro mapped to GTX Pro; original retained in source CSV,West
IEAPJ5X1,759,account,Account not assigned,Info,Retained,Retained open opportunity; account value remains null,West
H4TBCR80,763,product,Product-key mismatch,Low,Standardized,GTXPro mapped to GTX Pro; original retained in source CSV,West
L2S4T3VA,765,account,Account not assigned,Info,Retained,Retained open opportunity; account value remains null,East
IVJP36UT,767,account,Account not assigned,Info,Retained,Retained open opportunity; account value remains null,East
TF19VML9,775,account,Account not assigned,Info,Retained,Retained open opportunity; account value remains null,West
ZHXIDZNI,778,product,Product-key mismatch,Low,Standardized,GTXPro mapped to GTX Pro; original retained in source CSV,West
ZHXIDZNI,778,account,Account not assigned,Info,Retained,Retained open opportunity; account value remains null,West
ZNNBFAKF,789,product,Product-key mismatch,Low,Standardized,GTXPro mapped to GTX Pro; original retained in source CSV,West
E9DJS1D8,794,product,Product-key mismatch,Low,Standardized,GTXPro mapped to GTX Pro; original retained in source CSV,Central
22ZJM20V,795,product,Product-key mismatch,Low,Standardized,GTXPro mapped to GTX Pro; original retained in source CSV,Central
C47Z92AG,796,product,Product-key mismatch,Low,Standardized,GTXPro mapped to GTX Pro; original retained in source CSV,Central
MSE1UXKU,809,product,Product-key mismatch,Low,Standardized,GTXPro mapped to GTX Pro; original retained in source CSV,East
L4124UJG,811,product,Product-key mismatch,Low,Standardized,GTXPro mapped to GTX Pro; original retained in source CSV,East
5BXUKFPR,823,account,Account not assigned,Info,Retained,Retained open opportunity; account value remains null,West
8AJG1YLJ,827,account,Account not assigned,Info,Retained,Retained open opportunity; account value remains null,West
9GCJGVY7,833,product,Product-key mismatch,Low,Standardized,GTXPro mapped to GTX Pro; original retained in source CSV,East
5QBQMEY5,834,product,Product-key mismatch,Low,Standardized,GTXPro mapped to GTX Pro; original retained in source CSV,West
7R4VL3Q8,838,product,Product-key mismatch,Low,Standardized,GTXPro mapped to GTX Pro; original retained in source CSV,East
52SANIGE,840,product,Product-key mismatch,Low,Standardized,GTXPro mapped to GTX Pro; original retained in source CSV,East
73SY9EU8,841,product,Product-key mismatch,Low,Standardized,GTXPro mapped to GTX Pro; original retained in source CSV,East
LXM6CTMS,843,account,Account not assigned,Info,Retained,Retained open opportunity; account value remains null,West
GVFQXZLL,848,product,Product-key mismatch,Low,Standardized,GTXPro mapped to GTX Pro; original retained in source CSV,West
CGJ7NRZH,850,account,Account not assigned,Info,Retained,Retained open opportunity; account value remains null,East
B06D1F9M,862,product,Product-key mismatch,Low,Standardized,GTXPro mapped to GTX Pro; original retained in source CSV,West
OZ761BUJ,863,account,Account not assigned,Info,Retained,Retained open opportunity; account value remains null,East
P2LY9NFN,867,product,Product-key mismatch,Low,Standardized,GTXPro mapped to GTX Pro; original retained in source CSV,East
94GCWI08,868,product,Product-key mismatch,Low,Standardized,GTXPro mapped to GTX Pro; original retained in source CSV,Central
GUMQTC3J,869,product,Product-key mismatch,Low,Standardized,GTXPro mapped to GTX Pro; original retained in source CSV,Central
PQ2VF873,882,product,Product-key mismatch,Low,Standardized,GTXPro mapped to GTX Pro; original retained in source CSV,West
W24IDMVV,884,account,Account not assigned,Info,Retained,Retained open opportunity; account value remains null,East
M1QKPX6R,890,product,Product-key mismatch,Low,Standardized,GTXPro mapped to GTX Pro; original retained in source CSV,West
JQA8H6M5,892,account,Account not assigned,Info,Retained,Retained open opportunity; account value remains null,West
92G1TO7L,893,account,Account not assigned,Info,Retained,Retained open opportunity; account value remains null,West
FW2XJG9S,895,account,Account not assigned,Info,Retained,Retained open opportunity; account value remains null,West
R7JI95HZ,896,product,Product-key mismatch,Low,Standardized,GTXPro mapped to GTX Pro; original retained in source CSV,West
SVCKI631,897,account,Account not assigned,Info,Retained,Retained open opportunity; account value remains null,West
VJ5QGP8Z,898,account,Account not assigned,Info,Retained,Retained open opportunity; account value remains null,West
R2W96FGX,905,account,Account not assigned,Info,Retained,Retained open opportunity; account value remains null,West
2J16RN99,909,product,Product-key mismatch,Low,Standardized,GTXPro mapped to GTX Pro; original retained in source CSV,East
KM1D04JS,914,account,Account not assigned,Info,Retained,Retained open opportunity; account value remains null,West
INBGKE14,917,product,Product-key mismatch,Low,Standardized,GTXPro mapped to GTX Pro; original retained in source CSV,West
INBGKE14,917,account,Account not assigned,Info,Retained,Retained open opportunity; account value remains null,West
D54HETSI,918,product,Product-key mismatch,Low,Standardized,GTXPro mapped to GTX Pro; original retained in source CSV,West
90V75MDV,920,product,Product-key mismatch,Low,Standardized,GTXPro mapped to GTX Pro; original retained in source CSV,Central
5KK2SSSB,922,account,Account not assigned,Info,Retained,Retained open opportunity; account value remains null,East
V3HVIJLL,924,account,Account not assigned,Info,Retained,Retained open opportunity; account value remains null,West
F835LA4P,925,product,Product-key mismatch,Low,Standardized,GTXPro mapped to GTX Pro; original retained in source CSV,Central
MMKMJ0WC,929,product,Product-key mismatch,Low,Standardized,GTXPro mapped to GTX Pro; original retained in source CSV,Central
HV7Y6184,931,product,Product-key mismatch,Low,Standardized,GTXPro mapped to GTX Pro; original retained in source CSV,West
84LN84VM,935,account,Account not assigned,Info,Retained,Retained open opportunity; account value remains null,West
YO32O3T9,936,product,Product-key mismatch,Low,Standardized,GTXPro mapped to GTX Pro; original retained in source CSV,West
MU7JWTP6,937,account,Account not assigned,Info,Retained,Retained open opportunity; account value remains null,East
TTJXSO57,939,product,Product-key mismatch,Low,Standardized,GTXPro mapped to GTX Pro; original retained in source CSV,Central
LR6USOHL,945,product,Product-key mismatch,Low,Standardized,GTXPro mapped to GTX Pro; original retained in source CSV,East
9HRMW8SL,951,account,Account not assigned,Info,Retained,Retained open opportunity; account value remains null,East
2BWZLXZ8,960,product,Product-key mismatch,Low,Standardized,GTXPro mapped to GTX Pro; original retained in source CSV,West
1WHXI2RW,961,account,Account not assigned,Info,Retained,Retained open opportunity; account value remains null,West
G5JP0G7Q,962,account,Account not assigned,Info,Retained,Retained open opportunity; account value remains null,West
LCW83256,966,product,Product-key mismatch,Low,Standardized,GTXPro mapped to GTX Pro; original retained in source CSV,East
RVH3UUKY,967,account,Account not assigned,Info,Retained,Retained open opportunity; account value remains null,West
CG9VXPV1,970,account,Account not assigned,Info,Retained,Retained open opportunity; account value remains null,West
SZQUBIMH,974,product,Product-key mismatch,Low,Standardized,GTXPro mapped to GTX Pro; original retained in source CSV,East
25A51PWG,976,product,Product-key mismatch,Low,Standardized,GTXPro mapped to GTX Pro; original retained in source CSV,Central
4B4XCPHT,977,product,Product-key mismatch,Low,Standardized,GTXPro mapped to GTX Pro; original retained in source CSV,East
QTNPGKJ7,981,product,Product-key mismatch,Low,Standardized,GTXPro mapped to GTX Pro; original retained in source CSV,West
5MZ0O77T,985,product,Product-key mismatch,Low,Standardized,GTXPro mapped to GTX Pro; original retained in source CSV,East
Y7N97FW8,988,product,Product-key mismatch,Low,Standardized,GTXPro mapped to GTX Pro; original retained in source CSV,West
Y7N97FW8,988,account,Account not assigned,Info,Retained,Retained open opportunity; account value remains null,West
0IO43YMS,989,account,Account not assigned,Info,Retained,Retained open opportunity; account value remains null,East
6HG76L6U,991,product,Product-key mismatch,Low,Standardized,GTXPro mapped to GTX Pro; original retained in source CSV,East
6HG76L6U,991,account,Account not assigned,Info,Retained,Retained open opportunity; account value remains null,East
1GIP77EP,995,account,Account not assigned,Info,Retained,Retained open opportunity; account value remains null,West
NOLCZMV6,999,product,Product-key mismatch,Low,Standardized,GTXPro mapped to GTX Pro; original retained in source CSV,East
NHDTSMX2,1002,product,Product-key mismatch,Low,Standardized,GTXPro mapped to GTX Pro; original retained in source CSV,East
PNL17RE9,1004,product,Product-key mismatch,Low,Standardized,GTXPro mapped to GTX Pro; original retained in source CSV,East
R4LH95QS,1008,product,Product-key mismatch,Low,Standardized,GTXPro mapped to GTX Pro; original retained in source CSV,East
REDGEUCP,1010,product,Product-key mismatch,Low,Standardized,GTXPro mapped to GTX Pro; original retained in source CSV,Central
6KT5HAR6,1011,product,Product-key mismatch,Low,Standardized,GTXPro mapped to GTX Pro; original retained in source CSV,Central
48AJ0X9E,1012,product,Product-key mismatch,Low,Standardized,GTXPro mapped to GTX Pro; original retained in source CSV,Central
RA1UBXY9,1013,product,Product-key mismatch,Low,Standardized,GTXPro mapped to GTX Pro; original retained in source CSV,Central
ESZY10SI,1014,account,Account not assigned,Info,Retained,Retained open opportunity; account value remains null,West
S50A0C2S,1017,product,Product-key mismatch,Low,Standardized,GTXPro mapped to GTX Pro; original retained in source CSV,West
Y3CYQGPH,1026,account,Account not assigned,Info,Retained,Retained open opportunity; account value remains null,West
6PW6ZQEE,1035,account,Account not assigned,Info,Retained,Retained open opportunity; account value remains null,East
8477482V,1038,product,Product-key mismatch,Low,Standardized,GTXPro mapped to GTX Pro; original retained in source CSV,Central
4E5A84H1,1042,account,Account not assigned,Info,Retained,Retained open opportunity; account value remains null,West
03VCDZEE,1048,product,Product-key mismatch,Low,Standardized,GTXPro mapped to GTX Pro; original retained in source CSV,West
03VCDZEE,1048,account,Account not assigned,Info,Retained,Retained open opportunity; account value remains null,West
C5IWM5VJ,1054,product,Product-key mismatch,Low,Standardized,GTXPro mapped to GTX Pro; original retained in source CSV,East
9WZ3I1TF,1055,product,Product-key mismatch,Low,Standardized,GTXPro mapped to GTX Pro; original retained in source CSV,East
7ONH55WT,1057,account,Account not assigned,Info,Retained,Retained open opportunity; account value remains null,East
CMKXOOJQ,1059,account,Account not assigned,Info,Retained,Retained open opportunity; account value remains null,East
U185INDA,1061,product,Product-key mismatch,Low,Standardized,GTXPro mapped to GTX Pro; original retained in source CSV,Central
2AGLONC4,1062,product,Product-key mismatch,Low,Standardized,GTXPro mapped to GTX Pro; original retained in source CSV,East
NR947OAB,1070,product,Product-key mismatch,Low,Standardized,GTXPro mapped to GTX Pro; original retained in source CSV,West
NR947OAB,1070,account,Account not assigned,Info,Retained,Retained open opportunity; account value remains null,West
LMKNU8IZ,1071,product,Product-key mismatch,Low,Standardized,GTXPro mapped to GTX Pro; original retained in source CSV,West
LMKNU8IZ,1071,account,Account not assigned,Info,Retained,Retained open opportunity; account value remains null,West
R5RSH4JV,1078,account,Account not assigned,Info,Retained,Retained open opportunity; account value remains null,East
KIP060D0,1080,product,Product-key mismatch,Low,Standardized,GTXPro mapped to GTX Pro; original retained in source CSV,East
QU4FNKZL,1083,product,Product-key mismatch,Low,Standardized,GTXPro mapped to GTX Pro; original retained in source CSV,Central
MCWDHOBT,1087,product,Product-key mismatch,Low,Standardized,GTXPro mapped to GTX Pro; original retained in source CSV,West
GDZV8N5W,1088,product,Product-key mismatch,Low,Standardized,GTXPro mapped to GTX Pro; original retained in source CSV,Central
X1D1HYMM,1089,account,Account not assigned,Info,Retained,Retained open opportunity; account value remains null,West
GVYF29NM,1106,account,Account not assigned,Info,Retained,Retained open opportunity; account value remains null,East
DN6SG3US,1107,account,Account not assigned,Info,Retained,Retained open opportunity; account value remains null,East
EW28ZONV,1109,account,Account not assigned,Info,Retained,Retained open opportunity; account value remains null,West
CGEHFK9N,1116,product,Product-key mismatch,Low,Standardized,GTXPro mapped to GTX Pro; original retained in source CSV,Central
4A189ZAB,1117,product,Product-key mismatch,Low,Standardized,GTXPro mapped to GTX Pro; original retained in source CSV,Central
HVZMZW96,1122,account,Account not assigned,Info,Retained,Retained open opportunity; account value remains null,West
1H1YDS7C,1123,account,Account not assigned,Info,Retained,Retained open opportunity; account value remains null,West
UI3DE2C4,1133,account,Account not assigned,Info,Retained,Retained open opportunity; account value remains null,West
4U5VTUJL,1137,product,Product-key mismatch,Low,Standardized,GTXPro mapped to GTX Pro; original retained in source CSV,East
87MEZS8G,1143,product,Product-key mismatch,Low,Standardized,GTXPro mapped to GTX Pro; original retained in source CSV,Central
7B3J333S,1146,product,Product-key mismatch,Low,Standardized,GTXPro mapped to GTX Pro; original retained in source CSV,Central
9X2S0K15,1147,account,Account not assigned,Info,Retained,Retained open opportunity; account value remains null,West
GIW1PN4L,1153,product,Product-key mismatch,Low,Standardized,GTXPro mapped to GTX Pro; original retained in source CSV,West
E57F5Z2K,1154,product,Product-key mismatch,Low,Standardized,GTXPro mapped to GTX Pro; original retained in source CSV,West
XRZVJPD5,1160,account,Account not assigned,Info,Retained,Retained open opportunity; account value remains null,West
QDGUWTLU,1164,account,Account not assigned,Info,Retained,Retained open opportunity; account value remains null,West
M3WTE943,1170,product,Product-key mismatch,Low,Standardized,GTXPro mapped to GTX Pro; original retained in source CSV,East
1MCE2AOV,1172,product,Product-key mismatch,Low,Standardized,GTXPro mapped to GTX Pro; original retained in source CSV,Central
JSZZN48S,1176,account,Account not assigned,Info,Retained,Retained open opportunity; account value remains null,West
6B6Q8C5S,1191,product,Product-key mismatch,Low,Standardized,GTXPro mapped to GTX Pro; original retained in source CSV,East
DF4KYH5H,1192,product,Product-key mismatch,Low,Standardized,GTXPro mapped to GTX Pro; original retained in source CSV,East
KVR52YDI,1193,product,Product-key mismatch,Low,Standardized,GTXPro mapped to GTX Pro; original retained in source CSV,East
KVR52YDI,1193,account,Account not assigned,Info,Retained,Retained open opportunity; account value remains null,East
XIWKGJOW,1215,product,Product-key mismatch,Low,Standardized,GTXPro mapped to GTX Pro; original retained in source CSV,West
DHGLWIDZ,1217,product,Product-key mismatch,Low,Standardized,GTXPro mapped to GTX Pro; original retained in source CSV,East
XRDF1NAB,1220,product,Product-key mismatch,Low,Standardized,GTXPro mapped to GTX Pro; original retained in source CSV,West
XRDF1NAB,1220,account,Account not assigned,Info,Retained,Retained open opportunity; account value remains null,West
AAEUN73V,1228,product,Product-key mismatch,Low,Standardized,GTXPro mapped to GTX Pro; original retained in source CSV,Central
WUNMIJW9,1232,account,Account not assigned,Info,Retained,Retained open opportunity; account value remains null,West
VFKKSJT2,1236,product,Product-key mismatch,Low,Standardized,GTXPro mapped to GTX Pro; original retained in source CSV,West
FJMFXCTD,1237,product,Product-key mismatch,Low,Standardized,GTXPro mapped to GTX Pro; original retained in source CSV,West
4V9NMGEA,1240,account,Account not assigned,Info,Retained,Retained open opportunity; account value remains null,West
79EHWR35,1245,account,Account not assigned,Info,Retained,Retained open opportunity; account value remains null,West
L0GMLGRR,1246,account,Account not assigned,Info,Retained,Retained open opportunity; account value remains null,West
D3ZC338T,1248,account,Account not assigned,Info,Retained,Retained open opportunity; account value remains null,West
CVFJUYPM,1249,product,Product-key mismatch,Low,Standardized,GTXPro mapped to GTX Pro; original retained in source CSV,West
L5807I4N,1250,product,Product-key mismatch,Low,Standardized,GTXPro mapped to GTX Pro; original retained in source CSV,West
QRQ8C6MQ,1254,product,Product-key mismatch,Low,Standardized,GTXPro mapped to GTX Pro; original retained in source CSV,East
5HMZH1Z9,1256,product,Product-key mismatch,Low,Standardized,GTXPro mapped to GTX Pro; original retained in source CSV,East
05QMFSF0,1257,product,Product-key mismatch,Low,Standardized,GTXPro mapped to GTX Pro; original retained in source CSV,Central
ZG8WPG99,1261,product,Product-key mismatch,Low,Standardized,GTXPro mapped to GTX Pro; original retained in source CSV,West
ZG8WPG99,1261,account,Account not assigned,Info,Retained,Retained open opportunity; account value remains null,West
U7M26UZV,1269,account,Account not assigned,Info,Retained,Retained open opportunity; account value remains null,West
TV300INP,1270,account,Account not assigned,Info,Retained,Retained open opportunity; account value remains null,East
KBQ16F1I,1271,account,Account not assigned,Info,Retained,Retained open opportunity; account value remains null,West
FYN7C0CV,1276,account,Account not assigned,Info,Retained,Retained open opportunity; account value remains null,East
5JDWBOLS,1279,account,Account not assigned,Info,Retained,Retained open opportunity; account value remains null,East
HKBAON9X,1284,product,Product-key mismatch,Low,Standardized,GTXPro mapped to GTX Pro; original retained in source CSV,West
AJJ7VJWA,1291,product,Product-key mismatch,Low,Standardized,GTXPro mapped to GTX Pro; original retained in source CSV,Central
8BR6E4S6,1292,product,Product-key mismatch,Low,Standardized,GTXPro mapped to GTX Pro; original retained in source CSV,Central
TCSQO748,1297,product,Product-key mismatch,Low,Standardized,GTXPro mapped to GTX Pro; original retained in source CSV,West
7TI1WTV9,1298,product,Product-key mismatch,Low,Standardized,GTXPro mapped to GTX Pro; original retained in source CSV,West
01EH41WA,1299,product,Product-key mismatch,Low,Standardized,GTXPro mapped to GTX Pro; original retained in source CSV,West
01EH41WA,1299,account,Account not assigned,Info,Retained,Retained open opportunity; account value remains null,West
ITCY8YV0,1300,product,Product-key mismatch,Low,Standardized,GTXPro mapped to GTX Pro; original retained in source CSV,West
71GQNH5T,1303,account,Account not assigned,Info,Retained,Retained open opportunity; account value remains null,East
LSA39JBG,1304,account,Account not assigned,Info,Retained,Retained open opportunity; account value remains null,East
QWJ2TRQM,1308,product,Product-key mismatch,Low,Standardized,GTXPro mapped to GTX Pro; original retained in source CSV,Central
3AU5SZ3V,1309,product,Product-key mismatch,Low,Standardized,GTXPro mapped to GTX Pro; original retained in source CSV,East
AKTPC3M1,1314,account,Account not assigned,Info,Retained,Retained open opportunity; account value remains null,West
5Z8S8UHK,1331,account,Account not assigned,Info,Retained,Retained open opportunity; account value remains null,East
AZH0INTS,1334,product,Product-key mismatch,Low,Standardized,GTXPro mapped to GTX Pro; original retained in source CSV,West
NMKAJZJ4,1336,account,Account not assigned,Info,Retained,Retained open opportunity; account value remains null,West
SX0SSL0H,1345,account,Account not assigned,Info,Retained,Retained open opportunity; account value remains null,East
6F79VYH8,1353,account,Account not assigned,Info,Retained,Retained open opportunity; account value remains null,East
ZQ4QTT1Z,1354,account,Account not assigned,Info,Retained,Retained open opportunity; account value remains null,East
JDFN8AZI,1358,product,Product-key mismatch,Low,Standardized,GTXPro mapped to GTX Pro; original retained in source CSV,East
11EK1VP7,1359,product,Product-key mismatch,Low,Standardized,GTXPro mapped to GTX Pro; original retained in source CSV,Central
50HQRWGJ,1360,product,Product-key mismatch,Low,Standardized,GTXPro mapped to GTX Pro; original retained in source CSV,East
N90VSHI2,1361,product,Product-key mismatch,Low,Standardized,GTXPro mapped to GTX Pro; original retained in source CSV,West
21PRD9FN,1362,product,Product-key mismatch,Low,Standardized,GTXPro mapped to GTX Pro; original retained in source CSV,East
9A4H9IAC,1365,account,Account not assigned,Info,Retained,Retained open opportunity; account value remains null,West
81FNO0VM,1376,account,Account not assigned,Info,Retained,Retained open opportunity; account value remains null,East
RFQP9VCW,1377,account,Account not assigned,Info,Retained,Retained open opportunity; account value remains null,East
NGCM47PC,1378,product,Product-key mismatch,Low,Standardized,GTXPro mapped to GTX Pro; original retained in source CSV,West
NGCM47PC,1378,account,Account not assigned,Info,Retained,Retained open opportunity; account value remains null,West
MDRX39D8,1390,product,Product-key mismatch,Low,Standardized,GTXPro mapped to GTX Pro; original retained in source CSV,West
7GRFWF1U,1391,product,Product-key mismatch,Low,Standardized,GTXPro mapped to GTX Pro; original retained in source CSV,West
MK57PHV1,1409,product,Product-key mismatch,Low,Standardized,GTXPro mapped to GTX Pro; original retained in source CSV,East
T1F2I8ED,1410,account,Account not assigned,Info,Retained,Retained open opportunity; account value remains null,East
ISAWVDYZ,1412,account,Account not assigned,Info,Retained,Retained open opportunity; account value remains null,East
ZRYPU2QW,1420,account,Account not assigned,Info,Retained,Retained open opportunity; account value remains null,West
GMVW87C4,1422,product,Product-key mismatch,Low,Standardized,GTXPro mapped to GTX Pro; original retained in source CSV,West
XO3XXR9X,1424,product,Product-key mismatch,Low,Standardized,GTXPro mapped to GTX Pro; original retained in source CSV,West
0A1LN7GB,1426,account,Account not assigned,Info,Retained,Retained open opportunity; account value remains null,East
8VG88HMH,1433,product,Product-key mismatch,Low,Standardized,GTXPro mapped to GTX Pro; original retained in source CSV,East
1B27CZ2M,1436,account,Account not assigned,Info,Retained,Retained open opportunity; account value remains null,West
839AMI93,1437,account,Account not assigned,Info,Retained,Retained open opportunity; account value remains null,West
BFGASJAW,1438,account,Account not assigned,Info,Retained,Retained open opportunity; account value remains null,West
ILR33OAV,1450,account,Account not assigned,Info,Retained,Retained open opportunity; account value remains null,West
I0CYLPNE,1454,product,Product-key mismatch,Low,Standardized,GTXPro mapped to GTX Pro; original retained in source CSV,West
G3KFZ8KX,1457,product,Product-key mismatch,Low,Standardized,GTXPro mapped to GTX Pro; original retained in source CSV,West
Q949MQ5W,1462,product,Product-key mismatch,Low,Standardized,GTXPro mapped to GTX Pro; original retained in source CSV,West
BY2L60V1,1466,account,Account not assigned,Info,Retained,Retained open opportunity; account value remains null,West
FM4LX5O0,1473,product,Product-key mismatch,Low,Standardized,GTXPro mapped to GTX Pro; original retained in source CSV,Central
QHJ3W8FW,1479,product,Product-key mismatch,Low,Standardized,GTXPro mapped to GTX Pro; original retained in source CSV,West
QHJ3W8FW,1479,account,Account not assigned,Info,Retained,Retained open opportunity; account value remains null,West
N3H82NHO,1480,product,Product-key mismatch,Low,Standardized,GTXPro mapped to GTX Pro; original retained in source CSV,West
RRKQ0P07,1483,product,Product-key mismatch,Low,Standardized,GTXPro mapped to GTX Pro; original retained in source CSV,West
17U8549G,1485,product,Product-key mismatch,Low,Standardized,GTXPro mapped to GTX Pro; original retained in source CSV,West
Y28VHZKQ,1497,account,Account not assigned,Info,Retained,Retained open opportunity; account value remains null,East
8L5WBK75,1507,product,Product-key mismatch,Low,Standardized,GTXPro mapped to GTX Pro; original retained in source CSV,West
Z1RN8D42,1508,product,Product-key mismatch,Low,Standardized,GTXPro mapped to GTX Pro; original retained in source CSV,West
4IT33RBO,1509,account,Account not assigned,Info,Retained,Retained open opportunity; account value remains null,West
A3GVFKYP,1512,product,Product-key mismatch,Low,Standardized,GTXPro mapped to GTX Pro; original retained in source CSV,West
COTHR6F7,1513,product,Product-key mismatch,Low,Standardized,GTXPro mapped to GTX Pro; original retained in source CSV,West
7VKQWIXD,1514,account,Account not assigned,Info,Retained,Retained open opportunity; account value remains null,East
V74O6XQT,1517,product,Product-key mismatch,Low,Standardized,GTXPro mapped to GTX Pro; original retained in source CSV,East
V74O6XQT,1517,account,Account not assigned,Info,Retained,Retained open opportunity; account value remains null,East
GVNI96XB,1519,product,Product-key mismatch,Low,Standardized,GTXPro mapped to GTX Pro; original retained in source CSV,Central
KC324LPK,1520,product,Product-key mismatch,Low,Standardized,GTXPro mapped to GTX Pro; original retained in source CSV,Central
HALGOQ5D,1522,product,Product-key mismatch,Low,Standardized,GTXPro mapped to GTX Pro; original retained in source CSV,East
3QQW8VJ2,1524,product,Product-key mismatch,Low,Standardized,GTXPro mapped to GTX Pro; original retained in source CSV,East
MRCYKUX4,1527,account,Account not assigned,Info,Retained,Retained open opportunity; account value remains null,West
MN6E59H6,1529,account,Account not assigned,Info,Retained,Retained open opportunity; account value remains null,West
RZ08GKZY,1540,product,Product-key mismatch,Low,Standardized,GTXPro mapped to GTX Pro; original retained in source CSV,West
3S31RHE5,1543,product,Product-key mismatch,Low,Standardized,GTXPro mapped to GTX Pro; original retained in source CSV,East
7Z5AVSH6,1545,product,Product-key mismatch,Low,Standardized,GTXPro mapped to GTX Pro; original retained in source CSV,Central
7PXJ92C5,1552,product,Product-key mismatch,Low,Standardized,GTXPro mapped to GTX Pro; original retained in source CSV,West
7PXJ92C5,1552,account,Account not assigned,Info,Retained,Retained open opportunity; account value remains null,West
BAXENBTS,1553,product,Product-key mismatch,Low,Standardized,GTXPro mapped to GTX Pro; original retained in source CSV,West
086279IX,1554,product,Product-key mismatch,Low,Standardized,GTXPro mapped to GTX Pro; original retained in source CSV,West
6EEC9HQQ,1555,product,Product-key mismatch,Low,Standardized,GTXPro mapped to GTX Pro; original retained in source CSV,West
I8A9OXP2,1562,product,Product-key mismatch,Low,Standardized,GTXPro mapped to GTX Pro; original retained in source CSV,East
4XZ4RY1N,1564,account,Account not assigned,Info,Retained,Retained open opportunity; account value remains null,East
Z0RLNFVY,1566,account,Account not assigned,Info,Retained,Retained open opportunity; account value remains null,East
8SIG4C8X,1567,product,Product-key mismatch,Low,Standardized,GTXPro mapped to GTX Pro; original retained in source CSV,East
YA2NDY1H,1569,product,Product-key mismatch,Low,Standardized,GTXPro mapped to GTX Pro; original retained in source CSV,East
G6DYTQQE,1570,product,Product-key mismatch,Low,Standardized,GTXPro mapped to GTX Pro; original retained in source CSV,East
RQULJHTU,1571,account,Account not assigned,Info,Retained,Retained open opportunity; account value remains null,East
WFCEPHD3,1580,product,Product-key mismatch,Low,Standardized,GTXPro mapped to GTX Pro; original retained in source CSV,West
WFCEPHD3,1580,account,Account not assigned,Info,Retained,Retained open opportunity; account value remains null,West
AF7XJNED,1588,account,Account not assigned,Info,Retained,Retained open opportunity; account value remains null,East
CG65AS6X,1589,product,Product-key mismatch,Low,Standardized,GTXPro mapped to GTX Pro; original retained in source CSV,West
EJDHOY6M,1594,account,Account not assigned,Info,Retained,Retained open opportunity; account value remains null,East
7V1FQBL9,1596,product,Product-key mismatch,Low,Standardized,GTXPro mapped to GTX Pro; original retained in source CSV,East
IBS3H6Z4,1600,account,Account not assigned,Info,Retained,Retained open opportunity; account value remains null,West
04YGLJ3N,1602,account,Account not assigned,Info,Retained,Retained open opportunity; account value remains null,West
PEVJ6O6R,1606,product,Product-key mismatch,Low,Standardized,GTXPro mapped to GTX Pro; original retained in source CSV,East
1GT10YJD,1613,account,Account not assigned,Info,Retained,Retained open opportunity; account value remains null,West
4UZCVHEV,1614,account,Account not assigned,Info,Retained,Retained open opportunity; account value remains null,East
DJH67UIZ,1615,account,Account not assigned,Info,Retained,Retained open opportunity; account value remains null,East
7VGJ2B7O,1616,account,Account not assigned,Info,Retained,Retained open opportunity; account value remains null,East
IAVMELUO,1617,product,Product-key mismatch,Low,Standardized,GTXPro mapped to GTX Pro; original retained in source CSV,East
CQVDJR45,1625,product,Product-key mismatch,Low,Standardized,GTXPro mapped to GTX Pro; original retained in source CSV,Central
H2IOHZ8R,1628,account,Account not assigned,Info,Retained,Retained open opportunity; account value remains null,West
EVVX3PQ5,1633,product,Product-key mismatch,Low,Standardized,GTXPro mapped to GTX Pro; original retained in source CSV,West
ACB3QZAY,1635,product,Product-key mismatch,Low,Standardized,GTXPro mapped to GTX Pro; original retained in source CSV,West
I7MDOGGU,1640,account,Account not assigned,Info,Retained,Retained open opportunity; account value remains null,West
10IY4PV4,1642,account,Account not assigned,Info,Retained,Retained open opportunity; account value remains null,West
2JY9SQ2L,1644,account,Account not assigned,Info,Retained,Retained open opportunity; account value remains null,West
GK86H0SK,1649,product,Product-key mismatch,Low,Standardized,GTXPro mapped to GTX Pro; original retained in source CSV,East
RACLHBXN,1652,account,Account not assigned,Info,Retained,Retained open opportunity; account value remains null,East
8T8J06EL,1656,product,Product-key mismatch,Low,Standardized,GTXPro mapped to GTX Pro; original retained in source CSV,Central
3AE6GW2D,1657,product,Product-key mismatch,Low,Standardized,GTXPro mapped to GTX Pro; original retained in source CSV,Central
THKCN7HU,1662,account,Account not assigned,Info,Retained,Retained open opportunity; account value remains null,West
PD2198ZH,1670,product,Product-key mismatch,Low,Standardized,GTXPro mapped to GTX Pro; original retained in source CSV,West
PD2198ZH,1670,account,Account not assigned,Info,Retained,Retained open opportunity; account value remains null,West
K72CEXGZ,1682,account,Account not assigned,Info,Retained,Retained open opportunity; account value remains null,West
IEOMRMWW,1685,product,Product-key mismatch,Low,Standardized,GTXPro mapped to GTX Pro; original retained in source CSV,East
ZW7N89K3,1686,product,Product-key mismatch,Low,Standardized,GTXPro mapped to GTX Pro; original retained in source CSV,West
H91G4MYP,1691,product,Product-key mismatch,Low,Standardized,GTXPro mapped to GTX Pro; original retained in source CSV,West
5C8HCDXT,1701,account,Account not assigned,Info,Retained,Retained open opportunity; account value remains null,East
9FPDDSIJ,1704,product,Product-key mismatch,Low,Standardized,GTXPro mapped to GTX Pro; original retained in source CSV,East
9FPDDSIJ,1704,account,Account not assigned,Info,Retained,Retained open opportunity; account value remains null,East
4RDJBBB6,1705,account,Account not assigned,Info,Retained,Retained open opportunity; account value remains null,East
OTDDPHWJ,1706,product,Product-key mismatch,Low,Standardized,GTXPro mapped to GTX Pro; original retained in source CSV,Central
20N9WSRC,1707,product,Product-key mismatch,Low,Standardized,GTXPro mapped to GTX Pro; original retained in source CSV,Central
IJ4GXGCU,1708,product,Product-key mismatch,Low,Standardized,GTXPro mapped to GTX Pro; original retained in source CSV,Central
3JUL12VK,1712,account,Account not assigned,Info,Retained,Retained open opportunity; account value remains null,West
9Y85N0W5,1715,account,Account not assigned,Info,Retained,Retained open opportunity; account value remains null,West
8GE7FY98,1721,product,Product-key mismatch,Low,Standardized,GTXPro mapped to GTX Pro; original retained in source CSV,East
8GE7FY98,1721,account,Account not assigned,Info,Retained,Retained open opportunity; account value remains null,East
4U9D1IZ5,1723,account,Account not assigned,Info,Retained,Retained open opportunity; account value remains null,West
AVD2WQZY,1728,product,Product-key mismatch,Low,Standardized,GTXPro mapped to GTX Pro; original retained in source CSV,East
UD9V38LV,1729,product,Product-key mismatch,Low,Standardized,GTXPro mapped to GTX Pro; original retained in source CSV,East
JMTO8BPQ,1730,product,Product-key mismatch,Low,Standardized,GTXPro mapped to GTX Pro; original retained in source CSV,Central
06YBVWXZ,1731,product,Product-key mismatch,Low,Standardized,GTXPro mapped to GTX Pro; original retained in source CSV,West
ODGKZEVV,1732,product,Product-key mismatch,Low,Standardized,GTXPro mapped to GTX Pro; original retained in source CSV,West
ODGKZEVV,1732,account,Account not assigned,Info,Retained,Retained open opportunity; account value remains null,West
M41NS5DN,1745,account,Account not assigned,Info,Retained,Retained open opportunity; account value remains null,East
GEJLL5L3,1748,account,Account not assigned,Info,Retained,Retained open opportunity; account value remains null,East
65B8HSTW,1751,product,Product-key mismatch,Low,Standardized,GTXPro mapped to GTX Pro; original retained in source CSV,East
EDAJ0YEW,1754,product,Product-key mismatch,Low,Standardized,GTXPro mapped to GTX Pro; original retained in source CSV,Central
KMB8TJ0I,1755,account,Account not assigned,Info,Retained,Retained open opportunity; account value remains null,West
CR6ZLEWC,1757,account,Account not assigned,Info,Retained,Retained open opportunity; account value remains null,West
YYAZ4JBY,1768,product,Product-key mismatch,Low,Standardized,GTXPro mapped to GTX Pro; original retained in source CSV,East
YB20NWM1,1771,account,Account not assigned,Info,Retained,Retained open opportunity; account value remains null,West
43LFUTVM,1776,account,Account not assigned,Info,Retained,Retained open opportunity; account value remains null,West
VH78FLDN,1777,product,Product-key mismatch,Low,Standardized,GTXPro mapped to GTX Pro; original retained in source CSV,West
CMS1HUGL,1781,account,Account not assigned,Info,Retained,Retained open opportunity; account value remains null,East
6R6S91WE,1782,product,Product-key mismatch,Low,Standardized,GTXPro mapped to GTX Pro; original retained in source CSV,East
6R6S91WE,1782,account,Account not assigned,Info,Retained,Retained open opportunity; account value remains null,East
L69Q015M,1783,product,Product-key mismatch,Low,Standardized,GTXPro mapped to GTX Pro; original retained in source CSV,East
3T64Z7DB,1790,account,Account not assigned,Info,Retained,Retained open opportunity; account value remains null,West
3F2ZPCSL,1791,account,Account not assigned,Info,Retained,Retained open opportunity; account value remains null,West
XFB1VXQY,1794,account,Account not assigned,Info,Retained,Retained open opportunity; account value remains null,West
UB8M6I5R,1795,product,Product-key mismatch,Low,Standardized,GTXPro mapped to GTX Pro; original retained in source CSV,West
ATW70WX1,1797,product,Product-key mismatch,Low,Standardized,GTXPro mapped to GTX Pro; original retained in source CSV,East
XBFTCRLN,1810,product,Product-key mismatch,Low,Standardized,GTXPro mapped to GTX Pro; original retained in source CSV,Central
FZ72CGOI,1812,product,Product-key mismatch,Low,Standardized,GTXPro mapped to GTX Pro; original retained in source CSV,East
J6OQS0AU,1814,account,Account not assigned,Info,Retained,Retained open opportunity; account value remains null,West
97PFKCPG,1816,product,Product-key mismatch,Low,Standardized,GTXPro mapped to GTX Pro; original retained in source CSV,West
97PFKCPG,1816,account,Account not assigned,Info,Retained,Retained open opportunity; account value remains null,West
FB9M4FR7,1817,account,Account not assigned,Info,Retained,Retained open opportunity; account value remains null,West
A3D8MRDX,1824,product,Product-key mismatch,Low,Standardized,GTXPro mapped to GTX Pro; original retained in source CSV,Central
5OVTFUNQ,1833,product,Product-key mismatch,Low,Standardized,GTXPro mapped to GTX Pro; original retained in source CSV,Central
NSI9TMQ1,1835,product,Product-key mismatch,Low,Standardized,GTXPro mapped to GTX Pro; original retained in source CSV,East
CVPH0J04,1841,product,Product-key mismatch,Low,Standardized,GTXPro mapped to GTX Pro; original retained in source CSV,West
H8CLNRM2,1842,product,Product-key mismatch,Low,Standardized,GTXPro mapped to GTX Pro; original retained in source CSV,West
B85LVFR1,1845,product,Product-key mismatch,Low,Standardized,GTXPro mapped to GTX Pro; original retained in source CSV,East
YIGSYPWD,1855,product,Product-key mismatch,Low,Standardized,GTXPro mapped to GTX Pro; original retained in source CSV,East
9IP0C0IR,1856,product,Product-key mismatch,Low,Standardized,GTXPro mapped to GTX Pro; original retained in source CSV,East
E06J9PDT,1857,product,Product-key mismatch,Low,Standardized,GTXPro mapped to GTX Pro; original retained in source CSV,Central
FAV4HHP4,1860,product,Product-key mismatch,Low,Standardized,GTXPro mapped to GTX Pro; original retained in source CSV,East
EP81D4IN,1864,product,Product-key mismatch,Low,Standardized,GTXPro mapped to GTX Pro; original retained in source CSV,West
CR20TBUT,1873,product,Product-key mismatch,Low,Standardized,GTXPro mapped to GTX Pro; original retained in source CSV,West
BXK5HGEY,1875,account,Account not assigned,Info,Retained,Retained open opportunity; account value remains null,West
XXUGTDX7,1876,account,Account not assigned,Info,Retained,Retained open opportunity; account value remains null,West
LWXHKI88,1877,account,Account not assigned,Info,Retained,Retained open opportunity; account value remains null,West
FRIVBOOA,1884,product,Product-key mismatch,Low,Standardized,GTXPro mapped to GTX Pro; original retained in source CSV,Central
0HB6OUIN,1886,product,Product-key mismatch,Low,Standardized,GTXPro mapped to GTX Pro; original retained in source CSV,Central
I6U62W0R,1889,account,Account not assigned,Info,Retained,Retained open opportunity; account value remains null,West
EB89ONZN,1892,product,Product-key mismatch,Low,Standardized,GTXPro mapped to GTX Pro; original retained in source CSV,West
9B5T5QTA,1896,product,Product-key mismatch,Low,Standardized,GTXPro mapped to GTX Pro; original retained in source CSV,West
DF19VWL4,1907,product,Product-key mismatch,Low,Standardized,GTXPro mapped to GTX Pro; original retained in source CSV,East
PMQ4M2UX,1913,product,Product-key mismatch,Low,Standardized,GTXPro mapped to GTX Pro; original retained in source CSV,East
2AV40FHB,1920,product,Product-key mismatch,Low,Standardized,GTXPro mapped to GTX Pro; original retained in source CSV,East
HPSSENGT,1927,product,Product-key mismatch,Low,Standardized,GTXPro mapped to GTX Pro; original retained in source CSV,Central
2VDN72EP,1936,account,Account not assigned,Info,Retained,Retained open opportunity; account value remains null,West
HOG5OE78,1937,product,Product-key mismatch,Low,Standardized,GTXPro mapped to GTX Pro; original retained in source CSV,West
WW1WV7IT,1945,product,Product-key mismatch,Low,Standardized,GTXPro mapped to GTX Pro; original retained in source CSV,East
0WVCRCOU,1946,product,Product-key mismatch,Low,Standardized,GTXPro mapped to GTX Pro; original retained in source CSV,East
V5QIL0HU,1947,product,Product-key mismatch,Low,Standardized,GTXPro mapped to GTX Pro; original retained in source CSV,East
W7F056RK,1955,product,Product-key mismatch,Low,Standardized,GTXPro mapped to GTX Pro; original retained in source CSV,West
LIQZNH9U,1956,account,Account not assigned,Info,Retained,Retained open opportunity; account value remains null,West
P9LE92UR,1957,account,Account not assigned,Info,Retained,Retained open opportunity; account value remains null,West
DOGKQHQP,1972,product,Product-key mismatch,Low,Standardized,GTXPro mapped to GTX Pro; original retained in source CSV,West
DOGKQHQP,1972,account,Account not assigned,Info,Retained,Retained open opportunity; account value remains null,West
G3SJ8X1K,1976,account,Account not assigned,Info,Retained,Retained open opportunity; account value remains null,East
JW4Q5F4Z,1980,account,Account not assigned,Info,Retained,Retained open opportunity; account value remains null,East
KKRJ6TBY,1982,product,Product-key mismatch,Low,Standardized,GTXPro mapped to GTX Pro; original retained in source CSV,East
TNUCQKW6,1983,product,Product-key mismatch,Low,Standardized,GTXPro mapped to GTX Pro; original retained in source CSV,East
5PA21ZHE,1985,product,Product-key mismatch,Low,Standardized,GTXPro mapped to GTX Pro; original retained in source CSV,Central
MIY4MF3R,1990,account,Account not assigned,Info,Retained,Retained open opportunity; account value remains null,West
KJBYGG1S,2005,product,Product-key mismatch,Low,Standardized,GTXPro mapped to GTX Pro; original retained in source CSV,East
20CVXRTX,2008,product,Product-key mismatch,Low,Standardized,GTXPro mapped to GTX Pro; original retained in source CSV,West
FJ6QV5XK,2009,product,Product-key mismatch,Low,Standardized,GTXPro mapped to GTX Pro; original retained in source CSV,West
RH805ELL,2012,product,Product-key mismatch,Low,Standardized,GTXPro mapped to GTX Pro; original retained in source CSV,West
VK9KN5PT,2014,account,Account not assigned,Info,Retained,Retained open opportunity; account value remains null,East
X2QRD0DC,2020,product,Product-key mismatch,Low,Standardized,GTXPro mapped to GTX Pro; original retained in source CSV,East
DQ7GS2BN,2023,account,Account not assigned,Info,Retained,Retained open opportunity; account value remains null,West
HO6M5P37,2025,product,Product-key mismatch,Low,Standardized,GTXPro mapped to GTX Pro; original retained in source CSV,West
D5VY17OP,2026,product,Product-key mismatch,Low,Standardized,GTXPro mapped to GTX Pro; original retained in source CSV,West
D5VY17OP,2026,account,Account not assigned,Info,Retained,Retained open opportunity; account value remains null,West
BED55OSG,2031,product,Product-key mismatch,Low,Standardized,GTXPro mapped to GTX Pro; original retained in source CSV,West
BED55OSG,2031,account,Account not assigned,Info,Retained,Retained open opportunity; account value remains null,West
V7YVW4U0,2039,product,Product-key mismatch,Low,Standardized,GTXPro mapped to GTX Pro; original retained in source CSV,East
JZTX4MXK,2042,product,Product-key mismatch,Low,Standardized,GTXPro mapped to GTX Pro; original retained in source CSV,West
H5VBBEVI,2044,account,Account not assigned,Info,Retained,Retained open opportunity; account value remains null,East
MB7G8DWS,2045,account,Account not assigned,Info,Retained,Retained open opportunity; account value remains null,East
2HS1C21I,2053,product,Product-key mismatch,Low,Standardized,GTXPro mapped to GTX Pro; original retained in source CSV,West
2HS1C21I,2053,account,Account not assigned,Info,Retained,Retained open opportunity; account value remains null,West
QODSAVWU,2057,product,Product-key mismatch,Low,Standardized,GTXPro mapped to GTX Pro; original retained in source CSV,Central
Q2BB73WT,2058,account,Account not assigned,Info,Retained,Retained open opportunity; account value remains null,West
3BQTRX5Y,2060,product,Product-key mismatch,Low,Standardized,GTXPro mapped to GTX Pro; original retained in source CSV,West
W355HYRD,2065,product,Product-key mismatch,Low,Standardized,GTXPro mapped to GTX Pro; original retained in source CSV,East
5UE0TE1R,2066,product,Product-key mismatch,Low,Standardized,GTXPro mapped to GTX Pro; original retained in source CSV,East
RFNRVNXJ,2067,product,Product-key mismatch,Low,Standardized,GTXPro mapped to GTX Pro; original retained in source CSV,East
HVT28XPH,2069,account,Account not assigned,Info,Retained,Retained open opportunity; account value remains null,West
VM0MHPAO,2072,account,Account not assigned,Info,Retained,Retained open opportunity; account value remains null,East
LXZD2PZD,2077,account,Account not assigned,Info,Retained,Retained open opportunity; account value remains null,East
O2CPAAF0,2081,product,Product-key mismatch,Low,Standardized,GTXPro mapped to GTX Pro; original retained in source CSV,East
CEOTU8PX,2082,product,Product-key mismatch,Low,Standardized,GTXPro mapped to GTX Pro; original retained in source CSV,Central
2S3DHZFO,2083,product,Product-key mismatch,Low,Standardized,GTXPro mapped to GTX Pro; original retained in source CSV,Central
5FIGO7XN,2086,product,Product-key mismatch,Low,Standardized,GTXPro mapped to GTX Pro; original retained in source CSV,East
EFO8XWXE,2087,product,Product-key mismatch,Low,Standardized,GTXPro mapped to GTX Pro; original retained in source CSV,East
BPOTQCFG,2088,account,Account not assigned,Info,Retained,Retained open opportunity; account value remains null,West
LUT9KYJA,2093,product,Product-key mismatch,Low,Standardized,GTXPro mapped to GTX Pro; original retained in source CSV,West
ILYP3YGW,2095,product,Product-key mismatch,Low,Standardized,GTXPro mapped to GTX Pro; original retained in source CSV,Central
0XC4DR3F,2096,product,Product-key mismatch,Low,Standardized,GTXPro mapped to GTX Pro; original retained in source CSV,Central
3ZM8BJQO,2097,product,Product-key mismatch,Low,Standardized,GTXPro mapped to GTX Pro; original retained in source CSV,West
AM5J5QPK,2098,product,Product-key mismatch,Low,Standardized,GTXPro mapped to GTX Pro; original retained in source CSV,West
XM4VD3NN,2103,account,Account not assigned,Info,Retained,Retained open opportunity; account value remains null,West
D62905BC,2108,account,Account not assigned,Info,Retained,Retained open opportunity; account value remains null,West
79LGX9EX,2117,product,Product-key mismatch,Low,Standardized,GTXPro mapped to GTX Pro; original retained in source CSV,East
37FL55S0,2121,product,Product-key mismatch,Low,Standardized,GTXPro mapped to GTX Pro; original retained in source CSV,Central
5QSU8PQU,2123,product,Product-key mismatch,Low,Standardized,GTXPro mapped to GTX Pro; original retained in source CSV,East
F91QWQ1G,2127,product,Product-key mismatch,Low,Standardized,GTXPro mapped to GTX Pro; original retained in source CSV,West
A0VM9Q5M,2130,product,Product-key mismatch,Low,Standardized,GTXPro mapped to GTX Pro; original retained in source CSV,West
9ILB20UV,2134,account,Account not assigned,Info,Retained,Retained open opportunity; account value remains null,West
PNO7D8PD,2144,account,Account not assigned,Info,Retained,Retained open opportunity; account value remains null,West
2GV66JA7,2148,account,Account not assigned,Info,Retained,Retained open opportunity; account value remains null,East
AKMV6WN5,2152,account,Account not assigned,Info,Retained,Retained open opportunity; account value remains null,West
HPIKEMB9,2153,account,Account not assigned,Info,Retained,Retained open opportunity; account value remains null,West
U0E0XHK9,2156,account,Account not assigned,Info,Retained,Retained open opportunity; account value remains null,West
8254HM4E,2158,account,Account not assigned,Info,Retained,Retained open opportunity; account value remains null,West
MB3376Q1,2162,product,Product-key mismatch,Low,Standardized,GTXPro mapped to GTX Pro; original retained in source CSV,West
93JCG10L,2171,product,Product-key mismatch,Low,Standardized,GTXPro mapped to GTX Pro; original retained in source CSV,West
QCNOCX0P,2173,product,Product-key mismatch,Low,Standardized,GTXPro mapped to GTX Pro; original retained in source CSV,East
QCNOCX0P,2173,account,Account not assigned,Info,Retained,Retained open opportunity; account value remains null,East
9IE6GBXM,2175,product,Product-key mismatch,Low,Standardized,GTXPro mapped to GTX Pro; original retained in source CSV,East
M9V8824W,2176,account,Account not assigned,Info,Retained,Retained open opportunity; account value remains null,East
7TJEHAED,2179,product,Product-key mismatch,Low,Standardized,GTXPro mapped to GTX Pro; original retained in source CSV,Central
PYY9M6Q4,2182,product,Product-key mismatch,Low,Standardized,GTXPro mapped to GTX Pro; original retained in source CSV,East
EYW0QD8A,2189,product,Product-key mismatch,Low,Standardized,GTXPro mapped to GTX Pro; original retained in source CSV,Central
UUGY3W44,2192,account,Account not assigned,Info,Retained,Retained open opportunity; account value remains null,West
BHHDOY2E,2193,account,Account not assigned,Info,Retained,Retained open opportunity; account value remains null,West
C7Y0UUIN,2196,product,Product-key mismatch,Low,Standardized,GTXPro mapped to GTX Pro; original retained in source CSV,West
XDECB9X2,2204,account,Account not assigned,Info,Retained,Retained open opportunity; account value remains null,West
GL95LARP,2209,product,Product-key mismatch,Low,Standardized,GTXPro mapped to GTX Pro; original retained in source CSV,East
GL95LARP,2209,account,Account not assigned,Info,Retained,Retained open opportunity; account value remains null,East
U3394VAL,2212,product,Product-key mismatch,Low,Standardized,GTXPro mapped to GTX Pro; original retained in source CSV,Central
KK7L97V7,2214,product,Product-key mismatch,Low,Standardized,GTXPro mapped to GTX Pro; original retained in source CSV,Central
GWRPJWRO,2215,product,Product-key mismatch,Low,Standardized,GTXPro mapped to GTX Pro; original retained in source CSV,East
J6F10SFK,2223,account,Account not assigned,Info,Retained,Retained open opportunity; account value remains null,West
5KC9ZGBX,2224,product,Product-key mismatch,Low,Standardized,GTXPro mapped to GTX Pro; original retained in source CSV,West
XGD6BFD6,2227,product,Product-key mismatch,Low,Standardized,GTXPro mapped to GTX Pro; original retained in source CSV,East
U4IJO6SL,2229,product,Product-key mismatch,Low,Standardized,GTXPro mapped to GTX Pro; original retained in source CSV,West
U4IJO6SL,2229,account,Account not assigned,Info,Retained,Retained open opportunity; account value remains null,West
PVLGUIEN,2242,account,Account not assigned,Info,Retained,Retained open opportunity; account value remains null,East
XUQ7RS1Q,2243,product,Product-key mismatch,Low,Standardized,GTXPro mapped to GTX Pro; original retained in source CSV,East
UFGI9P05,2244,product,Product-key mismatch,Low,Standardized,GTXPro mapped to GTX Pro; original retained in source CSV,Central
45B6VA2Y,2259,account,Account not assigned,Info,Retained,Retained open opportunity; account value remains null,East
T1I8GE75,2269,product,Product-key mismatch,Low,Standardized,GTXPro mapped to GTX Pro; original retained in source CSV,East
2HU581DM,2270,product,Product-key mismatch,Low,Standardized,GTXPro mapped to GTX Pro; original retained in source CSV,East
VTVF5TBV,2272,product,Product-key mismatch,Low,Standardized,GTXPro mapped to GTX Pro; original retained in source CSV,Central
F4J6AVPQ,2274,product,Product-key mismatch,Low,Standardized,GTXPro mapped to GTX Pro; original retained in source CSV,Central
NFTSU7RW,2275,product,Product-key mismatch,Low,Standardized,GTXPro mapped to GTX Pro; original retained in source CSV,Central
NCUXZU3S,2276,product,Product-key mismatch,Low,Standardized,GTXPro mapped to GTX Pro; original retained in source CSV,Central
XQ0N9T87,2278,account,Account not assigned,Info,Retained,Retained open opportunity; account value remains null,West
X501NN9P,2290,product,Product-key mismatch,Low,Standardized,GTXPro mapped to GTX Pro; original retained in source CSV,Central
EUKD4Z0V,2292,product,Product-key mismatch,Low,Standardized,GTXPro mapped to GTX Pro; original retained in source CSV,East
KPUHKYWU,2293,product,Product-key mismatch,Low,Standardized,GTXPro mapped to GTX Pro; original retained in source CSV,East
456BP2X7,2296,account,Account not assigned,Info,Retained,Retained open opportunity; account value remains null,West
UKIM9XIZ,2301,product,Product-key mismatch,Low,Standardized,GTXPro mapped to GTX Pro; original retained in source CSV,Central
5Z0ACVAM,2302,product,Product-key mismatch,Low,Standardized,GTXPro mapped to GTX Pro; original retained in source CSV,Central
DIAR4IM7,2303,product,Product-key mismatch,Low,Standardized,GTXPro mapped to GTX Pro; original retained in source CSV,Central
J58BUYQH,2310,account,Account not assigned,Info,Retained,Retained open opportunity; account value remains null,West
D30QC4EE,2314,product,Product-key mismatch,Low,Standardized,GTXPro mapped to GTX Pro; original retained in source CSV,West
SDS8SAZC,2320,product,Product-key mismatch,Low,Standardized,GTXPro mapped to GTX Pro; original retained in source CSV,West
W1GERPB9,2323,product,Product-key mismatch,Low,Standardized,GTXPro mapped to GTX Pro; original retained in source CSV,West
FN1QX0BQ,2324,account,Account not assigned,Info,Retained,Retained open opportunity; account value remains null,East
OHVPXBSR,2337,product,Product-key mismatch,Low,Standardized,GTXPro mapped to GTX Pro; original retained in source CSV,East
M9RGVU1F,2339,product,Product-key mismatch,Low,Standardized,GTXPro mapped to GTX Pro; original retained in source CSV,Central
NBYPJR21,2343,product,Product-key mismatch,Low,Standardized,GTXPro mapped to GTX Pro; original retained in source CSV,West
R0CLLIH9,2346,product,Product-key mismatch,Low,Standardized,GTXPro mapped to GTX Pro; original retained in source CSV,West
R0CLLIH9,2346,account,Account not assigned,Info,Retained,Retained open opportunity; account value remains null,West
UIDAJBAI,2347,product,Product-key mismatch,Low,Standardized,GTXPro mapped to GTX Pro; original retained in source CSV,West
3P7QQSVF,2356,account,Account not assigned,Info,Retained,Retained open opportunity; account value remains null,West
1QWG9VM6,2362,product,Product-key mismatch,Low,Standardized,GTXPro mapped to GTX Pro; original retained in source CSV,West
GNL7T2JP,2367,product,Product-key mismatch,Low,Standardized,GTXPro mapped to GTX Pro; original retained in source CSV,East
24LP4J8U,2369,product,Product-key mismatch,Low,Standardized,GTXPro mapped to GTX Pro; original retained in source CSV,East
8BH9RNZI,2371,product,Product-key mismatch,Low,Standardized,GTXPro mapped to GTX Pro; original retained in source CSV,Central
Z7OH4GWO,2381,product,Product-key mismatch,Low,Standardized,GTXPro mapped to GTX Pro; original retained in source CSV,West
Z7OH4GWO,2381,account,Account not assigned,Info,Retained,Retained open opportunity; account value remains null,West
H3ITKE4I,2384,product,Product-key mismatch,Low,Standardized,GTXPro mapped to GTX Pro; original retained in source CSV,West
4RPUMZ9M,2385,product,Product-key mismatch,Low,Standardized,GTXPro mapped to GTX Pro; original retained in source CSV,West
JK4IB77I,2393,product,Product-key mismatch,Low,Standardized,GTXPro mapped to GTX Pro; original retained in source CSV,East
81G840FM,2394,account,Account not assigned,Info,Retained,Retained open opportunity; account value remains null,West
U5K2MZB6,2395,account,Account not assigned,Info,Retained,Retained open opportunity; account value remains null,West
IUDDK8Q0,2397,product,Product-key mismatch,Low,Standardized,GTXPro mapped to GTX Pro; original retained in source CSV,East
WOBZWEPI,2402,product,Product-key mismatch,Low,Standardized,GTXPro mapped to GTX Pro; original retained in source CSV,Central
HBIQF55L,2403,product,Product-key mismatch,Low,Standardized,GTXPro mapped to GTX Pro; original retained in source CSV,Central
V5XB0UPL,2404,product,Product-key mismatch,Low,Standardized,GTXPro mapped to GTX Pro; original retained in source CSV,Central
ZVAZKWF3,2415,product,Product-key mismatch,Low,Standardized,GTXPro mapped to GTX Pro; original retained in source CSV,West
ZVAZKWF3,2415,account,Account not assigned,Info,Retained,Retained open opportunity; account value remains null,West
6WODV6KD,2417,product,Product-key mismatch,Low,Standardized,GTXPro mapped to GTX Pro; original retained in source CSV,West
6S2ABHZS,2418,account,Account not assigned,Info,Retained,Retained open opportunity; account value remains null,West
COM9RNBL,2419,account,Account not assigned,Info,Retained,Retained open opportunity; account value remains null,West
KYFONJP5,2422,product,Product-key mismatch,Low,Standardized,GTXPro mapped to GTX Pro; original retained in source CSV,East
K6M3EX4O,2434,account,Account not assigned,Info,Retained,Retained open opportunity; account value remains null,West
LWPFQ1UA,2436,account,Account not assigned,Info,Retained,Retained open opportunity; account value remains null,West
2IO3IJPO,2446,product,Product-key mismatch,Low,Standardized,GTXPro mapped to GTX Pro; original retained in source CSV,East
3Y26MZHI,2449,product,Product-key mismatch,Low,Standardized,GTXPro mapped to GTX Pro; original retained in source CSV,East
P0BMLVSL,2450,product,Product-key mismatch,Low,Standardized,GTXPro mapped to GTX Pro; original retained in source CSV,Central
5SNTPPOV,2453,product,Product-key mismatch,Low,Standardized,GTXPro mapped to GTX Pro; original retained in source CSV,East
D7F2AWWW,2454,product,Product-key mismatch,Low,Standardized,GTXPro mapped to GTX Pro; original retained in source CSV,East
10AEGW41,2459,product,Product-key mismatch,Low,Standardized,GTXPro mapped to GTX Pro; original retained in source CSV,West
10AEGW41,2459,account,Account not assigned,Info,Retained,Retained open opportunity; account value remains null,West
6G6ZCKSB,2465,product,Product-key mismatch,Low,Standardized,GTXPro mapped to GTX Pro; original retained in source CSV,West
6G6ZCKSB,2465,account,Account not assigned,Info,Retained,Retained open opportunity; account value remains null,West
UPZRAO84,2476,product,Product-key mismatch,Low,Standardized,GTXPro mapped to GTX Pro; original retained in source CSV,East
IJ7AUTVC,2480,product,Product-key mismatch,Low,Standardized,GTXPro mapped to GTX Pro; original retained in source CSV,Central
0GXXCA37,2482,product,Product-key mismatch,Low,Standardized,GTXPro mapped to GTX Pro; original retained in source CSV,Central
GACPNKGI,2483,account,Account not assigned,Info,Retained,Retained open opportunity; account value remains null,West
OJ0C7S3T,2485,product,Product-key mismatch,Low,Standardized,GTXPro mapped to GTX Pro; original retained in source CSV,Central
E4082SMQ,2488,account,Account not assigned,Info,Retained,Retained open opportunity; account value remains null,West
L3AYCTGW,2490,product,Product-key mismatch,Low,Standardized,GTXPro mapped to GTX Pro; original retained in source CSV,West
LSVGDJ1A,2492,account,Account not assigned,Info,Retained,Retained open opportunity; account value remains null,West
2LSNRT4U,2493,product,Product-key mismatch,Low,Standardized,GTXPro mapped to GTX Pro; original retained in source CSV,West
2LSNRT4U,2493,account,Account not assigned,Info,Retained,Retained open opportunity; account value remains null,West
XWZG5VPL,2496,product,Product-key mismatch,Low,Standardized,GTXPro mapped to GTX Pro; original retained in source CSV,West
QD8F0CI6,2506,account,Account not assigned,Info,Retained,Retained open opportunity; account value remains null,West
7K0S2P6K,2507,product,Product-key mismatch,Low,Standardized,GTXPro mapped to GTX Pro; original retained in source CSV,West
7K0S2P6K,2507,account,Account not assigned,Info,Retained,Retained open opportunity; account value remains null,West
E3HJPDFZ,2513,product,Product-key mismatch,Low,Standardized,GTXPro mapped to GTX Pro; original retained in source CSV,West
8S649LDO,2518,product,Product-key mismatch,Low,Standardized,GTXPro mapped to GTX Pro; original retained in source CSV,East
IKJSXBY0,2525,product,Product-key mismatch,Low,Standardized,GTXPro mapped to GTX Pro; original retained in source CSV,Central
U6XJRWV8,2527,account,Account not assigned,Info,Retained,Retained open opportunity; account value remains null,West
C9O4E52T,2536,product,Product-key mismatch,Low,Standardized,GTXPro mapped to GTX Pro; original retained in source CSV,West
CJP7LWRK,2537,product,Product-key mismatch,Low,Standardized,GTXPro mapped to GTX Pro; original retained in source CSV,West
K8LRZ95S,2540,account,Account not assigned,Info,Retained,Retained open opportunity; account value remains null,West
Q8BZ3PC9,2544,account,Account not assigned,Info,Retained,Retained open opportunity; account value remains null,East
49ZS7GTS,2545,account,Account not assigned,Info,Retained,Retained open opportunity; account value remains null,West
M857G6G1,2546,account,Account not assigned,Info,Retained,Retained open opportunity; account value remains null,West
TS4CB9TH,2547,product,Product-key mismatch,Low,Standardized,GTXPro mapped to GTX Pro; original retained in source CSV,West
5K0ZFCVO,2548,account,Account not assigned,Info,Retained,Retained open opportunity; account value remains null,East
6AEVX11M,2549,account,Account not assigned,Info,Retained,Retained open opportunity; account value remains null,East
BH40KWV5,2550,product,Product-key mismatch,Low,Standardized,GTXPro mapped to GTX Pro; original retained in source CSV,West
WGETO859,2554,account,Account not assigned,Info,Retained,Retained open opportunity; account value remains null,East
CTWSDG4U,2558,account,Account not assigned,Info,Retained,Retained open opportunity; account value remains null,East
0EYXI1UN,2562,account,Account not assigned,Info,Retained,Retained open opportunity; account value remains null,West
XOVYPE58,2572,product,Product-key mismatch,Low,Standardized,GTXPro mapped to GTX Pro; original retained in source CSV,East
UKLAKXP2,2580,product,Product-key mismatch,Low,Standardized,GTXPro mapped to GTX Pro; original retained in source CSV,East
VORZHQ40,2584,product,Product-key mismatch,Low,Standardized,GTXPro mapped to GTX Pro; original retained in source CSV,Central
ZALE38AC,2589,product,Product-key mismatch,Low,Standardized,GTXPro mapped to GTX Pro; original retained in source CSV,West
C32E4E1D,2597,account,Account not assigned,Info,Retained,Retained open opportunity; account value remains null,West
U2HYH97X,2599,account,Account not assigned,Info,Retained,Retained open opportunity; account value remains null,West
7TCCYDR3,2605,product,Product-key mismatch,Low,Standardized,GTXPro mapped to GTX Pro; original retained in source CSV,West
MRWHJE9P,2614,account,Account not assigned,Info,Retained,Retained open opportunity; account value remains null,East
HK1JJKQL,2618,product,Product-key mismatch,Low,Standardized,GTXPro mapped to GTX Pro; original retained in source CSV,Central
D5TGHX3Y,2619,product,Product-key mismatch,Low,Standardized,GTXPro mapped to GTX Pro; original retained in source CSV,Central
ETADSAC3,2622,product,Product-key mismatch,Low,Standardized,GTXPro mapped to GTX Pro; original retained in source CSV,East
Q6OUJCH5,2638,product,Product-key mismatch,Low,Standardized,GTXPro mapped to GTX Pro; original retained in source CSV,West
Q6OUJCH5,2638,account,Account not assigned,Info,Retained,Retained open opportunity; account value remains null,West
EBUJQ571,2640,product,Product-key mismatch,Low,Standardized,GTXPro mapped to GTX Pro; original retained in source CSV,West
RBOI8DLQ,2642,product,Product-key mismatch,Low,Standardized,GTXPro mapped to GTX Pro; original retained in source CSV,West
LTOKXFP1,2644,product,Product-key mismatch,Low,Standardized,GTXPro mapped to GTX Pro; original retained in source CSV,West
9EGAFG1B,2646,product,Product-key mismatch,Low,Standardized,GTXPro mapped to GTX Pro; original retained in source CSV,East
VPSJHIAA,2647,product,Product-key mismatch,Low,Standardized,GTXPro mapped to GTX Pro; original retained in source CSV,East
JR4WED6G,2649,product,Product-key mismatch,Low,Standardized,GTXPro mapped to GTX Pro; original retained in source CSV,Central
IIVP87B8,2655,account,Account not assigned,Info,Retained,Retained open opportunity; account value remains null,West
XJI41C0L,2663,product,Product-key mismatch,Low,Standardized,GTXPro mapped to GTX Pro; original retained in source CSV,West
4QFATB6J,2665,account,Account not assigned,Info,Retained,Retained open opportunity; account value remains null,East
61E7IHAY,2666,account,Account not assigned,Info,Retained,Retained open opportunity; account value remains null,East
XPDLW6F0,2667,product,Product-key mismatch,Low,Standardized,GTXPro mapped to GTX Pro; original retained in source CSV,West
1E2LYCWP,2669,product,Product-key mismatch,Low,Standardized,GTXPro mapped to GTX Pro; original retained in source CSV,East
O64JQPJ2,2672,product,Product-key mismatch,Low,Standardized,GTXPro mapped to GTX Pro; original retained in source CSV,East
8W464DG6,2674,product,Product-key mismatch,Low,Standardized,GTXPro mapped to GTX Pro; original retained in source CSV,East
FI5OA7O6,2675,product,Product-key mismatch,Low,Standardized,GTXPro mapped to GTX Pro; original retained in source CSV,East
YDBPPU6J,2677,product,Product-key mismatch,Low,Standardized,GTXPro mapped to GTX Pro; original retained in source CSV,East
L6PCVRJS,2678,product,Product-key mismatch,Low,Standardized,GTXPro mapped to GTX Pro; original retained in source CSV,East
M7W3E298,2682,product,Product-key mismatch,Low,Standardized,GTXPro mapped to GTX Pro; original retained in source CSV,Central
KTC0RC8I,2683,account,Account not assigned,Info,Retained,Retained open opportunity; account value remains null,West
79G6725X,2688,product,Product-key mismatch,Low,Standardized,GTXPro mapped to GTX Pro; original retained in source CSV,West
CY7C3ZPJ,2692,account,Account not assigned,Info,Retained,Retained open opportunity; account value remains null,West
2ZEFCKS3,2696,product,Product-key mismatch,Low,Standardized,GTXPro mapped to GTX Pro; original retained in source CSV,Central
M9GP930T,2698,account,Account not assigned,Info,Retained,Retained open opportunity; account value remains null,West
J82TWNI7,2703,product,Product-key mismatch,Low,Standardized,GTXPro mapped to GTX Pro; original retained in source CSV,West
D3G7ER0D,2706,product,Product-key mismatch,Low,Standardized,GTXPro mapped to GTX Pro; original retained in source CSV,East
NMY6FA6X,2709,account,Account not assigned,Info,Retained,Retained open opportunity; account value remains null,East
S439SXI1,2710,product,Product-key mismatch,Low,Standardized,GTXPro mapped to GTX Pro; original retained in source CSV,East
SG1T9M5F,2711,product,Product-key mismatch,Low,Standardized,GTXPro mapped to GTX Pro; original retained in source CSV,Central
ZA6AJ0N1,2714,product,Product-key mismatch,Low,Standardized,GTXPro mapped to GTX Pro; original retained in source CSV,Central
T361XRAQ,2716,product,Product-key mismatch,Low,Standardized,GTXPro mapped to GTX Pro; original retained in source CSV,Central
NUQPJV8A,2717,account,Account not assigned,Info,Retained,Retained open opportunity; account value remains null,West
VY4IVO2W,2720,account,Account not assigned,Info,Retained,Retained open opportunity; account value remains null,West
EO481IOJ,2724,product,Product-key mismatch,Low,Standardized,GTXPro mapped to GTX Pro; original retained in source CSV,East
INKH0Y59,2725,account,Account not assigned,Info,Retained,Retained open opportunity; account value remains null,West
OSMGVV1S,2726,account,Account not assigned,Info,Retained,Retained open opportunity; account value remains null,West
BDUNPUWY,2731,account,Account not assigned,Info,Retained,Retained open opportunity; account value remains null,East
HDALWEHF,2733,product,Product-key mismatch,Low,Standardized,GTXPro mapped to GTX Pro; original retained in source CSV,East
HDALWEHF,2733,account,Account not assigned,Info,Retained,Retained open opportunity; account value remains null,East
735GFCU0,2738,product,Product-key mismatch,Low,Standardized,GTXPro mapped to GTX Pro; original retained in source CSV,Central
OTJR9SSK,2739,account,Account not assigned,Info,Retained,Retained open opportunity; account value remains null,West
2EO70V27,2741,product,Product-key mismatch,Low,Standardized,GTXPro mapped to GTX Pro; original retained in source CSV,West
GQ2W1DXM,2744,product,Product-key mismatch,Low,Standardized,GTXPro mapped to GTX Pro; original retained in source CSV,West
GQ2W1DXM,2744,account,Account not assigned,Info,Retained,Retained open opportunity; account value remains null,West
XE84LNAS,2749,product,Product-key mismatch,Low,Standardized,GTXPro mapped to GTX Pro; original retained in source CSV,West
CEEJ2EN5,2750,account,Account not assigned,Info,Retained,Retained open opportunity; account value remains null,East
JNEQWZQK,2751,account,Account not assigned,Info,Retained,Retained open opportunity; account value remains null,East
BTM58SCH,2759,product,Product-key mismatch,Low,Standardized,GTXPro mapped to GTX Pro; original retained in source CSV,East
RXAQJKSL,2760,account,Account not assigned,Info,Retained,Retained open opportunity; account value remains null,East
IGRY0M4Q,2762,account,Account not assigned,Info,Retained,Retained open opportunity; account value remains null,East
HBWY3B48,2769,product,Product-key mismatch,Low,Standardized,GTXPro mapped to GTX Pro; original retained in source CSV,West
ZBAMKTFX,2770,product,Product-key mismatch,Low,Standardized,GTXPro mapped to GTX Pro; original retained in source CSV,West
I8A539VV,2777,product,Product-key mismatch,Low,Standardized,GTXPro mapped to GTX Pro; original retained in source CSV,West
9HYMQL4I,2778,account,Account not assigned,Info,Retained,Retained open opportunity; account value remains null,West
NCDZRUZD,2780,product,Product-key mismatch,Low,Standardized,GTXPro mapped to GTX Pro; original retained in source CSV,East
0KEO3OP7,2781,account,Account not assigned,Info,Retained,Retained open opportunity; account value remains null,East
UXNB9OIB,2782,product,Product-key mismatch,Low,Standardized,GTXPro mapped to GTX Pro; original retained in source CSV,East
ZXUNLSOB,2784,product,Product-key mismatch,Low,Standardized,GTXPro mapped to GTX Pro; original retained in source CSV,Central
MZILPLUE,2785,product,Product-key mismatch,Low,Standardized,GTXPro mapped to GTX Pro; original retained in source CSV,Central
0CSJCW8I,2799,product,Product-key mismatch,Low,Standardized,GTXPro mapped to GTX Pro; original retained in source CSV,West
7882RJGY,2801,account,Account not assigned,Info,Retained,Retained open opportunity; account value remains null,East
QAKLPDKQ,2808,product,Product-key mismatch,Low,Standardized,GTXPro mapped to GTX Pro; original retained in source CSV,East
A2HLNPEL,2816,product,Product-key mismatch,Low,Standardized,GTXPro mapped to GTX Pro; original retained in source CSV,West
VP8ERXPR,2820,account,Account not assigned,Info,Retained,Retained open opportunity; account value remains null,East
DH9CHQ02,2822,product,Product-key mismatch,Low,Standardized,GTXPro mapped to GTX Pro; original retained in source CSV,East
UEZOR630,2824,account,Account not assigned,Info,Retained,Retained open opportunity; account value remains null,West
DYNHHN6P,2830,product,Product-key mismatch,Low,Standardized,GTXPro mapped to GTX Pro; original retained in source CSV,West
ZH14SZPT,2834,account,Account not assigned,Info,Retained,Retained open opportunity; account value remains null,East
Q2CLAKLM,2837,account,Account not assigned,Info,Retained,Retained open opportunity; account value remains null,East
CY33L07I,2842,product,Product-key mismatch,Low,Standardized,GTXPro mapped to GTX Pro; original retained in source CSV,West
Y5OTY9O5,2848,product,Product-key mismatch,Low,Standardized,GTXPro mapped to GTX Pro; original retained in source CSV,East
OTLQMB5X,2849,account,Account not assigned,Info,Retained,Retained open opportunity; account value remains null,West
I81SUA2R,2850,product,Product-key mismatch,Low,Standardized,GTXPro mapped to GTX Pro; original retained in source CSV,East
2UHH7PD3,2851,product,Product-key mismatch,Low,Standardized,GTXPro mapped to GTX Pro; original retained in source CSV,West
OIO2H2MY,2854,account,Account not assigned,Info,Retained,Retained open opportunity; account value remains null,East
KCTYAQOR,2859,product,Product-key mismatch,Low,Standardized,GTXPro mapped to GTX Pro; original retained in source CSV,Central
5WHMLQDK,2864,product,Product-key mismatch,Low,Standardized,GTXPro mapped to GTX Pro; original retained in source CSV,West
5WHMLQDK,2864,account,Account not assigned,Info,Retained,Retained open opportunity; account value remains null,West
R1K16RZO,2867,account,Account not assigned,Info,Retained,Retained open opportunity; account value remains null,West
UYQJ2A1O,2872,account,Account not assigned,Info,Retained,Retained open opportunity; account value remains null,West
60NIT1PM,2877,account,Account not assigned,Info,Retained,Retained open opportunity; account value remains null,East
44Y3J17P,2878,account,Account not assigned,Info,Retained,Retained open opportunity; account value remains null,East
J9OP2A5I,2889,account,Account not assigned,Info,Retained,Retained open opportunity; account value remains null,West
7DDJHUWU,2892,product,Product-key mismatch,Low,Standardized,GTXPro mapped to GTX Pro; original retained in source CSV,West
8WB5HXOB,2893,account,Account not assigned,Info,Retained,Retained open opportunity; account value remains null,West
4ZX1WPS7,2897,product,Product-key mismatch,Low,Standardized,GTXPro mapped to GTX Pro; original retained in source CSV,East
2NPSMBLK,2899,product,Product-key mismatch,Low,Standardized,GTXPro mapped to GTX Pro; original retained in source CSV,Central
3FZVCDW0,2902,product,Product-key mismatch,Low,Standardized,GTXPro mapped to GTX Pro; original retained in source CSV,West
2NTWE1G4,2903,product,Product-key mismatch,Low,Standardized,GTXPro mapped to GTX Pro; original retained in source CSV,West
86C26QSR,2904,account,Account not assigned,Info,Retained,Retained open opportunity; account value remains null,West
AETY0W6G,2906,product,Product-key mismatch,Low,Standardized,GTXPro mapped to GTX Pro; original retained in source CSV,East
C2W2VHJY,2914,product,Product-key mismatch,Low,Standardized,GTXPro mapped to GTX Pro; original retained in source CSV,East
Z032GGRE,2915,product,Product-key mismatch,Low,Standardized,GTXPro mapped to GTX Pro; original retained in source CSV,Central
P05J08B4,2917,product,Product-key mismatch,Low,Standardized,GTXPro mapped to GTX Pro; original retained in source CSV,Central
GVCMT0GZ,2918,product,Product-key mismatch,Low,Standardized,GTXPro mapped to GTX Pro; original retained in source CSV,Central
DE5WRZ6B,2929,product,Product-key mismatch,Low,Standardized,GTXPro mapped to GTX Pro; original retained in source CSV,East
UJ7BYO6A,2930,account,Account not assigned,Info,Retained,Retained open opportunity; account value remains null,East
70TRVHOM,2934,product,Product-key mismatch,Low,Standardized,GTXPro mapped to GTX Pro; original retained in source CSV,East
0G0S9TB8,2935,product,Product-key mismatch,Low,Standardized,GTXPro mapped to GTX Pro; original retained in source CSV,East
U43RA5W8,2936,product,Product-key mismatch,Low,Standardized,GTXPro mapped to GTX Pro; original retained in source CSV,East
NX2K0HQ9,2943,product,Product-key mismatch,Low,Standardized,GTXPro mapped to GTX Pro; original retained in source CSV,West
WQSJNIEZ,2949,account,Account not assigned,Info,Retained,Retained open opportunity; account value remains null,West
OH7VVUY0,2966,product,Product-key mismatch,Low,Standardized,GTXPro mapped to GTX Pro; original retained in source CSV,Central
BB7JH1C4,2968,product,Product-key mismatch,Low,Standardized,GTXPro mapped to GTX Pro; original retained in source CSV,Central
J71N4WQ6,2973,account,Account not assigned,Info,Retained,Retained open opportunity; account value remains null,West
3F34LWKM,2979,product,Product-key mismatch,Low,Standardized,GTXPro mapped to GTX Pro; original retained in source CSV,West
3F34LWKM,2979,account,Account not assigned,Info,Retained,Retained open opportunity; account value remains null,West
YVXKNYSM,2983,product,Product-key mismatch,Low,Standardized,GTXPro mapped to GTX Pro; original retained in source CSV,East
YVXKNYSM,2983,account,Account not assigned,Info,Retained,Retained open opportunity; account value remains null,East
237L2CSV,2984,product,Product-key mismatch,Low,Standardized,GTXPro mapped to GTX Pro; original retained in source CSV,East
AS7MJ0S1,2985,product,Product-key mismatch,Low,Standardized,GTXPro mapped to GTX Pro; original retained in source CSV,East
Z64MQTF2,2988,product,Product-key mismatch,Low,Standardized,GTXPro mapped to GTX Pro; original retained in source CSV,Central
73086D08,2992,account,Account not assigned,Info,Retained,Retained open opportunity; account value remains null,West
OIFERO7S,2997,account,Account not assigned,Info,Retained,Retained open opportunity; account value remains null,West
Z2E1UVVB,2998,account,Account not assigned,Info,Retained,Retained open opportunity; account value remains null,East
0WO582AV,3005,product,Product-key mismatch,Low,Standardized,GTXPro mapped to GTX Pro; original retained in source CSV,Central
FSEF5ZR9,3011,product,Product-key mismatch,Low,Standardized,GTXPro mapped to GTX Pro; original retained in source CSV,West
0AQGBN7B,3015,account,Account not assigned,Info,Retained,Retained open opportunity; account value remains null,West
TFS5SYN2,3019,product,Product-key mismatch,Low,Standardized,GTXPro mapped to GTX Pro; original retained in source CSV,East
UU25XD9E,3023,product,Product-key mismatch,Low,Standardized,GTXPro mapped to GTX Pro; original retained in source CSV,West
K5GFWLKM,3026,account,Account not assigned,Info,Retained,Retained open opportunity; account value remains null,East
1K6HY455,3027,account,Account not assigned,Info,Retained,Retained open opportunity; account value remains null,East
N4Z3QYK7,3032,product,Product-key mismatch,Low,Standardized,GTXPro mapped to GTX Pro; original retained in source CSV,Central
GL1YE4PQ,3039,account,Account not assigned,Info,Retained,Retained open opportunity; account value remains null,West
DU0DYV80,3042,product,Product-key mismatch,Low,Standardized,GTXPro mapped to GTX Pro; original retained in source CSV,West
95532CI0,3044,product,Product-key mismatch,Low,Standardized,GTXPro mapped to GTX Pro; original retained in source CSV,West
FHWXZ6HL,3050,product,Product-key mismatch,Low,Standardized,GTXPro mapped to GTX Pro; original retained in source CSV,East
FHWXZ6HL,3050,account,Account not assigned,Info,Retained,Retained open opportunity; account value remains null,East
UO62J3M0,3055,product,Product-key mismatch,Low,Standardized,GTXPro mapped to GTX Pro; original retained in source CSV,West
FXLA39YR,3061,product,Product-key mismatch,Low,Standardized,GTXPro mapped to GTX Pro; original retained in source CSV,East
P9VFKNR0,3063,product,Product-key mismatch,Low,Standardized,GTXPro mapped to GTX Pro; original retained in source CSV,Central
XH01XH1F,3067,product,Product-key mismatch,Low,Standardized,GTXPro mapped to GTX Pro; original retained in source CSV,East
U48PDN1F,3068,product,Product-key mismatch,Low,Standardized,GTXPro mapped to GTX Pro; original retained in source CSV,Central
Q2RY668B,3070,account,Account not assigned,Info,Retained,Retained open opportunity; account value remains null,West
VBFYOCDO,3071,account,Account not assigned,Info,Retained,Retained open opportunity; account value remains null,West
KF05URX0,3088,account,Account not assigned,Info,Retained,Retained open opportunity; account value remains null,East
GACP1E2I,3089,product,Product-key mismatch,Low,Standardized,GTXPro mapped to GTX Pro; original retained in source CSV,Central
ASW97JK3,3090,product,Product-key mismatch,Low,Standardized,GTXPro mapped to GTX Pro; original retained in source CSV,Central
5IQAJGCU,3094,account,Account not assigned,Info,Retained,Retained open opportunity; account value remains null,West
N00L26DN,3098,product,Product-key mismatch,Low,Standardized,GTXPro mapped to GTX Pro; original retained in source CSV,West
E8QHX9TE,3103,account,Account not assigned,Info,Retained,Retained open opportunity; account value remains null,West
YL98GKZF,3113,product,Product-key mismatch,Low,Standardized,GTXPro mapped to GTX Pro; original retained in source CSV,West
1DZNTUSA,3115,product,Product-key mismatch,Low,Standardized,GTXPro mapped to GTX Pro; original retained in source CSV,West
G5Z0FWAX,3116,product,Product-key mismatch,Low,Standardized,GTXPro mapped to GTX Pro; original retained in source CSV,West
IQ8MEPW9,3122,product,Product-key mismatch,Low,Standardized,GTXPro mapped to GTX Pro; original retained in source CSV,East
I6UG2OLX,3134,account,Account not assigned,Info,Retained,Retained open opportunity; account value remains null,East
D6XIVDQF,3146,product,Product-key mismatch,Low,Standardized,GTXPro mapped to GTX Pro; original retained in source CSV,Central
BJO24Z5A,3156,account,Account not assigned,Info,Retained,Retained open opportunity; account value remains null,East
HY94AVIW,3164,account,Account not assigned,Info,Retained,Retained open opportunity; account value remains null,West
848QSODT,3175,account,Account not assigned,Info,Retained,Retained open opportunity; account value remains null,West
89P5UVQ0,3178,product,Product-key mismatch,Low,Standardized,GTXPro mapped to GTX Pro; original retained in source CSV,East
89P5UVQ0,3178,account,Account not assigned,Info,Retained,Retained open opportunity; account value remains null,East
C8SWZNON,3182,product,Product-key mismatch,Low,Standardized,GTXPro mapped to GTX Pro; original retained in source CSV,East
10QXTLQX,3186,product,Product-key mismatch,Low,Standardized,GTXPro mapped to GTX Pro; original retained in source CSV,East
7YT7NRV9,3187,account,Account not assigned,Info,Retained,Retained open opportunity; account value remains null,West
X4FW4JR1,3189,account,Account not assigned,Info,Retained,Retained open opportunity; account value remains null,West
XAC1J3TF,3201,account,Account not assigned,Info,Retained,Retained open opportunity; account value remains null,West
UFALPP82,3205,product,Product-key mismatch,Low,Standardized,GTXPro mapped to GTX Pro; original retained in source CSV,West
S3UOGUU5,3207,product,Product-key mismatch,Low,Standardized,GTXPro mapped to GTX Pro; original retained in source CSV,West
TSRHYEOQ,3208,product,Product-key mismatch,Low,Standardized,GTXPro mapped to GTX Pro; original retained in source CSV,East
ZIK2R3S7,3209,account,Account not assigned,Info,Retained,Retained open opportunity; account value remains null,East
HF2DSIT5,3211,account,Account not assigned,Info,Retained,Retained open opportunity; account value remains null,West
M3IMVC9G,3221,account,Account not assigned,Info,Retained,Retained open opportunity; account value remains null,West
BTRIUUWG,3223,account,Account not assigned,Info,Retained,Retained open opportunity; account value remains null,East
4AS1VXQM,3225,product,Product-key mismatch,Low,Standardized,GTXPro mapped to GTX Pro; original retained in source CSV,West
XRO7PMA2,3228,account,Account not assigned,Info,Retained,Retained open opportunity; account value remains null,East
04OAV3CV,3232,account,Account not assigned,Info,Retained,Retained open opportunity; account value remains null,West
S2GG93I6,3236,product,Product-key mismatch,Low,Standardized,GTXPro mapped to GTX Pro; original retained in source CSV,West
3SEMPUU1,3239,product,Product-key mismatch,Low,Standardized,GTXPro mapped to GTX Pro; original retained in source CSV,West
8W87JE97,3240,product,Product-key mismatch,Low,Standardized,GTXPro mapped to GTX Pro; original retained in source CSV,West
483NKH0E,3242,product,Product-key mismatch,Low,Standardized,GTXPro mapped to GTX Pro; original retained in source CSV,West
AXHNVQPQ,3245,product,Product-key mismatch,Low,Standardized,GTXPro mapped to GTX Pro; original retained in source CSV,West
0Y8HO91H,3251,product,Product-key mismatch,Low,Standardized,GTXPro mapped to GTX Pro; original retained in source CSV,East
PNUBACZM,3253,product,Product-key mismatch,Low,Standardized,GTXPro mapped to GTX Pro; original retained in source CSV,Central
GQFRHJF6,3255,product,Product-key mismatch,Low,Standardized,GTXPro mapped to GTX Pro; original retained in source CSV,East
S8ALJKKH,3256,product,Product-key mismatch,Low,Standardized,GTXPro mapped to GTX Pro; original retained in source CSV,East
2FMT1053,3258,account,Account not assigned,Info,Retained,Retained open opportunity; account value remains null,West
D85PDC6S,3260,account,Account not assigned,Info,Retained,Retained open opportunity; account value remains null,West
N3GVE0VP,3262,account,Account not assigned,Info,Retained,Retained open opportunity; account value remains null,West
OK39IHP1,3267,account,Account not assigned,Info,Retained,Retained open opportunity; account value remains null,West
CX4ZLSDW,3270,account,Account not assigned,Info,Retained,Retained open opportunity; account value remains null,East
UFL6ZQDV,3271,account,Account not assigned,Info,Retained,Retained open opportunity; account value remains null,West
NJCI3Y9S,3274,product,Product-key mismatch,Low,Standardized,GTXPro mapped to GTX Pro; original retained in source CSV,West
14V0RQBV,3282,product,Product-key mismatch,Low,Standardized,GTXPro mapped to GTX Pro; original retained in source CSV,Central
2G82J8WD,3283,product,Product-key mismatch,Low,Standardized,GTXPro mapped to GTX Pro; original retained in source CSV,Central
VA2JJZXD,3287,product,Product-key mismatch,Low,Standardized,GTXPro mapped to GTX Pro; original retained in source CSV,Central
BRFHWGVC,3290,account,Account not assigned,Info,Retained,Retained open opportunity; account value remains null,West
8Z4ZMS9U,3294,account,Account not assigned,Info,Retained,Retained open opportunity; account value remains null,East
JL9ERNVY,3297,account,Account not assigned,Info,Retained,Retained open opportunity; account value remains null,East
913RPKAD,3299,product,Product-key mismatch,Low,Standardized,GTXPro mapped to GTX Pro; original retained in source CSV,East
JM5GDLEF,3300,product,Product-key mismatch,Low,Standardized,GTXPro mapped to GTX Pro; original retained in source CSV,East
JM5GDLEF,3300,account,Account not assigned,Info,Retained,Retained open opportunity; account value remains null,East
NJC209SC,3301,product,Product-key mismatch,Low,Standardized,GTXPro mapped to GTX Pro; original retained in source CSV,Central
MMUC1AXI,3302,product,Product-key mismatch,Low,Standardized,GTXPro mapped to GTX Pro; original retained in source CSV,Central
CYKC7RXH,3305,product,Product-key mismatch,Low,Standardized,GTXPro mapped to GTX Pro; original retained in source CSV,East
3590U14O,3316,product,Product-key mismatch,Low,Standardized,GTXPro mapped to GTX Pro; original retained in source CSV,West
CFOYAHQ1,3317,product,Product-key mismatch,Low,Standardized,GTXPro mapped to GTX Pro; original retained in source CSV,West
PGYBGBU3,3323,product,Product-key mismatch,Low,Standardized,GTXPro mapped to GTX Pro; original retained in source CSV,East
GIVVPRQQ,3326,product,Product-key mismatch,Low,Standardized,GTXPro mapped to GTX Pro; original retained in source CSV,Central
RE3UNESR,3329,account,Account not assigned,Info,Retained,Retained open opportunity; account value remains null,West
PPUSV3RG,3330,account,Account not assigned,Info,Retained,Retained open opportunity; account value remains null,West
6I125KPN,3344,account,Account not assigned,Info,Retained,Retained open opportunity; account value remains null,East
2YLXKON1,3348,account,Account not assigned,Info,Retained,Retained open opportunity; account value remains null,West
WS3BIQ4S,3352,account,Account not assigned,Info,Retained,Retained open opportunity; account value remains null,West
U177IWW0,3354,account,Account not assigned,Info,Retained,Retained open opportunity; account value remains null,West
VN8YFKTN,3355,product,Product-key mismatch,Low,Standardized,GTXPro mapped to GTX Pro; original retained in source CSV,East
SWEQFKRF,3357,product,Product-key mismatch,Low,Standardized,GTXPro mapped to GTX Pro; original retained in source CSV,East
SWEQFKRF,3357,account,Account not assigned,Info,Retained,Retained open opportunity; account value remains null,East
LFPY1Z14,3359,product,Product-key mismatch,Low,Standardized,GTXPro mapped to GTX Pro; original retained in source CSV,West
HYSOZRCG,3361,account,Account not assigned,Info,Retained,Retained open opportunity; account value remains null,East
41RF80KQ,3362,account,Account not assigned,Info,Retained,Retained open opportunity; account value remains null,East
CYB0NUCJ,3363,account,Account not assigned,Info,Retained,Retained open opportunity; account value remains null,East
7SJD7M9K,3369,product,Product-key mismatch,Low,Standardized,GTXPro mapped to GTX Pro; original retained in source CSV,Central
PA55AGYL,3378,product,Product-key mismatch,Low,Standardized,GTXPro mapped to GTX Pro; original retained in source CSV,West
3IWUUUCN,3383,product,Product-key mismatch,Low,Standardized,GTXPro mapped to GTX Pro; original retained in source CSV,West
3IWUUUCN,3383,account,Account not assigned,Info,Retained,Retained open opportunity; account value remains null,West
KMGXUADZ,3385,product,Product-key mismatch,Low,Standardized,GTXPro mapped to GTX Pro; original retained in source CSV,Central
K7TV5UBZ,3386,account,Account not assigned,Info,Retained,Retained open opportunity; account value remains null,West
TDNJDFU6,3390,product,Product-key mismatch,Low,Standardized,GTXPro mapped to GTX Pro; original retained in source CSV,West
6BIZ2MB6,3393,account,Account not assigned,Info,Retained,Retained open opportunity; account value remains null,West
WGSS08LF,3395,product,Product-key mismatch,Low,Standardized,GTXPro mapped to GTX Pro; original retained in source CSV,Central
A3OROHUS,3407,product,Product-key mismatch,Low,Standardized,GTXPro mapped to GTX Pro; original retained in source CSV,Central
CXYWGOPF,3408,product,Product-key mismatch,Low,Standardized,GTXPro mapped to GTX Pro; original retained in source CSV,East
DLQTM07N,3409,product,Product-key mismatch,Low,Standardized,GTXPro mapped to GTX Pro; original retained in source CSV,Central
Y2EC6KYG,3410,account,Account not assigned,Info,Retained,Retained open opportunity; account value remains null,West
2PI827MA,3414,product,Product-key mismatch,Low,Standardized,GTXPro mapped to GTX Pro; original retained in source CSV,West
2PI827MA,3414,account,Account not assigned,Info,Retained,Retained open opportunity; account value remains null,West
21JDZDNJ,3417,product,Product-key mismatch,Low,Standardized,GTXPro mapped to GTX Pro; original retained in source CSV,West
PDXFONE0,3421,product,Product-key mismatch,Low,Standardized,GTXPro mapped to GTX Pro; original retained in source CSV,East
7AXR8U55,3428,account,Account not assigned,Info,Retained,Retained open opportunity; account value remains null,East
5975TDTI,3433,product,Product-key mismatch,Low,Standardized,GTXPro mapped to GTX Pro; original retained in source CSV,East
7X0T2QOL,3434,account,Account not assigned,Info,Retained,Retained open opportunity; account value remains null,West
7KKFQ7LX,3435,account,Account not assigned,Info,Retained,Retained open opportunity; account value remains null,West
3ATYY665,3437,product,Product-key mismatch,Low,Standardized,GTXPro mapped to GTX Pro; original retained in source CSV,West
GZU4ZSFE,3438,product,Product-key mismatch,Low,Standardized,GTXPro mapped to GTX Pro; original retained in source CSV,West
09RN3MHV,3448,product,Product-key mismatch,Low,Standardized,GTXPro mapped to GTX Pro; original retained in source CSV,West
G1L2YY5P,3451,account,Account not assigned,Info,Retained,Retained open opportunity; account value remains null,West
5OQELHMF,3456,product,Product-key mismatch,Low,Standardized,GTXPro mapped to GTX Pro; original retained in source CSV,East
DC2JL47C,3458,product,Product-key mismatch,Low,Standardized,GTXPro mapped to GTX Pro; original retained in source CSV,East
GMN9KQN2,3459,product,Product-key mismatch,Low,Standardized,GTXPro mapped to GTX Pro; original retained in source CSV,East
GMN9KQN2,3459,account,Account not assigned,Info,Retained,Retained open opportunity; account value remains null,East
L9WWFYQW,3460,product,Product-key mismatch,Low,Standardized,GTXPro mapped to GTX Pro; original retained in source CSV,Central
AR2T4LAR,3461,product,Product-key mismatch,Low,Standardized,GTXPro mapped to GTX Pro; original retained in source CSV,Central
JBCQ1ODR,3464,product,Product-key mismatch,Low,Standardized,GTXPro mapped to GTX Pro; original retained in source CSV,West
M26BSX5S,3465,product,Product-key mismatch,Low,Standardized,GTXPro mapped to GTX Pro; original retained in source CSV,Central
JP2EY6QU,3467,product,Product-key mismatch,Low,Standardized,GTXPro mapped to GTX Pro; original retained in source CSV,Central
48INT6OA,3468,product,Product-key mismatch,Low,Standardized,GTXPro mapped to GTX Pro; original retained in source CSV,Central
RTQVKK41,3478,product,Product-key mismatch,Low,Standardized,GTXPro mapped to GTX Pro; original retained in source CSV,West
9DEDEQ5O,3479,product,Product-key mismatch,Low,Standardized,GTXPro mapped to GTX Pro; original retained in source CSV,West
Z8JLMCOM,3480,product,Product-key mismatch,Low,Standardized,GTXPro mapped to GTX Pro; original retained in source CSV,West
VXTVHC1Z,3483,account,Account not assigned,Info,Retained,Retained open opportunity; account value remains null,East
56ZJUSNG,3485,product,Product-key mismatch,Low,Standardized,GTXPro mapped to GTX Pro; original retained in source CSV,East
Y92RU9V8,3486,product,Product-key mismatch,Low,Standardized,GTXPro mapped to GTX Pro; original retained in source CSV,East
BAN0BVHW,3489,product,Product-key mismatch,Low,Standardized,GTXPro mapped to GTX Pro; original retained in source CSV,East
GV9G96Z1,3490,product,Product-key mismatch,Low,Standardized,GTXPro mapped to GTX Pro; original retained in source CSV,East
OERROEPM,3493,account,Account not assigned,Info,Retained,Retained open opportunity; account value remains null,West
MWSPTOQK,3499,product,Product-key mismatch,Low,Standardized,GTXPro mapped to GTX Pro; original retained in source CSV,West
MWSPTOQK,3499,account,Account not assigned,Info,Retained,Retained open opportunity; account value remains null,West
RY6T3GLC,3504,product,Product-key mismatch,Low,Standardized,GTXPro mapped to GTX Pro; original retained in source CSV,East
LG8ZAMCB,3505,product,Product-key mismatch,Low,Standardized,GTXPro mapped to GTX Pro; original retained in source CSV,East
XJ8UTM6B,3506,product,Product-key mismatch,Low,Standardized,GTXPro mapped to GTX Pro; original retained in source CSV,East
CVGTFBZE,3507,product,Product-key mismatch,Low,Standardized,GTXPro mapped to GTX Pro; original retained in source CSV,Central
8G3HB5S6,3512,account,Account not assigned,Info,Retained,Retained open opportunity; account value remains null,West
Q808L4HZ,3514,product,Product-key mismatch,Low,Standardized,GTXPro mapped to GTX Pro; original retained in source CSV,West
EUYJDW9C,3517,product,Product-key mismatch,Low,Standardized,GTXPro mapped to GTX Pro; original retained in source CSV,West
EUYJDW9C,3517,account,Account not assigned,Info,Retained,Retained open opportunity; account value remains null,West
YRTI0EKE,3522,account,Account not assigned,Info,Retained,Retained open opportunity; account value remains null,West
UMXZFLO8,3526,product,Product-key mismatch,Low,Standardized,GTXPro mapped to GTX Pro; original retained in source CSV,West
UMXZFLO8,3526,account,Account not assigned,Info,Retained,Retained open opportunity; account value remains null,West
AAVJHH3M,3527,product,Product-key mismatch,Low,Standardized,GTXPro mapped to GTX Pro; original retained in source CSV,West
POLWB0UX,3529,product,Product-key mismatch,Low,Standardized,GTXPro mapped to GTX Pro; original retained in source CSV,East
LKMZWCKQ,3532,product,Product-key mismatch,Low,Standardized,GTXPro mapped to GTX Pro; original retained in source CSV,Central
QZLWUJEJ,3536,product,Product-key mismatch,Low,Standardized,GTXPro mapped to GTX Pro; original retained in source CSV,East
QNVW1NSS,3539,account,Account not assigned,Info,Retained,Retained open opportunity; account value remains null,East
42N0IWF8,3541,product,Product-key mismatch,Low,Standardized,GTXPro mapped to GTX Pro; original retained in source CSV,West
S1AU0IZX,3544,product,Product-key mismatch,Low,Standardized,GTXPro mapped to GTX Pro; original retained in source CSV,Central
HTBPSC2D,3554,account,Account not assigned,Info,Retained,Retained open opportunity; account value remains null,West
KYABDCKE,3558,product,Product-key mismatch,Low,Standardized,GTXPro mapped to GTX Pro; original retained in source CSV,West
SIBR2J01,3563,account,Account not assigned,Info,Retained,Retained open opportunity; account value remains null,West
C2MKJA8V,3572,product,Product-key mismatch,Low,Standardized,GTXPro mapped to GTX Pro; original retained in source CSV,West
UGTXH980,3580,product,Product-key mismatch,Low,Standardized,GTXPro mapped to GTX Pro; original retained in source CSV,East
UGTXH980,3580,account,Account not assigned,Info,Retained,Retained open opportunity; account value remains null,East
ZTVWSE98,3597,account,Account not assigned,Info,Retained,Retained open opportunity; account value remains null,West
4ZGA57SX,3598,product,Product-key mismatch,Low,Standardized,GTXPro mapped to GTX Pro; original retained in source CSV,East
SPV7OJTH,3604,account,Account not assigned,Info,Retained,Retained open opportunity; account value remains null,East
N7G1TU1X,3609,account,Account not assigned,Info,Retained,Retained open opportunity; account value remains null,West
L8NLCWFS,3615,product,Product-key mismatch,Low,Standardized,GTXPro mapped to GTX Pro; original retained in source CSV,West
98MASV7P,3621,product,Product-key mismatch,Low,Standardized,GTXPro mapped to GTX Pro; original retained in source CSV,East
CUV49MUR,3623,product,Product-key mismatch,Low,Standardized,GTXPro mapped to GTX Pro; original retained in source CSV,East
W1J3L0EU,3629,product,Product-key mismatch,Low,Standardized,GTXPro mapped to GTX Pro; original retained in source CSV,East
6OJAC85F,3631,product,Product-key mismatch,Low,Standardized,GTXPro mapped to GTX Pro; original retained in source CSV,Central
5PG1KSKD,3634,product,Product-key mismatch,Low,Standardized,GTXPro mapped to GTX Pro; original retained in source CSV,West
SFBHZLHK,3637,product,Product-key mismatch,Low,Standardized,GTXPro mapped to GTX Pro; original retained in source CSV,Central
7VMOJBPN,3638,product,Product-key mismatch,Low,Standardized,GTXPro mapped to GTX Pro; original retained in source CSV,West
JBY30BSR,3642,product,Product-key mismatch,Low,Standardized,GTXPro mapped to GTX Pro; original retained in source CSV,West
EPH7L4K0,3652,product,Product-key mismatch,Low,Standardized,GTXPro mapped to GTX Pro; original retained in source CSV,East
E884CL8B,3654,product,Product-key mismatch,Low,Standardized,GTXPro mapped to GTX Pro; original retained in source CSV,East
KVTBYOVD,3656,product,Product-key mismatch,Low,Standardized,GTXPro mapped to GTX Pro; original retained in source CSV,East
ZA6CBQAL,3657,product,Product-key mismatch,Low,Standardized,GTXPro mapped to GTX Pro; original retained in source CSV,East
F8QQEW1W,3662,account,Account not assigned,Info,Retained,Retained open opportunity; account value remains null,West
4LXUITP3,3664,account,Account not assigned,Info,Retained,Retained open opportunity; account value remains null,West
GXC8JN36,3665,product,Product-key mismatch,Low,Standardized,GTXPro mapped to GTX Pro; original retained in source CSV,West
GXC8JN36,3665,account,Account not assigned,Info,Retained,Retained open opportunity; account value remains null,West
VICY80KW,3678,product,Product-key mismatch,Low,Standardized,GTXPro mapped to GTX Pro; original retained in source CSV,East
1UHFKBP6,3680,product,Product-key mismatch,Low,Standardized,GTXPro mapped to GTX Pro; original retained in source CSV,Central
C7NW3JB2,3682,product,Product-key mismatch,Low,Standardized,GTXPro mapped to GTX Pro; original retained in source CSV,Central
SUABQAC0,3683,product,Product-key mismatch,Low,Standardized,GTXPro mapped to GTX Pro; original retained in source CSV,Central
6JWA8DFJ,3684,product,Product-key mismatch,Low,Standardized,GTXPro mapped to GTX Pro; original retained in source CSV,Central
PIFPDJMN,3690,account,Account not assigned,Info,Retained,Retained open opportunity; account value remains null,West
MASS6JEE,3691,product,Product-key mismatch,Low,Standardized,GTXPro mapped to GTX Pro; original retained in source CSV,West
AUEAKRQV,3693,product,Product-key mismatch,Low,Standardized,GTXPro mapped to GTX Pro; original retained in source CSV,Central
7J0ZLDB1,3707,account,Account not assigned,Info,Retained,Retained open opportunity; account value remains null,West
3F81XLI7,3711,product,Product-key mismatch,Low,Standardized,GTXPro mapped to GTX Pro; original retained in source CSV,East
UU0F81HS,3714,product,Product-key mismatch,Low,Standardized,GTXPro mapped to GTX Pro; original retained in source CSV,East
7UI7YX03,3716,product,Product-key mismatch,Low,Standardized,GTXPro mapped to GTX Pro; original retained in source CSV,West
FE2AE2YO,3728,product,Product-key mismatch,Low,Standardized,GTXPro mapped to GTX Pro; original retained in source CSV,East
XQY4Z4KI,3729,account,Account not assigned,Info,Retained,Retained open opportunity; account value remains null,East
9GYIYGHW,3731,account,Account not assigned,Info,Retained,Retained open opportunity; account value remains null,East
I967JINR,3733,product,Product-key mismatch,Low,Standardized,GTXPro mapped to GTX Pro; original retained in source CSV,East
RKVXBXBM,3743,account,Account not assigned,Info,Retained,Retained open opportunity; account value remains null,West
67CKCI5G,3747,product,Product-key mismatch,Low,Standardized,GTXPro mapped to GTX Pro; original retained in source CSV,East
C6TQMD3C,3749,account,Account not assigned,Info,Retained,Retained open opportunity; account value remains null,West
IQMW1VDP,3750,account,Account not assigned,Info,Retained,Retained open opportunity; account value remains null,East
G1AKE0NR,3752,product,Product-key mismatch,Low,Standardized,GTXPro mapped to GTX Pro; original retained in source CSV,West
G1AKE0NR,3752,account,Account not assigned,Info,Retained,Retained open opportunity; account value remains null,West
N8NQK8K7,3753,product,Product-key mismatch,Low,Standardized,GTXPro mapped to GTX Pro; original retained in source CSV,West
V93EX6XU,3754,product,Product-key mismatch,Low,Standardized,GTXPro mapped to GTX Pro; original retained in source CSV,West
UTJGDR3K,3760,product,Product-key mismatch,Low,Standardized,GTXPro mapped to GTX Pro; original retained in source CSV,Central
E0ITYYTG,3762,product,Product-key mismatch,Low,Standardized,GTXPro mapped to GTX Pro; original retained in source CSV,East
PGK5K24U,3763,product,Product-key mismatch,Low,Standardized,GTXPro mapped to GTX Pro; original retained in source CSV,East
7SPRU76Q,3773,product,Product-key mismatch,Low,Standardized,GTXPro mapped to GTX Pro; original retained in source CSV,West
RBB3C85Q,3776,product,Product-key mismatch,Low,Standardized,GTXPro mapped to GTX Pro; original retained in source CSV,Central
WFP9J5J7,3777,product,Product-key mismatch,Low,Standardized,GTXPro mapped to GTX Pro; original retained in source CSV,West
S2J63YRV,3779,account,Account not assigned,Info,Retained,Retained open opportunity; account value remains null,East
D17T8PTH,3782,account,Account not assigned,Info,Retained,Retained open opportunity; account value remains null,West
SY6BWRRO,3786,product,Product-key mismatch,Low,Standardized,GTXPro mapped to GTX Pro; original retained in source CSV,East
FHM7LYZ3,3788,account,Account not assigned,Info,Retained,Retained open opportunity; account value remains null,East
2F0RUQ0B,3792,product,Product-key mismatch,Low,Standardized,GTXPro mapped to GTX Pro; original retained in source CSV,East
MUIT1E0M,3795,product,Product-key mismatch,Low,Standardized,GTXPro mapped to GTX Pro; original retained in source CSV,West
D7XNUYJD,3796,product,Product-key mismatch,Low,Standardized,GTXPro mapped to GTX Pro; original retained in source CSV,West
V9FD3EYK,3802,product,Product-key mismatch,Low,Standardized,GTXPro mapped to GTX Pro; original retained in source CSV,East
LC2RIMSX,3819,product,Product-key mismatch,Low,Standardized,GTXPro mapped to GTX Pro; original retained in source CSV,West
RUAU1ORD,3823,account,Account not assigned,Info,Retained,Retained open opportunity; account value remains null,West
QYWZZ16B,3832,product,Product-key mismatch,Low,Standardized,GTXPro mapped to GTX Pro; original retained in source CSV,Central
477HSG28,3846,account,Account not assigned,Info,Retained,Retained open opportunity; account value remains null,West
NOBIC0PD,3847,product,Product-key mismatch,Low,Standardized,GTXPro mapped to GTX Pro; original retained in source CSV,East
YT34YUZN,3849,product,Product-key mismatch,Low,Standardized,GTXPro mapped to GTX Pro; original retained in source CSV,East
FU00L2Y2,3851,product,Product-key mismatch,Low,Standardized,GTXPro mapped to GTX Pro; original retained in source CSV,East
518D68L9,3852,product,Product-key mismatch,Low,Standardized,GTXPro mapped to GTX Pro; original retained in source CSV,East
MCA0202R,3858,account,Account not assigned,Info,Retained,Retained open opportunity; account value remains null,West
RUYLZD4O,3860,product,Product-key mismatch,Low,Standardized,GTXPro mapped to GTX Pro; original retained in source CSV,West
3X5BD9NU,3862,product,Product-key mismatch,Low,Standardized,GTXPro mapped to GTX Pro; original retained in source CSV,West
3A7G5K0E,3866,account,Account not assigned,Info,Retained,Retained open opportunity; account value remains null,West
WWCMITY9,3867,product,Product-key mismatch,Low,Standardized,GTXPro mapped to GTX Pro; original retained in source CSV,West
TNWCER5C,3868,account,Account not assigned,Info,Retained,Retained open opportunity; account value remains null,East
WTAM4BED,3878,account,Account not assigned,Info,Retained,Retained open opportunity; account value remains null,East
AIAX4W1O,3886,product,Product-key mismatch,Low,Standardized,GTXPro mapped to GTX Pro; original retained in source CSV,Central
7HSRDCCK,3892,account,Account not assigned,Info,Retained,Retained open opportunity; account value remains null,West
C7ODMOS2,3898,account,Account not assigned,Info,Retained,Retained open opportunity; account value remains null,West
JS5N8USN,3901,account,Account not assigned,Info,Retained,Retained open opportunity; account value remains null,East
3VC45PML,3908,account,Account not assigned,Info,Retained,Retained open opportunity; account value remains null,West
YX4E972E,3913,product,Product-key mismatch,Low,Standardized,GTXPro mapped to GTX Pro; original retained in source CSV,West
YY39ZQNV,3919,product,Product-key mismatch,Low,Standardized,GTXPro mapped to GTX Pro; original retained in source CSV,East
KIMW6PXN,3923,product,Product-key mismatch,Low,Standardized,GTXPro mapped to GTX Pro; original retained in source CSV,East
AKFNIQR0,3924,product,Product-key mismatch,Low,Standardized,GTXPro mapped to GTX Pro; original retained in source CSV,Central
ZU3GICE9,3933,account,Account not assigned,Info,Retained,Retained open opportunity; account value remains null,West
OXNWRI4I,3935,account,Account not assigned,Info,Retained,Retained open opportunity; account value remains null,West
HKV37WU9,3938,account,Account not assigned,Info,Retained,Retained open opportunity; account value remains null,West
YXXWQA4G,3942,account,Account not assigned,Info,Retained,Retained open opportunity; account value remains null,West
RLHNJZBW,3945,product,Product-key mismatch,Low,Standardized,GTXPro mapped to GTX Pro; original retained in source CSV,Central
GKHTT70P,3946,product,Product-key mismatch,Low,Standardized,GTXPro mapped to GTX Pro; original retained in source CSV,Central
WB44DF28,3951,product,Product-key mismatch,Low,Standardized,GTXPro mapped to GTX Pro; original retained in source CSV,East
52H2CE10,3953,product,Product-key mismatch,Low,Standardized,GTXPro mapped to GTX Pro; original retained in source CSV,West
PFKDTEYU,3959,product,Product-key mismatch,Low,Standardized,GTXPro mapped to GTX Pro; original retained in source CSV,East
3C5GNT3Q,3960,account,Account not assigned,Info,Retained,Retained open opportunity; account value remains null,West
0LRVHITK,3961,account,Account not assigned,Info,Retained,Retained open opportunity; account value remains null,East
LXGNXNX1,3964,product,Product-key mismatch,Low,Standardized,GTXPro mapped to GTX Pro; original retained in source CSV,East
2O76H591,3969,account,Account not assigned,Info,Retained,Retained open opportunity; account value remains null,West
KSOW4MUK,3971,account,Account not assigned,Info,Retained,Retained open opportunity; account value remains null,West
FHYD80FB,3972,product,Product-key mismatch,Low,Standardized,GTXPro mapped to GTX Pro; original retained in source CSV,West
FHYD80FB,3972,account,Account not assigned,Info,Retained,Retained open opportunity; account value remains null,West
1ORXGKVH,3973,product,Product-key mismatch,Low,Standardized,GTXPro mapped to GTX Pro; original retained in source CSV,West
XQ4FN1KA,3974,product,Product-key mismatch,Low,Standardized,GTXPro mapped to GTX Pro; original retained in source CSV,West
EGEJA2HY,3976,account,Account not assigned,Info,Retained,Retained open opportunity; account value remains null,West
TIPG6R0Z,3979,account,Account not assigned,Info,Retained,Retained open opportunity; account value remains null,West
HEWKNHTH,3985,account,Account not assigned,Info,Retained,Retained open opportunity; account value remains null,East
JRWBU9BS,3987,product,Product-key mismatch,Low,Standardized,GTXPro mapped to GTX Pro; original retained in source CSV,East
K6ZDH79M,3989,product,Product-key mismatch,Low,Standardized,GTXPro mapped to GTX Pro; original retained in source CSV,Central
BH7EXL5M,3992,product,Product-key mismatch,Low,Standardized,GTXPro mapped to GTX Pro; original retained in source CSV,Central
L58MN75X,3996,product,Product-key mismatch,Low,Standardized,GTXPro mapped to GTX Pro; original retained in source CSV,Central
XU836DFA,3998,account,Account not assigned,Info,Retained,Retained open opportunity; account value remains null,West
P8LGQH9G,4003,product,Product-key mismatch,Low,Standardized,GTXPro mapped to GTX Pro; original retained in source CSV,Central
961ED0B1,4009,account,Account not assigned,Info,Retained,Retained open opportunity; account value remains null,East
8MKXIQQK,4011,product,Product-key mismatch,Low,Standardized,GTXPro mapped to GTX Pro; original retained in source CSV,East
NDMY5PPT,4012,product,Product-key mismatch,Low,Standardized,GTXPro mapped to GTX Pro; original retained in source CSV,Central
E4H6CBPJ,4013,product,Product-key mismatch,Low,Standardized,GTXPro mapped to GTX Pro; original retained in source CSV,Central
1FAMR9UR,4014,product,Product-key mismatch,Low,Standardized,GTXPro mapped to GTX Pro; original retained in source CSV,Central
SYJKN818,4015,product,Product-key mismatch,Low,Standardized,GTXPro mapped to GTX Pro; original retained in source CSV,Central
LLQCQOCR,4022,account,Account not assigned,Info,Retained,Retained open opportunity; account value remains null,West
WSG25BZ9,4023,product,Product-key mismatch,Low,Standardized,GTXPro mapped to GTX Pro; original retained in source CSV,West
54OH0061,4026,product,Product-key mismatch,Low,Standardized,GTXPro mapped to GTX Pro; original retained in source CSV,West
54OH0061,4026,account,Account not assigned,Info,Retained,Retained open opportunity; account value remains null,West
TJEEFJG8,4034,product,Product-key mismatch,Low,Standardized,GTXPro mapped to GTX Pro; original retained in source CSV,East
PCVNB0NO,4037,account,Account not assigned,Info,Retained,Retained open opportunity; account value remains null,West
RQXFD7FW,4039,product,Product-key mismatch,Low,Standardized,GTXPro mapped to GTX Pro; original retained in source CSV,West
REVQ7DSW,4042,product,Product-key mismatch,Low,Standardized,GTXPro mapped to GTX Pro; original retained in source CSV,East
AQ3HBL9S,4045,product,Product-key mismatch,Low,Standardized,GTXPro mapped to GTX Pro; original retained in source CSV,East
Q5R1PYJS,4047,product,Product-key mismatch,Low,Standardized,GTXPro mapped to GTX Pro; original retained in source CSV,Central
RUFJMV3I,4051,account,Account not assigned,Info,Retained,Retained open opportunity; account value remains null,West
KDPBAHOJ,4053,account,Account not assigned,Info,Retained,Retained open opportunity; account value remains null,West
96798U7Y,4059,product,Product-key mismatch,Low,Standardized,GTXPro mapped to GTX Pro; original retained in source CSV,East
96798U7Y,4059,account,Account not assigned,Info,Retained,Retained open opportunity; account value remains null,East
O22J2QPD,4060,product,Product-key mismatch,Low,Standardized,GTXPro mapped to GTX Pro; original retained in source CSV,East
B6Z5NFV0,4067,account,Account not assigned,Info,Retained,Retained open opportunity; account value remains null,East
VH6OFWCV,4069,account,Account not assigned,Info,Retained,Retained open opportunity; account value remains null,West
BJO4VYLK,4076,product,Product-key mismatch,Low,Standardized,GTXPro mapped to GTX Pro; original retained in source CSV,East
BJO4VYLK,4076,account,Account not assigned,Info,Retained,Retained open opportunity; account value remains null,East
AFQG21L7,4077,product,Product-key mismatch,Low,Standardized,GTXPro mapped to GTX Pro; original retained in source CSV,Central
RQJKAR7E,4078,product,Product-key mismatch,Low,Standardized,GTXPro mapped to GTX Pro; original retained in source CSV,Central
6BV9IARK,4079,product,Product-key mismatch,Low,Standardized,GTXPro mapped to GTX Pro; original retained in source CSV,Central
3F5AAJZB,4081,product,Product-key mismatch,Low,Standardized,GTXPro mapped to GTX Pro; original retained in source CSV,East
14CNQKX8,4085,product,Product-key mismatch,Low,Standardized,GTXPro mapped to GTX Pro; original retained in source CSV,West
14CNQKX8,4085,account,Account not assigned,Info,Retained,Retained open opportunity; account value remains null,West
VHZFABAC,4097,account,Account not assigned,Info,Retained,Retained open opportunity; account value remains null,East
UZOTC90C,4109,product,Product-key mismatch,Low,Standardized,GTXPro mapped to GTX Pro; original retained in source CSV,East
10THTNLC,4112,account,Account not assigned,Info,Retained,Retained open opportunity; account value remains null,West
RJD0D0GD,4113,product,Product-key mismatch,Low,Standardized,GTXPro mapped to GTX Pro; original retained in source CSV,West
L9IXFTIL,4114,product,Product-key mismatch,Low,Standardized,GTXPro mapped to GTX Pro; original retained in source CSV,East
QU6CFZ22,4115,account,Account not assigned,Info,Retained,Retained open opportunity; account value remains null,East
FKNT3I12,4119,product,Product-key mismatch,Low,Standardized,GTXPro mapped to GTX Pro; original retained in source CSV,East
RQ3BV2I5,4123,product,Product-key mismatch,Low,Standardized,GTXPro mapped to GTX Pro; original retained in source CSV,East
W8CSV90F,4124,product,Product-key mismatch,Low,Standardized,GTXPro mapped to GTX Pro; original retained in source CSV,Central
QPZFP9WT,4128,product,Product-key mismatch,Low,Standardized,GTXPro mapped to GTX Pro; original retained in source CSV,West
LXWQDEU3,4134,product,Product-key mismatch,Low,Standardized,GTXPro mapped to GTX Pro; original retained in source CSV,East
GID40O2B,4139,product,Product-key mismatch,Low,Standardized,GTXPro mapped to GTX Pro; original retained in source CSV,West
O9WYT5ST,4143,product,Product-key mismatch,Low,Standardized,GTXPro mapped to GTX Pro; original retained in source CSV,West
EBLSL27F,4146,account,Account not assigned,Info,Retained,Retained open opportunity; account value remains null,East
13FIM9V3,4147,product,Product-key mismatch,Low,Standardized,GTXPro mapped to GTX Pro; original retained in source CSV,East
13FIM9V3,4147,account,Account not assigned,Info,Retained,Retained open opportunity; account value remains null,East
PYIQ65W0,4150,product,Product-key mismatch,Low,Standardized,GTXPro mapped to GTX Pro; original retained in source CSV,East
74KGIZW4,4153,product,Product-key mismatch,Low,Standardized,GTXPro mapped to GTX Pro; original retained in source CSV,West
HSYU33MS,4161,account,Account not assigned,Info,Retained,Retained open opportunity; account value remains null,West
Z6R4KJFU,4167,product,Product-key mismatch,Low,Standardized,GTXPro mapped to GTX Pro; original retained in source CSV,East
Z6R4KJFU,4167,account,Account not assigned,Info,Retained,Retained open opportunity; account value remains null,East
NZB45UZX,4170,product,Product-key mismatch,Low,Standardized,GTXPro mapped to GTX Pro; original retained in source CSV,Central
788SW6EX,4174,product,Product-key mismatch,Low,Standardized,GTXPro mapped to GTX Pro; original retained in source CSV,East
00ZD3M4J,4191,product,Product-key mismatch,Low,Standardized,GTXPro mapped to GTX Pro; original retained in source CSV,East
24REVMX7,4192,account,Account not assigned,Info,Retained,Retained open opportunity; account value remains null,West
2FNTCPOU,4195,account,Account not assigned,Info,Retained,Retained open opportunity; account value remains null,West
A8QRKXG3,4196,product,Product-key mismatch,Low,Standardized,GTXPro mapped to GTX Pro; original retained in source CSV,West
A8QRKXG3,4196,account,Account not assigned,Info,Retained,Retained open opportunity; account value remains null,West
S2SC8AP7,4201,account,Account not assigned,Info,Retained,Retained open opportunity; account value remains null,East
ZT52DT8H,4210,account,Account not assigned,Info,Retained,Retained open opportunity; account value remains null,East
YQ6VELF1,4212,product,Product-key mismatch,Low,Standardized,GTXPro mapped to GTX Pro; original retained in source CSV,Central
8U7LNL7U,4217,product,Product-key mismatch,Low,Standardized,GTXPro mapped to GTX Pro; original retained in source CSV,East
AIN2RE2H,4219,product,Product-key mismatch,Low,Standardized,GTXPro mapped to GTX Pro; original retained in source CSV,West
G1303HIC,4220,product,Product-key mismatch,Low,Standardized,GTXPro mapped to GTX Pro; original retained in source CSV,Central
2RB900SL,4222,product,Product-key mismatch,Low,Standardized,GTXPro mapped to GTX Pro; original retained in source CSV,West
ND0OV6MQ,4224,account,Account not assigned,Info,Retained,Retained open opportunity; account value remains null,West
23NAJF9W,4234,product,Product-key mismatch,Low,Standardized,GTXPro mapped to GTX Pro; original retained in source CSV,West
3BEPEWRS,4237,product,Product-key mismatch,Low,Standardized,GTXPro mapped to GTX Pro; original retained in source CSV,East
HTF7TYQS,4240,product,Product-key mismatch,Low,Standardized,GTXPro mapped to GTX Pro; original retained in source CSV,East
HTF7TYQS,4240,account,Account not assigned,Info,Retained,Retained open opportunity; account value remains null,East
6CFONO4W,4243,product,Product-key mismatch,Low,Standardized,GTXPro mapped to GTX Pro; original retained in source CSV,Central
7GM1XD9W,4248,product,Product-key mismatch,Low,Standardized,GTXPro mapped to GTX Pro; original retained in source CSV,West
L582YMSV,4250,product,Product-key mismatch,Low,Standardized,GTXPro mapped to GTX Pro; original retained in source CSV,West
DZR5L7XQ,4252,product,Product-key mismatch,Low,Standardized,GTXPro mapped to GTX Pro; original retained in source CSV,West
KWYKKVJC,4258,product,Product-key mismatch,Low,Standardized,GTXPro mapped to GTX Pro; original retained in source CSV,East
R443AUAG,4263,product,Product-key mismatch,Low,Standardized,GTXPro mapped to GTX Pro; original retained in source CSV,East
R443AUAG,4263,account,Account not assigned,Info,Retained,Retained open opportunity; account value remains null,East
HBMOSBAK,4268,product,Product-key mismatch,Low,Standardized,GTXPro mapped to GTX Pro; original retained in source CSV,East
V0V6O05H,4269,product,Product-key mismatch,Low,Standardized,GTXPro mapped to GTX Pro; original retained in source CSV,Central
3DY60YA7,4270,product,Product-key mismatch,Low,Standardized,GTXPro mapped to GTX Pro; original retained in source CSV,Central
8H19L55Y,4271,product,Product-key mismatch,Low,Standardized,GTXPro mapped to GTX Pro; original retained in source CSV,Central
TFQR150O,4273,product,Product-key mismatch,Low,Standardized,GTXPro mapped to GTX Pro; original retained in source CSV,East
L45N3D2E,4279,product,Product-key mismatch,Low,Standardized,GTXPro mapped to GTX Pro; original retained in source CSV,West
C9M5B1N6,4286,product,Product-key mismatch,Low,Standardized,GTXPro mapped to GTX Pro; original retained in source CSV,West
V71FMJBD,4291,account,Account not assigned,Info,Retained,Retained open opportunity; account value remains null,East
8FX574BJ,4294,product,Product-key mismatch,Low,Standardized,GTXPro mapped to GTX Pro; original retained in source CSV,West
ZD1X3R4G,4300,account,Account not assigned,Info,Retained,Retained open opportunity; account value remains null,East
SNGS64S7,4301,product,Product-key mismatch,Low,Standardized,GTXPro mapped to GTX Pro; original retained in source CSV,Central
CMCVD0N8,4302,product,Product-key mismatch,Low,Standardized,GTXPro mapped to GTX Pro; original retained in source CSV,Central
EMUG64GW,4311,account,Account not assigned,Info,Retained,Retained open opportunity; account value remains null,West
XYRO1TLJ,4315,product,Product-key mismatch,Low,Standardized,GTXPro mapped to GTX Pro; original retained in source CSV,West
XYRO1TLJ,4315,account,Account not assigned,Info,Retained,Retained open opportunity; account value remains null,West
8IYVJKT4,4319,product,Product-key mismatch,Low,Standardized,GTXPro mapped to GTX Pro; original retained in source CSV,West
JT1UUOXN,4321,product,Product-key mismatch,Low,Standardized,GTXPro mapped to GTX Pro; original retained in source CSV,Central
QU7MSL36,4323,product,Product-key mismatch,Low,Standardized,GTXPro mapped to GTX Pro; original retained in source CSV,East
FEGSJ8QI,4324,product,Product-key mismatch,Low,Standardized,GTXPro mapped to GTX Pro; original retained in source CSV,West
T4FR3FAC,4327,account,Account not assigned,Info,Retained,Retained open opportunity; account value remains null,West
ZZCKQ2JV,4329,product,Product-key mismatch,Low,Standardized,GTXPro mapped to GTX Pro; original retained in source CSV,West
9824T94P,4331,product,Product-key mismatch,Low,Standardized,GTXPro mapped to GTX Pro; original retained in source CSV,East
BMH2FEGF,4336,account,Account not assigned,Info,Retained,Retained open opportunity; account value remains null,East
2CZVRGQ4,4345,product,Product-key mismatch,Low,Standardized,GTXPro mapped to GTX Pro; original retained in source CSV,Central
3T23AW36,4348,account,Account not assigned,Info,Retained,Retained open opportunity; account value remains null,West
G3DIX74Y,4349,product,Product-key mismatch,Low,Standardized,GTXPro mapped to GTX Pro; original retained in source CSV,West
ON9H54WD,4355,product,Product-key mismatch,Low,Standardized,GTXPro mapped to GTX Pro; original retained in source CSV,Central
FOJG3OCO,4369,account,Account not assigned,Info,Retained,Retained open opportunity; account value remains null,East
04SCU6DK,4370,account,Account not assigned,Info,Retained,Retained open opportunity; account value remains null,East
9N66Q1VO,4372,product,Product-key mismatch,Low,Standardized,GTXPro mapped to GTX Pro; original retained in source CSV,Central
AR33M33M,4377,account,Account not assigned,Info,Retained,Retained open opportunity; account value remains null,West
VSYO182N,4382,product,Product-key mismatch,Low,Standardized,GTXPro mapped to GTX Pro; original retained in source CSV,West
SNY2UWJ2,4388,product,Product-key mismatch,Low,Standardized,GTXPro mapped to GTX Pro; original retained in source CSV,West
B6F9PSRN,4395,product,Product-key mismatch,Low,Standardized,GTXPro mapped to GTX Pro; original retained in source CSV,West
FCWU08BA,4398,product,Product-key mismatch,Low,Standardized,GTXPro mapped to GTX Pro; original retained in source CSV,East
AX63HIS9,4399,product,Product-key mismatch,Low,Standardized,GTXPro mapped to GTX Pro; original retained in source CSV,East
BCA6Y34B,4400,account,Account not assigned,Info,Retained,Retained open opportunity; account value remains null,East
H9N9DP3D,4402,account,Account not assigned,Info,Retained,Retained open opportunity; account value remains null,West
WQAKXOYU,4409,product,Product-key mismatch,Low,Standardized,GTXPro mapped to GTX Pro; original retained in source CSV,East
WQAKXOYU,4409,account,Account not assigned,Info,Retained,Retained open opportunity; account value remains null,East
HAUB1NBF,4414,product,Product-key mismatch,Low,Standardized,GTXPro mapped to GTX Pro; original retained in source CSV,East
HAUB1NBF,4414,account,Account not assigned,Info,Retained,Retained open opportunity; account value remains null,East
5AU1SJA7,4415,product,Product-key mismatch,Low,Standardized,GTXPro mapped to GTX Pro; original retained in source CSV,East
HLDA8IA1,4419,account,Account not assigned,Info,Retained,Retained open opportunity; account value remains null,West
4EGO7VCJ,4424,product,Product-key mismatch,Low,Standardized,GTXPro mapped to GTX Pro; original retained in source CSV,West
4EGO7VCJ,4424,account,Account not assigned,Info,Retained,Retained open opportunity; account value remains null,West
AJQC76NI,4435,product,Product-key mismatch,Low,Standardized,GTXPro mapped to GTX Pro; original retained in source CSV,West
PH5GSB37,4436,product,Product-key mismatch,Low,Standardized,GTXPro mapped to GTX Pro; original retained in source CSV,East
8RE1600O,4439,product,Product-key mismatch,Low,Standardized,GTXPro mapped to GTX Pro; original retained in source CSV,Central
35LLMROC,4452,account,Account not assigned,Info,Retained,Retained open opportunity; account value remains null,West
MN8UHP5B,4455,product,Product-key mismatch,Low,Standardized,GTXPro mapped to GTX Pro; original retained in source CSV,West
CI00UV0Y,4473,product,Product-key mismatch,Low,Standardized,GTXPro mapped to GTX Pro; original retained in source CSV,Central
4R0TB2CL,4477,product,Product-key mismatch,Low,Standardized,GTXPro mapped to GTX Pro; original retained in source CSV,East
R162LSFR,4479,product,Product-key mismatch,Low,Standardized,GTXPro mapped to GTX Pro; original retained in source CSV,West
W07RZO17,4480,account,Account not assigned,Info,Retained,Retained open opportunity; account value remains null,West
UGB3A3CE,4484,account,Account not assigned,Info,Retained,Retained open opportunity; account value remains null,West
8Z1SIQSI,4495,product,Product-key mismatch,Low,Standardized,GTXPro mapped to GTX Pro; original retained in source CSV,West
AWORM94L,4498,account,Account not assigned,Info,Retained,Retained open opportunity; account value remains null,East
J3N73B00,4505,product,Product-key mismatch,Low,Standardized,GTXPro mapped to GTX Pro; original retained in source CSV,Central
VMI5QYS3,4507,product,Product-key mismatch,Low,Standardized,GTXPro mapped to GTX Pro; original retained in source CSV,East
09W047QT,4508,product,Product-key mismatch,Low,Standardized,GTXPro mapped to GTX Pro; original retained in source CSV,East
JAMW5SWB,4510,product,Product-key mismatch,Low,Standardized,GTXPro mapped to GTX Pro; original retained in source CSV,West
GVCWDG9Y,4512,product,Product-key mismatch,Low,Standardized,GTXPro mapped to GTX Pro; original retained in source CSV,Central
SXYJU7LC,4513,account,Account not assigned,Info,Retained,Retained open opportunity; account value remains null,West
58TUIJ6D,4528,product,Product-key mismatch,Low,Standardized,GTXPro mapped to GTX Pro; original retained in source CSV,West
BRFZCNMP,4535,account,Account not assigned,Info,Retained,Retained open opportunity; account value remains null,East
R8X2RVQ2,4536,product,Product-key mismatch,Low,Standardized,GTXPro mapped to GTX Pro; original retained in source CSV,East
E2KGQVEO,4537,account,Account not assigned,Info,Retained,Retained open opportunity; account value remains null,East
JB4MECWM,4539,product,Product-key mismatch,Low,Standardized,GTXPro mapped to GTX Pro; original retained in source CSV,East
CDGA1SD7,4540,product,Product-key mismatch,Low,Standardized,GTXPro mapped to GTX Pro; original retained in source CSV,Central
SBILEY2W,4541,product,Product-key mismatch,Low,Standardized,GTXPro mapped to GTX Pro; original retained in source CSV,Central
937CNF5D,4543,product,Product-key mismatch,Low,Standardized,GTXPro mapped to GTX Pro; original retained in source CSV,East
A0IS9TWV,4546,product,Product-key mismatch,Low,Standardized,GTXPro mapped to GTX Pro; original retained in source CSV,West
E7TDBIDS,4547,product,Product-key mismatch,Low,Standardized,GTXPro mapped to GTX Pro; original retained in source CSV,West
81PWOUF0,4550,product,Product-key mismatch,Low,Standardized,GTXPro mapped to GTX Pro; original retained in source CSV,West
81PWOUF0,4550,account,Account not assigned,Info,Retained,Retained open opportunity; account value remains null,West
CFI2GXN1,4561,product,Product-key mismatch,Low,Standardized,GTXPro mapped to GTX Pro; original retained in source CSV,East
CFI2GXN1,4561,account,Account not assigned,Info,Retained,Retained open opportunity; account value remains null,East
FIQIRK37,4571,product,Product-key mismatch,Low,Standardized,GTXPro mapped to GTX Pro; original retained in source CSV,East
PU2UJDTV,4581,product,Product-key mismatch,Low,Standardized,GTXPro mapped to GTX Pro; original retained in source CSV,West
YYTZSTL0,4587,account,Account not assigned,Info,Retained,Retained open opportunity; account value remains null,East
ORM1IRQ2,4590,account,Account not assigned,Info,Retained,Retained open opportunity; account value remains null,East
BOG3D6D7,4599,product,Product-key mismatch,Low,Standardized,GTXPro mapped to GTX Pro; original retained in source CSV,East
MAVEITJH,4604,product,Product-key mismatch,Low,Standardized,GTXPro mapped to GTX Pro; original retained in source CSV,West
QKXCMJVB,4606,account,Account not assigned,Info,Retained,Retained open opportunity; account value remains null,West
SHS9HQX4,4614,product,Product-key mismatch,Low,Standardized,GTXPro mapped to GTX Pro; original retained in source CSV,West
JYEQFGS5,4615,product,Product-key mismatch,Low,Standardized,GTXPro mapped to GTX Pro; original retained in source CSV,East
S9DVJGUO,4616,product,Product-key mismatch,Low,Standardized,GTXPro mapped to GTX Pro; original retained in source CSV,East
0D37PQA0,4620,account,Account not assigned,Info,Retained,Retained open opportunity; account value remains null,East
6Z1XK6YR,4627,product,Product-key mismatch,Low,Standardized,GTXPro mapped to GTX Pro; original retained in source CSV,West
NK1B8YME,4631,account,Account not assigned,Info,Retained,Retained open opportunity; account value remains null,East
OT26ZUZ7,4636,product,Product-key mismatch,Low,Standardized,GTXPro mapped to GTX Pro; original retained in source CSV,East
HI9S2MRZ,4641,account,Account not assigned,Info,Retained,Retained open opportunity; account value remains null,West
XTAPYDDI,4644,product,Product-key mismatch,Low,Standardized,GTXPro mapped to GTX Pro; original retained in source CSV,Central
6AO6E15O,4654,product,Product-key mismatch,Low,Standardized,GTXPro mapped to GTX Pro; original retained in source CSV,West
OW9OM3UO,4655,account,Account not assigned,Info,Retained,Retained open opportunity; account value remains null,West
CQYAMIQ3,4657,product,Product-key mismatch,Low,Standardized,GTXPro mapped to GTX Pro; original retained in source CSV,West
CQYAMIQ3,4657,account,Account not assigned,Info,Retained,Retained open opportunity; account value remains null,West
QAB3H9H5,4665,product,Product-key mismatch,Low,Standardized,GTXPro mapped to GTX Pro; original retained in source CSV,Central
9B9VDAFU,4666,product,Product-key mismatch,Low,Standardized,GTXPro mapped to GTX Pro; original retained in source CSV,Central
Z9DK5289,4671,product,Product-key mismatch,Low,Standardized,GTXPro mapped to GTX Pro; original retained in source CSV,West
TPP1IGKV,4675,product,Product-key mismatch,Low,Standardized,GTXPro mapped to GTX Pro; original retained in source CSV,West
QV3TAWDT,4682,product,Product-key mismatch,Low,Standardized,GTXPro mapped to GTX Pro; original retained in source CSV,East
QV3TAWDT,4682,account,Account not assigned,Info,Retained,Retained open opportunity; account value remains null,East
OTNZ5ZCN,4683,product,Product-key mismatch,Low,Standardized,GTXPro mapped to GTX Pro; original retained in source CSV,West
USJWM3F3,4684,account,Account not assigned,Info,Retained,Retained open opportunity; account value remains null,East
0T9KUEQ2,4687,account,Account not assigned,Info,Retained,Retained open opportunity; account value remains null,East
SF3KBDJF,4691,product,Product-key mismatch,Low,Standardized,GTXPro mapped to GTX Pro; original retained in source CSV,East
IIVNXACR,4694,product,Product-key mismatch,Low,Standardized,GTXPro mapped to GTX Pro; original retained in source CSV,Central
OWBGBQ4G,4695,product,Product-key mismatch,Low,Standardized,GTXPro mapped to GTX Pro; original retained in source CSV,Central
JB3J080M,4704,account,Account not assigned,Info,Retained,Retained open opportunity; account value remains null,West
Z3TX2K6F,4708,product,Product-key mismatch,Low,Standardized,GTXPro mapped to GTX Pro; original retained in source CSV,West
21OMR381,4720,account,Account not assigned,Info,Retained,Retained open opportunity; account value remains null,East
T51ULXCZ,4722,product,Product-key mismatch,Low,Standardized,GTXPro mapped to GTX Pro; original retained in source CSV,Central
0PH153YF,4726,product,Product-key mismatch,Low,Standardized,GTXPro mapped to GTX Pro; original retained in source CSV,Central
SQWCQRGY,4735,product,Product-key mismatch,Low,Standardized,GTXPro mapped to GTX Pro; original retained in source CSV,East
R0XNAFUB,4737,account,Account not assigned,Info,Retained,Retained open opportunity; account value remains null,West
100W6J9A,4739,product,Product-key mismatch,Low,Standardized,GTXPro mapped to GTX Pro; original retained in source CSV,Central
YYRYSVOO,4740,product,Product-key mismatch,Low,Standardized,GTXPro mapped to GTX Pro; original retained in source CSV,Central
GC1TSADL,4742,product,Product-key mismatch,Low,Standardized,GTXPro mapped to GTX Pro; original retained in source CSV,West
P89VI9EN,4754,product,Product-key mismatch,Low,Standardized,GTXPro mapped to GTX Pro; original retained in source CSV,East
4LOHS2AJ,4755,account,Account not assigned,Info,Retained,Retained open opportunity; account value remains null,East
8EF4D82U,4760,product,Product-key mismatch,Low,Standardized,GTXPro mapped to GTX Pro; original retained in source CSV,East
6GKGGY0U,4771,product,Product-key mismatch,Low,Standardized,GTXPro mapped to GTX Pro; original retained in source CSV,West
8JH8YA79,4773,account,Account not assigned,Info,Retained,Retained open opportunity; account value remains null,West
Z9KNL9A1,4777,product,Product-key mismatch,Low,Standardized,GTXPro mapped to GTX Pro; original retained in source CSV,West
8BYEALF9,4786,account,Account not assigned,Info,Retained,Retained open opportunity; account value remains null,West
YVDQ80A0,4802,account,Account not assigned,Info,Retained,Retained open opportunity; account value remains null,West
CI9S6CST,4806,account,Account not assigned,Info,Retained,Retained open opportunity; account value remains null,West
M1VNX1D7,4817,product,Product-key mismatch,Low,Standardized,GTXPro mapped to GTX Pro; original retained in source CSV,East
GS2CLR52,4823,product,Product-key mismatch,Low,Standardized,GTXPro mapped to GTX Pro; original retained in source CSV,Central
M2A8EY5Q,4827,account,Account not assigned,Info,Retained,Retained open opportunity; account value remains null,West
ZOX0FW5W,4830,product,Product-key mismatch,Low,Standardized,GTXPro mapped to GTX Pro; original retained in source CSV,West
1N3G9WG2,4836,product,Product-key mismatch,Low,Standardized,GTXPro mapped to GTX Pro; original retained in source CSV,West
EJDRMHNC,4845,account,Account not assigned,Info,Retained,Retained open opportunity; account value remains null,East
O8C2G4G2,4846,account,Account not assigned,Info,Retained,Retained open opportunity; account value remains null,East
1DIL2X16,4853,product,Product-key mismatch,Low,Standardized,GTXPro mapped to GTX Pro; original retained in source CSV,Central
CYOJ4G39,4855,product,Product-key mismatch,Low,Standardized,GTXPro mapped to GTX Pro; original retained in source CSV,Central
HBN3R2TJ,4857,account,Account not assigned,Info,Retained,Retained open opportunity; account value remains null,West
NYPU55W4,4861,product,Product-key mismatch,Low,Standardized,GTXPro mapped to GTX Pro; original retained in source CSV,West
6T64JWH9,4873,product,Product-key mismatch,Low,Standardized,GTXPro mapped to GTX Pro; original retained in source CSV,West
I9U5PCM3,4875,product,Product-key mismatch,Low,Standardized,GTXPro mapped to GTX Pro; original retained in source CSV,East
H1Y2W48V,4876,product,Product-key mismatch,Low,Standardized,GTXPro mapped to GTX Pro; original retained in source CSV,West
1RL933VJ,4880,product,Product-key mismatch,Low,Standardized,GTXPro mapped to GTX Pro; original retained in source CSV,West
7ITUU2YO,4883,product,Product-key mismatch,Low,Standardized,GTXPro mapped to GTX Pro; original retained in source CSV,West
HCR2GJ3O,4887,product,Product-key mismatch,Low,Standardized,GTXPro mapped to GTX Pro; original retained in source CSV,West
GUJCRHYU,4889,product,Product-key mismatch,Low,Standardized,GTXPro mapped to GTX Pro; original retained in source CSV,West
O28I4VDY,4892,account,Account not assigned,Info,Retained,Retained open opportunity; account value remains null,East
715TBGPE,4894,product,Product-key mismatch,Low,Standardized,GTXPro mapped to GTX Pro; original retained in source CSV,Central
XRWMLGOG,4905,account,Account not assigned,Info,Retained,Retained open opportunity; account value remains null,West
MIXJ9F4F,4908,account,Account not assigned,Info,Retained,Retained open opportunity; account value remains null,West
39EYEBMK,4916,account,Account not assigned,Info,Retained,Retained open opportunity; account value remains null,East
HT8UEA0H,4919,product,Product-key mismatch,Low,Standardized,GTXPro mapped to GTX Pro; original retained in source CSV,West
GR6C7GQ9,4920,product,Product-key mismatch,Low,Standardized,GTXPro mapped to GTX Pro; original retained in source CSV,West
LAYVBSH4,4921,account,Account not assigned,Info,Retained,Retained open opportunity; account value remains null,Central
8D8JOXP6,4927,account,Account not assigned,Info,Retained,Retained open opportunity; account value remains null,Central
IPHP2GVT,4928,account,Account not assigned,Info,Retained,Retained open opportunity; account value remains null,Central
X8M3SCVF,4931,account,Account not assigned,Info,Retained,Retained open opportunity; account value remains null,Central
NU4ACGMY,4933,product,Product-key mismatch,Low,Standardized,GTXPro mapped to GTX Pro; original retained in source CSV,Central
NU4ACGMY,4933,account,Account not assigned,Info,Retained,Retained open opportunity; account value remains null,Central
EBVL81O5,4934,product,Product-key mismatch,Low,Standardized,GTXPro mapped to GTX Pro; original retained in source CSV,Central
XV03TJV1,4936,product,Product-key mismatch,Low,Standardized,GTXPro mapped to GTX Pro; original retained in source CSV,Central
CCLIVXMG,4937,product,Product-key mismatch,Low,Standardized,GTXPro mapped to GTX Pro; original retained in source CSV,West
CCLIVXMG,4937,account,Account not assigned,Info,Retained,Retained open opportunity; account value remains null,West
PQOHTS9I,4945,product,Product-key mismatch,Low,Standardized,GTXPro mapped to GTX Pro; original retained in source CSV,Central
HIVUC1C4,4951,account,Account not assigned,Info,Retained,Retained open opportunity; account value remains null,Central
XBO6IN0E,4957,product,Product-key mismatch,Low,Standardized,GTXPro mapped to GTX Pro; original retained in source CSV,West
7LD79NYD,4960,account,Account not assigned,Info,Retained,Retained open opportunity; account value remains null,Central
BKOWQMMV,4963,account,Account not assigned,Info,Retained,Retained open opportunity; account value remains null,Central
IQFDPIND,4967,account,Account not assigned,Info,Retained,Retained open opportunity; account value remains null,Central
JHCA115A,4971,product,Product-key mismatch,Low,Standardized,GTXPro mapped to GTX Pro; original retained in source CSV,West
ZGFB0IF1,4973,account,Account not assigned,Info,Retained,Retained open opportunity; account value remains null,Central
1R2CLEGQ,4977,account,Account not assigned,Info,Retained,Retained open opportunity; account value remains null,Central
4IVW7F68,4984,product,Product-key mismatch,Low,Standardized,GTXPro mapped to GTX Pro; original retained in source CSV,East
NSO0UHK1,4985,account,Account not assigned,Info,Retained,Retained open opportunity; account value remains null,East
LHBWJAD3,4987,account,Account not assigned,Info,Retained,Retained open opportunity; account value remains null,Central
KRWKDPWW,4988,account,Account not assigned,Info,Retained,Retained open opportunity; account value remains null,Central
6V7FT2YU,4989,product,Product-key mismatch,Low,Standardized,GTXPro mapped to GTX Pro; original retained in source CSV,Central
6V7FT2YU,4989,account,Account not assigned,Info,Retained,Retained open opportunity; account value remains null,Central
3V7Q3G52,4990,product,Product-key mismatch,Low,Standardized,GTXPro mapped to GTX Pro; original retained in source CSV,Central
4U3OSLNM,4991,product,Product-key mismatch,Low,Standardized,GTXPro mapped to GTX Pro; original retained in source CSV,Central
LX4D50OF,4992,product,Product-key mismatch,Low,Standardized,GTXPro mapped to GTX Pro; original retained in source CSV,Central
CWBHL1S7,4993,product,Product-key mismatch,Low,Standardized,GTXPro mapped to GTX Pro; original retained in source CSV,Central
1D1L6FJX,4995,product,Product-key mismatch,Low,Standardized,GTXPro mapped to GTX Pro; original retained in source CSV,Central
DEN2BPRR,4997,product,Product-key mismatch,Low,Standardized,GTXPro mapped to GTX Pro; original retained in source CSV,East
1QGOH13Z,4998,product,Product-key mismatch,Low,Standardized,GTXPro mapped to GTX Pro; original retained in source CSV,East
90G292UY,5003,account,Account not assigned,Info,Retained,Retained open opportunity; account value remains null,Central
JDHHDOX8,5004,account,Account not assigned,Info,Retained,Retained open opportunity; account value remains null,Central
KTWP0SMT,5005,account,Account not assigned,Info,Retained,Retained open opportunity; account value remains null,Central
CDVDL9I5,5007,account,Account not assigned,Info,Retained,Retained open opportunity; account value remains null,Central
PJ75Q8VM,5008,product,Product-key mismatch,Low,Standardized,GTXPro mapped to GTX Pro; original retained in source CSV,Central
PJ75Q8VM,5008,account,Account not assigned,Info,Retained,Retained open opportunity; account value remains null,Central
0NSRB3EO,5009,account,Account not assigned,Info,Retained,Retained open opportunity; account value remains null,Central
AEMGFUYH,5011,product,Product-key mismatch,Low,Standardized,GTXPro mapped to GTX Pro; original retained in source CSV,West
7439NGIG,5012,product,Product-key mismatch,Low,Standardized,GTXPro mapped to GTX Pro; original retained in source CSV,Central
3JW6CZ7K,5014,account,Account not assigned,Info,Retained,Retained open opportunity; account value remains null,Central
AERVH1AC,5016,account,Account not assigned,Info,Retained,Retained open opportunity; account value remains null,Central
ULY6LFT1,5020,product,Product-key mismatch,Low,Standardized,GTXPro mapped to GTX Pro; original retained in source CSV,East
S50ETCN7,5024,account,Account not assigned,Info,Retained,Retained open opportunity; account value remains null,Central
L3DT2WVO,5027,product,Product-key mismatch,Low,Standardized,GTXPro mapped to GTX Pro; original retained in source CSV,East
UJ58VMZT,5030,account,Account not assigned,Info,Retained,Retained open opportunity; account value remains null,Central
E8GD44YC,5031,account,Account not assigned,Info,Retained,Retained open opportunity; account value remains null,Central
A3T91VUM,5032,account,Account not assigned,Info,Retained,Retained open opportunity; account value remains null,Central
S6YZO6UQ,5034,product,Product-key mismatch,Low,Standardized,GTXPro mapped to GTX Pro; original retained in source CSV,Central
S6YZO6UQ,5034,account,Account not assigned,Info,Retained,Retained open opportunity; account value remains null,Central
PI45UJKA,5035,product,Product-key mismatch,Low,Standardized,GTXPro mapped to GTX Pro; original retained in source CSV,Central
PI45UJKA,5035,account,Account not assigned,Info,Retained,Retained open opportunity; account value remains null,Central
9UO306XU,5040,product,Product-key mismatch,Low,Standardized,GTXPro mapped to GTX Pro; original retained in source CSV,Central
0HVUV9OY,5044,account,Account not assigned,Info,Retained,Retained open opportunity; account value remains null,Central
COSC7XVA,5046,account,Account not assigned,Info,Retained,Retained open opportunity; account value remains null,Central
9UTOQBAH,5049,product,Product-key mismatch,Low,Standardized,GTXPro mapped to GTX Pro; original retained in source CSV,West
02K37JAK,5051,account,Account not assigned,Info,Retained,Retained open opportunity; account value remains null,Central
6F5TIV66,5052,account,Account not assigned,Info,Retained,Retained open opportunity; account value remains null,Central
HTEAOHFO,5053,account,Account not assigned,Info,Retained,Retained open opportunity; account value remains null,West
VJ9K12PY,5055,account,Account not assigned,Info,Retained,Retained open opportunity; account value remains null,Central
ETLF2H4K,5060,account,Account not assigned,Info,Retained,Retained open opportunity; account value remains null,West
XVB2CGL6,5061,product,Product-key mismatch,Low,Standardized,GTXPro mapped to GTX Pro; original retained in source CSV,West
XVB2CGL6,5061,account,Account not assigned,Info,Retained,Retained open opportunity; account value remains null,West
GE4QGOCI,5062,account,Account not assigned,Info,Retained,Retained open opportunity; account value remains null,Central
3YDXZ4FA,5069,account,Account not assigned,Info,Retained,Retained open opportunity; account value remains null,Central
R69OYH4Z,5074,product,Product-key mismatch,Low,Standardized,GTXPro mapped to GTX Pro; original retained in source CSV,West
S0Z4QVL2,5075,product,Product-key mismatch,Low,Standardized,GTXPro mapped to GTX Pro; original retained in source CSV,West
S0Z4QVL2,5075,account,Account not assigned,Info,Retained,Retained open opportunity; account value remains null,West
REAFB3C3,5078,account,Account not assigned,Info,Retained,Retained open opportunity; account value remains null,West
0Z8ZAS2M,5079,account,Account not assigned,Info,Retained,Retained open opportunity; account value remains null,West
VRCYXSP1,5080,account,Account not assigned,Info,Retained,Retained open opportunity; account value remains null,West
7B3DXNZL,5082,product,Product-key mismatch,Low,Standardized,GTXPro mapped to GTX Pro; original retained in source CSV,West
QRR70537,5084,account,Account not assigned,Info,Retained,Retained open opportunity; account value remains null,Central
T4AW06MM,5085,account,Account not assigned,Info,Retained,Retained open opportunity; account value remains null,Central
3DATPTEH,5087,account,Account not assigned,Info,Retained,Retained open opportunity; account value remains null,Central
FT5U6NIG,5088,account,Account not assigned,Info,Retained,Retained open opportunity; account value remains null,Central
RQF6II3D,5089,account,Account not assigned,Info,Retained,Retained open opportunity; account value remains null,Central
E9J482PX,5090,account,Account not assigned,Info,Retained,Retained open opportunity; account value remains null,Central
8QDSXHQ8,5097,account,Account not assigned,Info,Retained,Retained open opportunity; account value remains null,Central
5DQZSOBE,5098,account,Account not assigned,Info,Retained,Retained open opportunity; account value remains null,Central
WNRDPS5I,5101,product,Product-key mismatch,Low,Standardized,GTXPro mapped to GTX Pro; original retained in source CSV,East
ZUSDWKSM,5102,product,Product-key mismatch,Low,Standardized,GTXPro mapped to GTX Pro; original retained in source CSV,East
TQQDICC6,5103,account,Account not assigned,Info,Retained,Retained open opportunity; account value remains null,Central
P66UXGPS,5104,account,Account not assigned,Info,Retained,Retained open opportunity; account value remains null,Central
FY5MBCWQ,5105,product,Product-key mismatch,Low,Standardized,GTXPro mapped to GTX Pro; original retained in source CSV,Central
FY5MBCWQ,5105,account,Account not assigned,Info,Retained,Retained open opportunity; account value remains null,Central
UAX2OR58,5106,account,Account not assigned,Info,Retained,Retained open opportunity; account value remains null,Central
NK1TQTYO,5107,product,Product-key mismatch,Low,Standardized,GTXPro mapped to GTX Pro; original retained in source CSV,Central
D6PFP040,5109,product,Product-key mismatch,Low,Standardized,GTXPro mapped to GTX Pro; original retained in source CSV,Central
YBY3PA1S,5111,account,Account not assigned,Info,Retained,Retained open opportunity; account value remains null,Central
XNHTLVT1,5114,account,Account not assigned,Info,Retained,Retained open opportunity; account value remains null,Central
E26Z10W7,5117,account,Account not assigned,Info,Retained,Retained open opportunity; account value remains null,West
ZTQD4PLQ,5118,account,Account not assigned,Info,Retained,Retained open opportunity; account value remains null,Central
L65X2CDL,5121,product,Product-key mismatch,Low,Standardized,GTXPro mapped to GTX Pro; original retained in source CSV,Central
2CZUU9E0,5123,account,Account not assigned,Info,Retained,Retained open opportunity; account value remains null,Central
I2ESAAIK,5124,account,Account not assigned,Info,Retained,Retained open opportunity; account value remains null,Central
IMLG35AP,5125,account,Account not assigned,Info,Retained,Retained open opportunity; account value remains null,Central
0T2CY70E,5126,account,Account not assigned,Info,Retained,Retained open opportunity; account value remains null,Central
5ZA8MURX,5127,product,Product-key mismatch,Low,Standardized,GTXPro mapped to GTX Pro; original retained in source CSV,West
UJTU7DUB,5132,account,Account not assigned,Info,Retained,Retained open opportunity; account value remains null,Central
JOLNKYNH,5133,account,Account not assigned,Info,Retained,Retained open opportunity; account value remains null,Central
TV2M081C,5134,account,Account not assigned,Info,Retained,Retained open opportunity; account value remains null,Central
SJGOQMLT,5135,account,Account not assigned,Info,Retained,Retained open opportunity; account value remains null,Central
MM79TSUR,5141,account,Account not assigned,Info,Retained,Retained open opportunity; account value remains null,Central
INLVV78V,5142,account,Account not assigned,Info,Retained,Retained open opportunity; account value remains null,Central
4JTH72JR,5143,account,Account not assigned,Info,Retained,Retained open opportunity; account value remains null,Central
TTKPNDTP,5144,account,Account not assigned,Info,Retained,Retained open opportunity; account value remains null,Central
ZCCBTBIQ,5147,product,Product-key mismatch,Low,Standardized,GTXPro mapped to GTX Pro; original retained in source CSV,West
J732416R,5150,account,Account not assigned,Info,Retained,Retained open opportunity; account value remains null,Central
IAUXJ05J,5151,account,Account not assigned,Info,Retained,Retained open opportunity; account value remains null,Central
G7H64S20,5152,account,Account not assigned,Info,Retained,Retained open opportunity; account value remains null,Central
9Q7NSPTF,5153,account,Account not assigned,Info,Retained,Retained open opportunity; account value remains null,East
ZRCQXB38,5158,account,Account not assigned,Info,Retained,Retained open opportunity; account value remains null,Central
EJJCUJ3P,5159,account,Account not assigned,Info,Retained,Retained open opportunity; account value remains null,Central
ODFL6HOF,5160,account,Account not assigned,Info,Retained,Retained open opportunity; account value remains null,Central
Q1HNDPKW,5161,product,Product-key mismatch,Low,Standardized,GTXPro mapped to GTX Pro; original retained in source CSV,Central
Q1HNDPKW,5161,account,Account not assigned,Info,Retained,Retained open opportunity; account value remains null,Central
6GG9CSTV,5165,account,Account not assigned,Info,Retained,Retained open opportunity; account value remains null,Central
5WSQ6D2E,5166,account,Account not assigned,Info,Retained,Retained open opportunity; account value remains null,Central
K6MTPSB5,5173,account,Account not assigned,Info,Retained,Retained open opportunity; account value remains null,Central
D2QPN9LN,5174,account,Account not assigned,Info,Retained,Retained open opportunity; account value remains null,Central
W8W6N0LL,5176,product,Product-key mismatch,Low,Standardized,GTXPro mapped to GTX Pro; original retained in source CSV,West
EYBMEX1Z,5182,account,Account not assigned,Info,Retained,Retained open opportunity; account value remains null,Central
LXS3Z82E,5185,account,Account not assigned,Info,Retained,Retained open opportunity; account value remains null,Central
YRWX35AS,5187,product,Product-key mismatch,Low,Standardized,GTXPro mapped to GTX Pro; original retained in source CSV,East
IS8Z2CQA,5189,product,Product-key mismatch,Low,Standardized,GTXPro mapped to GTX Pro; original retained in source CSV,East
P3Z2LYCL,5191,account,Account not assigned,Info,Retained,Retained open opportunity; account value remains null,Central
MIGDLH14,5198,account,Account not assigned,Info,Retained,Retained open opportunity; account value remains null,West
513PSPBN,5201,account,Account not assigned,Info,Retained,Retained open opportunity; account value remains null,Central
11LIZUQE,5203,account,Account not assigned,Info,Retained,Retained open opportunity; account value remains null,East
0TC6I9SJ,5205,product,Product-key mismatch,Low,Standardized,GTXPro mapped to GTX Pro; original retained in source CSV,Central
WGFTBY3W,5206,product,Product-key mismatch,Low,Standardized,GTXPro mapped to GTX Pro; original retained in source CSV,Central
WGFTBY3W,5206,account,Account not assigned,Info,Retained,Retained open opportunity; account value remains null,Central
NCCB118E,5207,product,Product-key mismatch,Low,Standardized,GTXPro mapped to GTX Pro; original retained in source CSV,Central
NCCB118E,5207,account,Account not assigned,Info,Retained,Retained open opportunity; account value remains null,Central
WSQHC199,5208,account,Account not assigned,Info,Retained,Retained open opportunity; account value remains null,Central
VV6T07G4,5209,account,Account not assigned,Info,Retained,Retained open opportunity; account value remains null,Central
AHUTOSMS,5211,product,Product-key mismatch,Low,Standardized,GTXPro mapped to GTX Pro; original retained in source CSV,Central
2T3QDLXY,5212,product,Product-key mismatch,Low,Standardized,GTXPro mapped to GTX Pro; original retained in source CSV,East
7OZ7L8BB,5216,account,Account not assigned,Info,Retained,Retained open opportunity; account value remains null,Central
BUQ655AB,5218,product,Product-key mismatch,Low,Standardized,GTXPro mapped to GTX Pro; original retained in source CSV,Central
QGXJLNK1,5220,account,Account not assigned,Info,Retained,Retained open opportunity; account value remains null,Central
T0VHKKCN,5221,product,Product-key mismatch,Low,Standardized,GTXPro mapped to GTX Pro; original retained in source CSV,Central
E3Z74U5K,5222,account,Account not assigned,Info,Retained,Retained open opportunity; account value remains null,Central
Q3HHDSDS,5224,account,Account not assigned,Info,Retained,Retained open opportunity; account value remains null,Central
0S6OQ9AO,5225,account,Account not assigned,Info,Retained,Retained open opportunity; account value remains null,Central
7AFBJFP5,5227,account,Account not assigned,Info,Retained,Retained open opportunity; account value remains null,West
H2FCUPHJ,5231,product,Product-key mismatch,Low,Standardized,GTXPro mapped to GTX Pro; original retained in source CSV,Central
H2FCUPHJ,5231,account,Account not assigned,Info,Retained,Retained open opportunity; account value remains null,Central
ZNZCBGN7,5233,product,Product-key mismatch,Low,Standardized,GTXPro mapped to GTX Pro; original retained in source CSV,East
8Y4LJOJ0,5236,account,Account not assigned,Info,Retained,Retained open opportunity; account value remains null,Central
Z7EBMMAE,5237,account,Account not assigned,Info,Retained,Retained open opportunity; account value remains null,Central
KT4OEP4X,5238,account,Account not assigned,Info,Retained,Retained open opportunity; account value remains null,Central
ODHVHXKS,5239,account,Account not assigned,Info,Retained,Retained open opportunity; account value remains null,Central
VVO21D4Z,5252,account,Account not assigned,Info,Retained,Retained open opportunity; account value remains null,Central
APIB681L,5258,account,Account not assigned,Info,Retained,Retained open opportunity; account value remains null,Central
TFSKOBH7,5259,account,Account not assigned,Info,Retained,Retained open opportunity; account value remains null,Central
LUTZ8UQM,5260,product,Product-key mismatch,Low,Standardized,GTXPro mapped to GTX Pro; original retained in source CSV,Central
1QKDD1OI,5261,product,Product-key mismatch,Low,Standardized,GTXPro mapped to GTX Pro; original retained in source CSV,Central
2GFL3TAF,5262,product,Product-key mismatch,Low,Standardized,GTXPro mapped to GTX Pro; original retained in source CSV,Central
2GFL3TAF,5262,account,Account not assigned,Info,Retained,Retained open opportunity; account value remains null,Central
CUSWE9PB,5263,product,Product-key mismatch,Low,Standardized,GTXPro mapped to GTX Pro; original retained in source CSV,Central
CUSWE9PB,5263,account,Account not assigned,Info,Retained,Retained open opportunity; account value remains null,Central
XFCKQ7RI,5264,account,Account not assigned,Info,Retained,Retained open opportunity; account value remains null,Central
VBVO5X8W,5266,product,Product-key mismatch,Low,Standardized,GTXPro mapped to GTX Pro; original retained in source CSV,Central
PQL5GITI,5271,account,Account not assigned,Info,Retained,Retained open opportunity; account value remains null,Central
8AK3KGFA,5272,account,Account not assigned,Info,Retained,Retained open opportunity; account value remains null,Central
PBTSZ2Q2,5273,product,Product-key mismatch,Low,Standardized,GTXPro mapped to GTX Pro; original retained in source CSV,Central
7F2DDW3C,5274,account,Account not assigned,Info,Retained,Retained open opportunity; account value remains null,West
BEDNZXVE,5275,account,Account not assigned,Info,Retained,Retained open opportunity; account value remains null,Central
CGFLLZZI,5277,account,Account not assigned,Info,Retained,Retained open opportunity; account value remains null,West
YCQTM2BQ,5280,account,Account not assigned,Info,Retained,Retained open opportunity; account value remains null,Central
RV5Y8DRY,5285,account,Account not assigned,Info,Retained,Retained open opportunity; account value remains null,Central
G2XP6IGJ,5288,account,Account not assigned,Info,Retained,Retained open opportunity; account value remains null,Central
OBC504T8,5291,account,Account not assigned,Info,Retained,Retained open opportunity; account value remains null,Central
8ODHXBNE,5294,account,Account not assigned,Info,Retained,Retained open opportunity; account value remains null,West
VO1YR5CY,5295,account,Account not assigned,Info,Retained,Retained open opportunity; account value remains null,Central
V02WMIWK,5300,account,Account not assigned,Info,Retained,Retained open opportunity; account value remains null,Central
L6223VHA,5307,product,Product-key mismatch,Low,Standardized,GTXPro mapped to GTX Pro; original retained in source CSV,Central
TJ7PNIXL,5308,product,Product-key mismatch,Low,Standardized,GTXPro mapped to GTX Pro; original retained in source CSV,Central
TJ7PNIXL,5308,account,Account not assigned,Info,Retained,Retained open opportunity; account value remains null,Central
VMBM5EKL,5309,product,Product-key mismatch,Low,Standardized,GTXPro mapped to GTX Pro; original retained in source CSV,Central
VMBM5EKL,5309,account,Account not assigned,Info,Retained,Retained open opportunity; account value remains null,Central
8TD2LLOF,5310,account,Account not assigned,Info,Retained,Retained open opportunity; account value remains null,Central
KPFV2AAL,5311,product,Product-key mismatch,Low,Standardized,GTXPro mapped to GTX Pro; original retained in source CSV,Central
V2JOV5MF,5312,product,Product-key mismatch,Low,Standardized,GTXPro mapped to GTX Pro; original retained in source CSV,Central
VA9AGU75,5314,product,Product-key mismatch,Low,Standardized,GTXPro mapped to GTX Pro; original retained in source CSV,East
7RLLNAYC,5316,account,Account not assigned,Info,Retained,Retained open opportunity; account value remains null,Central
BRDB1I76,5317,account,Account not assigned,Info,Retained,Retained open opportunity; account value remains null,Central
PW9DTZON,5321,product,Product-key mismatch,Low,Standardized,GTXPro mapped to GTX Pro; original retained in source CSV,West
G0DTQHIC,5322,account,Account not assigned,Info,Retained,Retained open opportunity; account value remains null,Central
FPLXC8Z3,5324,account,Account not assigned,Info,Retained,Retained open opportunity; account value remains null,West
OD895EQM,5326,account,Account not assigned,Info,Retained,Retained open opportunity; account value remains null,Central
VBB0LCEN,5328,account,Account not assigned,Info,Retained,Retained open opportunity; account value remains null,Central
88CM27UB,5331,product,Product-key mismatch,Low,Standardized,GTXPro mapped to GTX Pro; original retained in source CSV,West
IK7LMFER,5332,account,Account not assigned,Info,Retained,Retained open opportunity; account value remains null,Central
P3K1DVYB,5333,account,Account not assigned,Info,Retained,Retained open opportunity; account value remains null,Central
BB1PRS3T,5334,account,Account not assigned,Info,Retained,Retained open opportunity; account value remains null,Central
Q5GNQ823,5336,product,Product-key mismatch,Low,Standardized,GTXPro mapped to GTX Pro; original retained in source CSV,West
Q5GNQ823,5336,account,Account not assigned,Info,Retained,Retained open opportunity; account value remains null,West
BE0RAJF5,5337,product,Product-key mismatch,Low,Standardized,GTXPro mapped to GTX Pro; original retained in source CSV,West
T50TV9SO,5339,account,Account not assigned,Info,Retained,Retained open opportunity; account value remains null,West
S3E48VE0,5342,product,Product-key mismatch,Low,Standardized,GTXPro mapped to GTX Pro; original retained in source CSV,West
N9GIC5PC,5343,account,Account not assigned,Info,Retained,Retained open opportunity; account value remains null,Central
1T5WFCEJ,5344,account,Account not assigned,Info,Retained,Retained open opportunity; account value remains null,Central
YYU1J6E1,5346,account,Account not assigned,Info,Retained,Retained open opportunity; account value remains null,Central
KPYCCBQA,5350,account,Account not assigned,Info,Retained,Retained open opportunity; account value remains null,Central
SSK95WLX,5353,account,Account not assigned,Info,Retained,Retained open opportunity; account value remains null,Central
PQ104BT2,5354,product,Product-key mismatch,Low,Standardized,GTXPro mapped to GTX Pro; original retained in source CSV,Central
GQ7H31ZJ,5355,product,Product-key mismatch,Low,Standardized,GTXPro mapped to GTX Pro; original retained in source CSV,Central
9B7FS6YL,5356,product,Product-key mismatch,Low,Standardized,GTXPro mapped to GTX Pro; original retained in source CSV,Central
M6JT5RL8,5357,product,Product-key mismatch,Low,Standardized,GTXPro mapped to GTX Pro; original retained in source CSV,Central
M6JT5RL8,5357,account,Account not assigned,Info,Retained,Retained open opportunity; account value remains null,Central
45H84LNT,5358,product,Product-key mismatch,Low,Standardized,GTXPro mapped to GTX Pro; original retained in source CSV,Central
45H84LNT,5358,account,Account not assigned,Info,Retained,Retained open opportunity; account value remains null,Central
E8MIFXOH,5359,product,Product-key mismatch,Low,Standardized,GTXPro mapped to GTX Pro; original retained in source CSV,Central
E8MIFXOH,5359,account,Account not assigned,Info,Retained,Retained open opportunity; account value remains null,Central
UO8DLVVQ,5360,product,Product-key mismatch,Low,Standardized,GTXPro mapped to GTX Pro; original retained in source CSV,Central
UO8DLVVQ,5360,account,Account not assigned,Info,Retained,Retained open opportunity; account value remains null,Central
R7H0M07R,5361,account,Account not assigned,Info,Retained,Retained open opportunity; account value remains null,Central
JQ5AOYQ8,5362,account,Account not assigned,Info,Retained,Retained open opportunity; account value remains null,Central
2GQH9FKJ,5363,product,Product-key mismatch,Low,Standardized,GTXPro mapped to GTX Pro; original retained in source CSV,Central
MW3K8553,5364,product,Product-key mismatch,Low,Standardized,GTXPro mapped to GTX Pro; original retained in source CSV,Central
G7RZTAMV,5365,account,Account not assigned,Info,Retained,Retained open opportunity; account value remains null,Central
82K9NWKO,5366,account,Account not assigned,Info,Retained,Retained open opportunity; account value remains null,Central
RFXH6VDX,5368,account,Account not assigned,Info,Retained,Retained open opportunity; account value remains null,West
64KHY8MT,5370,account,Account not assigned,Info,Retained,Retained open opportunity; account value remains null,Central
5PWO4RPC,5371,account,Account not assigned,Info,Retained,Retained open opportunity; account value remains null,Central
EVDKJDY3,5373,account,Account not assigned,Info,Retained,Retained open opportunity; account value remains null,Central
BY1TB6D2,5375,product,Product-key mismatch,Low,Standardized,GTXPro mapped to GTX Pro; original retained in source CSV,West
WX546S1D,5376,account,Account not assigned,Info,Retained,Retained open opportunity; account value remains null,Central
EN8JHUXA,5381,account,Account not assigned,Info,Retained,Retained open opportunity; account value remains null,Central
I3IRJZRL,5382,account,Account not assigned,Info,Retained,Retained open opportunity; account value remains null,Central
51H02FX1,5383,account,Account not assigned,Info,Retained,Retained open opportunity; account value remains null,Central
9SRD5NCR,5384,account,Account not assigned,Info,Retained,Retained open opportunity; account value remains null,West
WVT3X6IC,5387,account,Account not assigned,Info,Retained,Retained open opportunity; account value remains null,Central
VD2KHXRY,5389,product,Product-key mismatch,Low,Standardized,GTXPro mapped to GTX Pro; original retained in source CSV,West
10QE4JCA,5391,account,Account not assigned,Info,Retained,Retained open opportunity; account value remains null,Central
DXRG254A,5393,account,Account not assigned,Info,Retained,Retained open opportunity; account value remains null,East
X33HL9WS,5396,account,Account not assigned,Info,Retained,Retained open opportunity; account value remains null,East
ZJLW1OPF,5398,product,Product-key mismatch,Low,Standardized,GTXPro mapped to GTX Pro; original retained in source CSV,Central
Q62JFLLD,5399,product,Product-key mismatch,Low,Standardized,GTXPro mapped to GTX Pro; original retained in source CSV,Central
Q62JFLLD,5399,account,Account not assigned,Info,Retained,Retained open opportunity; account value remains null,Central
3PPHOXTT,5400,account,Account not assigned,Info,Retained,Retained open opportunity; account value remains null,Central
LJ59Y2TK,5401,product,Product-key mismatch,Low,Standardized,GTXPro mapped to GTX Pro; original retained in source CSV,Central
2IKGOPW1,5403,product,Product-key mismatch,Low,Standardized,GTXPro mapped to GTX Pro; original retained in source CSV,Central
7Y10BR02,5404,product,Product-key mismatch,Low,Standardized,GTXPro mapped to GTX Pro; original retained in source CSV,Central
4L8RQVL9,5405,product,Product-key mismatch,Low,Standardized,GTXPro mapped to GTX Pro; original retained in source CSV,East
N07XYH50,5407,product,Product-key mismatch,Low,Standardized,GTXPro mapped to GTX Pro; original retained in source CSV,Central
VIFA2I18,5409,account,Account not assigned,Info,Retained,Retained open opportunity; account value remains null,Central
7K31BXX3,5410,product,Product-key mismatch,Low,Standardized,GTXPro mapped to GTX Pro; original retained in source CSV,Central
7K31BXX3,5410,account,Account not assigned,Info,Retained,Retained open opportunity; account value remains null,Central
I5FVCO24,5411,product,Product-key mismatch,Low,Standardized,GTXPro mapped to GTX Pro; original retained in source CSV,Central
XV41LZYE,5415,account,Account not assigned,Info,Retained,Retained open opportunity; account value remains null,Central
0RI2I8ZL,5416,account,Account not assigned,Info,Retained,Retained open opportunity; account value remains null,Central
3L3W9W8I,5418,account,Account not assigned,Info,Retained,Retained open opportunity; account value remains null,Central
WL6CZ7N4,5419,account,Account not assigned,Info,Retained,Retained open opportunity; account value remains null,Central
8UCQBI6J,5420,product,Product-key mismatch,Low,Standardized,GTXPro mapped to GTX Pro; original retained in source CSV,Central
M5FP7HGQ,5421,account,Account not assigned,Info,Retained,Retained open opportunity; account value remains null,Central
M2ZRU2UH,5425,account,Account not assigned,Info,Retained,Retained open opportunity; account value remains null,West
0WJLKMUA,5431,product,Product-key mismatch,Low,Standardized,GTXPro mapped to GTX Pro; original retained in source CSV,East
T0TDA2O1,5434,account,Account not assigned,Info,Retained,Retained open opportunity; account value remains null,Central
B1ZN2CFP,5435,account,Account not assigned,Info,Retained,Retained open opportunity; account value remains null,Central
3A2CCWEG,5437,account,Account not assigned,Info,Retained,Retained open opportunity; account value remains null,Central
4QQOSYGL,5439,account,Account not assigned,Info,Retained,Retained open opportunity; account value remains null,East
UWI771ZX,5442,account,Account not assigned,Info,Retained,Retained open opportunity; account value remains null,Central
YI1V6SOX,5443,product,Product-key mismatch,Low,Standardized,GTXPro mapped to GTX Pro; original retained in source CSV,Central
PNTHPFHY,5444,product,Product-key mismatch,Low,Standardized,GTXPro mapped to GTX Pro; original retained in source CSV,Central
PNTHPFHY,5444,account,Account not assigned,Info,Retained,Retained open opportunity; account value remains null,Central
2I7IFY8D,5445,product,Product-key mismatch,Low,Standardized,GTXPro mapped to GTX Pro; original retained in source CSV,Central
2I7IFY8D,5445,account,Account not assigned,Info,Retained,Retained open opportunity; account value remains null,Central
DOVFYIIO,5447,product,Product-key mismatch,Low,Standardized,GTXPro mapped to GTX Pro; original retained in source CSV,East
5G9WEZTP,5452,product,Product-key mismatch,Low,Standardized,GTXPro mapped to GTX Pro; original retained in source CSV,East
3FI1J4VO,5453,account,Account not assigned,Info,Retained,Retained open opportunity; account value remains null,Central
KRK5YFGW,5454,product,Product-key mismatch,Low,Standardized,GTXPro mapped to GTX Pro; original retained in source CSV,West
7BKYKVF2,5456,account,Account not assigned,Info,Retained,Retained open opportunity; account value remains null,Central
6US3WW0M,5457,account,Account not assigned,Info,Retained,Retained open opportunity; account value remains null,Central
4OYGRQGO,5459,account,Account not assigned,Info,Retained,Retained open opportunity; account value remains null,West
SPMQ0BHA,5463,account,Account not assigned,Info,Retained,Retained open opportunity; account value remains null,Central
FQI66XXN,5466,account,Account not assigned,Info,Retained,Retained open opportunity; account value remains null,Central
4MTIOMFQ,5468,product,Product-key mismatch,Low,Standardized,GTXPro mapped to GTX Pro; original retained in source CSV,East
J096XFZG,5469,product,Product-key mismatch,Low,Standardized,GTXPro mapped to GTX Pro; original retained in source CSV,East
1RXGKOUE,5470,account,Account not assigned,Info,Retained,Retained open opportunity; account value remains null,Central
TQZLDFIJ,5472,account,Account not assigned,Info,Retained,Retained open opportunity; account value remains null,Central
3SD04QJ4,5474,account,Account not assigned,Info,Retained,Retained open opportunity; account value remains null,East
ERD6D5K3,5475,account,Account not assigned,Info,Retained,Retained open opportunity; account value remains null,Central
VVM42VWQ,5476,account,Account not assigned,Info,Retained,Retained open opportunity; account value remains null,Central
MK380H70,5477,account,Account not assigned,Info,Retained,Retained open opportunity; account value remains null,Central
5SNCUQ8Z,5478,account,Account not assigned,Info,Retained,Retained open opportunity; account value remains null,Central
P9EJ68SM,5481,account,Account not assigned,Info,Retained,Retained open opportunity; account value remains null,East
IG540SIB,5482,account,Account not assigned,Info,Retained,Retained open opportunity; account value remains null,Central
CUZDYOOO,5485,account,Account not assigned,Info,Retained,Retained open opportunity; account value remains null,Central
EY7OI10Z,5486,account,Account not assigned,Info,Retained,Retained open opportunity; account value remains null,Central
TJ95PY76,5488,product,Product-key mismatch,Low,Standardized,GTXPro mapped to GTX Pro; original retained in source CSV,Central
R6OZIG5J,5489,account,Account not assigned,Info,Retained,Retained open opportunity; account value remains null,Central
DVT7NPEH,5490,account,Account not assigned,Info,Retained,Retained open opportunity; account value remains null,Central
V3QM4V7G,5495,product,Product-key mismatch,Low,Standardized,GTXPro mapped to GTX Pro; original retained in source CSV,East
S9JXWIBD,5496,account,Account not assigned,Info,Retained,Retained open opportunity; account value remains null,Central
0XBGT413,5497,product,Product-key mismatch,Low,Standardized,GTXPro mapped to GTX Pro; original retained in source CSV,Central
0XBGT413,5497,account,Account not assigned,Info,Retained,Retained open opportunity; account value remains null,Central
RTOIXNPC,5498,account,Account not assigned,Info,Retained,Retained open opportunity; account value remains null,Central
S5NZI5UN,5501,product,Product-key mismatch,Low,Standardized,GTXPro mapped to GTX Pro; original retained in source CSV,West
XQQ3JS90,5502,product,Product-key mismatch,Low,Standardized,GTXPro mapped to GTX Pro; original retained in source CSV,Central
7COYG1Z2,5503,account,Account not assigned,Info,Retained,Retained open opportunity; account value remains null,West
OVLGWURN,5505,account,Account not assigned,Info,Retained,Retained open opportunity; account value remains null,West
UHIIYU2J,5508,account,Account not assigned,Info,Retained,Retained open opportunity; account value remains null,Central
R7I947IZ,5511,account,Account not assigned,Info,Retained,Retained open opportunity; account value remains null,Central
754UOV5F,5512,account,Account not assigned,Info,Retained,Retained open opportunity; account value remains null,Central
MTN3BOMC,5513,account,Account not assigned,Info,Retained,Retained open opportunity; account value remains null,West
8U9DLK26,5514,product,Product-key mismatch,Low,Standardized,GTXPro mapped to GTX Pro; original retained in source CSV,West
ABT1TDH1,5515,account,Account not assigned,Info,Retained,Retained open opportunity; account value remains null,Central
D9NLFAEG,5519,account,Account not assigned,Info,Retained,Retained open opportunity; account value remains null,Central
I5AKI9KC,5521,account,Account not assigned,Info,Retained,Retained open opportunity; account value remains null,Central
0M3NCPQX,5525,account,Account not assigned,Info,Retained,Retained open opportunity; account value remains null,Central
RN7M3757,5526,account,Account not assigned,Info,Retained,Retained open opportunity; account value remains null,Central
OJ42ZCHR,5528,account,Account not assigned,Info,Retained,Retained open opportunity; account value remains null,East
V0XFS245,5532,product,Product-key mismatch,Low,Standardized,GTXPro mapped to GTX Pro; original retained in source CSV,East
0PT4RY4P,5533,account,Account not assigned,Info,Retained,Retained open opportunity; account value remains null,Central
FSEV7ZJC,5534,product,Product-key mismatch,Low,Standardized,GTXPro mapped to GTX Pro; original retained in source CSV,Central
FSEV7ZJC,5534,account,Account not assigned,Info,Retained,Retained open opportunity; account value remains null,Central
OEP0IJ6S,5535,product,Product-key mismatch,Low,Standardized,GTXPro mapped to GTX Pro; original retained in source CSV,Central
OEP0IJ6S,5535,account,Account not assigned,Info,Retained,Retained open opportunity; account value remains null,Central
YWGU40CP,5536,account,Account not assigned,Info,Retained,Retained open opportunity; account value remains null,Central
OBDEDIXA,5539,account,Account not assigned,Info,Retained,Retained open opportunity; account value remains null,West
1O72EKFY,5540,account,Account not assigned,Info,Retained,Retained open opportunity; account value remains null,West
4XXAK1QL,5541,account,Account not assigned,Info,Retained,Retained open opportunity; account value remains null,Central
WU81R3XH,5542,account,Account not assigned,Info,Retained,Retained open opportunity; account value remains null,Central
HHWZEWDV,5543,account,Account not assigned,Info,Retained,Retained open opportunity; account value remains null,Central
UBO7V799,5545,account,Account not assigned,Info,Retained,Retained open opportunity; account value remains null,Central
DZQW0KQ4,5546,account,Account not assigned,Info,Retained,Retained open opportunity; account value remains null,West
6PHF576T,5548,product,Product-key mismatch,Low,Standardized,GTXPro mapped to GTX Pro; original retained in source CSV,West
OAUUCC2N,5550,account,Account not assigned,Info,Retained,Retained open opportunity; account value remains null,Central
283MDYKM,5551,account,Account not assigned,Info,Retained,Retained open opportunity; account value remains null,Central
56LUBQTV,5552,account,Account not assigned,Info,Retained,Retained open opportunity; account value remains null,Central
STI8KYWL,5556,account,Account not assigned,Info,Retained,Retained open opportunity; account value remains null,Central
K63TD0WD,5558,account,Account not assigned,Info,Retained,Retained open opportunity; account value remains null,Central
EP9JNNF1,5562,account,Account not assigned,Info,Retained,Retained open opportunity; account value remains null,East
BVKAXY66,5563,product,Product-key mismatch,Low,Standardized,GTXPro mapped to GTX Pro; original retained in source CSV,West
I1R23P5F,5564,account,Account not assigned,Info,Retained,Retained open opportunity; account value remains null,Central
CFKXEPFN,5565,account,Account not assigned,Info,Retained,Retained open opportunity; account value remains null,Central
H85L45JM,5567,account,Account not assigned,Info,Retained,Retained open opportunity; account value remains null,Central
A2YIYWNW,5570,account,Account not assigned,Info,Retained,Retained open opportunity; account value remains null,East
HISWL7B0,5573,product,Product-key mismatch,Low,Standardized,GTXPro mapped to GTX Pro; original retained in source CSV,Central
HISWL7B0,5573,account,Account not assigned,Info,Retained,Retained open opportunity; account value remains null,Central
BSKNQJOJ,5574,product,Product-key mismatch,Low,Standardized,GTXPro mapped to GTX Pro; original retained in source CSV,Central
BSKNQJOJ,5574,account,Account not assigned,Info,Retained,Retained open opportunity; account value remains null,Central
VAL8O4PH,5576,account,Account not assigned,Info,Retained,Retained open opportunity; account value remains null,Central
RZXMIHGO,5578,account,Account not assigned,Info,Retained,Retained open opportunity; account value remains null,Central
IW6S2BN0,5579,account,Account not assigned,Info,Retained,Retained open opportunity; account value remains null,Central
G78ZK6XI,5580,account,Account not assigned,Info,Retained,Retained open opportunity; account value remains null,Central
9C3YHNBY,5581,account,Account not assigned,Info,Retained,Retained open opportunity; account value remains null,Central
U4L1277G,5582,account,Account not assigned,Info,Retained,Retained open opportunity; account value remains null,West
YE7F777U,5586,account,Account not assigned,Info,Retained,Retained open opportunity; account value remains null,Central
DO6VKC2G,5589,account,Account not assigned,Info,Retained,Retained open opportunity; account value remains null,Central
MBYOJR5A,5590,account,Account not assigned,Info,Retained,Retained open opportunity; account value remains null,Central
NBJR3GVR,5591,product,Product-key mismatch,Low,Standardized,GTXPro mapped to GTX Pro; original retained in source CSV,Central
NBJR3GVR,5591,account,Account not assigned,Info,Retained,Retained open opportunity; account value remains null,Central
FKY3O5O1,5596,product,Product-key mismatch,Low,Standardized,GTXPro mapped to GTX Pro; original retained in source CSV,Central
A9TEJW6U,5601,account,Account not assigned,Info,Retained,Retained open opportunity; account value remains null,Central
1DC9PQ4S,5602,account,Account not assigned,Info,Retained,Retained open opportunity; account value remains null,Central
NWQHHVEM,5604,product,Product-key mismatch,Low,Standardized,GTXPro mapped to GTX Pro; original retained in source CSV,West
ZJ76J97A,5605,product,Product-key mismatch,Low,Standardized,GTXPro mapped to GTX Pro; original retained in source CSV,West
GVOKY9KD,5607,product,Product-key mismatch,Low,Standardized,GTXPro mapped to GTX Pro; original retained in source CSV,East
JGXK8P6T,5608,account,Account not assigned,Info,Retained,Retained open opportunity; account value remains null,West
LF45YLLR,5611,product,Product-key mismatch,Low,Standardized,GTXPro mapped to GTX Pro; original retained in source CSV,East
U8H8VGI0,5616,product,Product-key mismatch,Low,Standardized,GTXPro mapped to GTX Pro; original retained in source CSV,West
URQYDGX8,5618,account,Account not assigned,Info,Retained,Retained open opportunity; account value remains null,Central
2E2FDZHG,5622,product,Product-key mismatch,Low,Standardized,GTXPro mapped to GTX Pro; original retained in source CSV,Central
2E2FDZHG,5622,account,Account not assigned,Info,Retained,Retained open opportunity; account value remains null,Central
8LP076IV,5624,account,Account not assigned,Info,Retained,Retained open opportunity; account value remains null,Central
CWXHKUV5,5625,account,Account not assigned,Info,Retained,Retained open opportunity; account value remains null,Central
N909ADDC,5626,account,Account not assigned,Info,Retained,Retained open opportunity; account value remains null,West
ULJG457F,5628,account,Account not assigned,Info,Retained,Retained open opportunity; account value remains null,Central
6TGCOE5O,5632,account,Account not assigned,Info,Retained,Retained open opportunity; account value remains null,East
QIEAKLRU,5633,account,Account not assigned,Info,Retained,Retained open opportunity; account value remains null,Central
A04V2WB3,5637,account,Account not assigned,Info,Retained,Retained open opportunity; account value remains null,West
3G61D5KV,5639,account,Account not assigned,Info,Retained,Retained open opportunity; account value remains null,Central
58J528HO,5640,product,Product-key mismatch,Low,Standardized,GTXPro mapped to GTX Pro; original retained in source CSV,Central
6RZ5GSAB,5641,account,Account not assigned,Info,Retained,Retained open opportunity; account value remains null,Central
7VSFD2MV,5643,account,Account not assigned,Info,Retained,Retained open opportunity; account value remains null,West
3BA9OPGY,5645,account,Account not assigned,Info,Retained,Retained open opportunity; account value remains null,Central
9V2SW5MV,5647,account,Account not assigned,Info,Retained,Retained open opportunity; account value remains null,Central
SUUVV6RP,5650,account,Account not assigned,Info,Retained,Retained open opportunity; account value remains null,Central
MJ3XHBY0,5652,product,Product-key mismatch,Low,Standardized,GTXPro mapped to GTX Pro; original retained in source CSV,East
LT75S3LM,5653,product,Product-key mismatch,Low,Standardized,GTXPro mapped to GTX Pro; original retained in source CSV,East
XB1ZV04H,5656,account,Account not assigned,Info,Retained,Retained open opportunity; account value remains null,Central
Q1TS5ZKD,5657,account,Account not assigned,Info,Retained,Retained open opportunity; account value remains null,Central
VLYT262U,5662,account,Account not assigned,Info,Retained,Retained open opportunity; account value remains null,East
UM1OU73X,5663,product,Product-key mismatch,Low,Standardized,GTXPro mapped to GTX Pro; original retained in source CSV,Central
UM1OU73X,5663,account,Account not assigned,Info,Retained,Retained open opportunity; account value remains null,Central
69U39SXU,5664,product,Product-key mismatch,Low,Standardized,GTXPro mapped to GTX Pro; original retained in source CSV,Central
69U39SXU,5664,account,Account not assigned,Info,Retained,Retained open opportunity; account value remains null,Central
R6F1053X,5665,product,Product-key mismatch,Low,Standardized,GTXPro mapped to GTX Pro; original retained in source CSV,East
ZCUMC0XC,5667,account,Account not assigned,Info,Retained,Retained open opportunity; account value remains null,Central
V1KABF71,5669,account,Account not assigned,Info,Retained,Retained open opportunity; account value remains null,Central
CPOA6FVA,5672,account,Account not assigned,Info,Retained,Retained open opportunity; account value remains null,Central
RG8P75PG,5676,product,Product-key mismatch,Low,Standardized,GTXPro mapped to GTX Pro; original retained in source CSV,East
51VR0RD3,5679,account,Account not assigned,Info,Retained,Retained open opportunity; account value remains null,East
4PNXMXXC,5680,account,Account not assigned,Info,Retained,Retained open opportunity; account value remains null,Central
OVA9HMN1,5681,account,Account not assigned,Info,Retained,Retained open opportunity; account value remains null,Central
DAAHNY6T,5682,account,Account not assigned,Info,Retained,Retained open opportunity; account value remains null,Central
80QJ0BQH,5683,account,Account not assigned,Info,Retained,Retained open opportunity; account value remains null,Central
MOAP4XN7,5685,product,Product-key mismatch,Low,Standardized,GTXPro mapped to GTX Pro; original retained in source CSV,East
MOAP4XN7,5685,account,Account not assigned,Info,Retained,Retained open opportunity; account value remains null,East
2N2MUDOA,5686,product,Product-key mismatch,Low,Standardized,GTXPro mapped to GTX Pro; original retained in source CSV,East
EFUIZFRA,5687,product,Product-key mismatch,Low,Standardized,GTXPro mapped to GTX Pro; original retained in source CSV,East
RCJRB8W8,5688,account,Account not assigned,Info,Retained,Retained open opportunity; account value remains null,Central
5NGPM4C3,5689,account,Account not assigned,Info,Retained,Retained open opportunity; account value remains null,Central
3A54O8JT,5702,account,Account not assigned,Info,Retained,Retained open opportunity; account value remains null,Central
SGYL0QMJ,5706,product,Product-key mismatch,Low,Standardized,GTXPro mapped to GTX Pro; original retained in source CSV,West
WO1OYV0Z,5708,account,Account not assigned,Info,Retained,Retained open opportunity; account value remains null,East
A8NDGVJE,5715,product,Product-key mismatch,Low,Standardized,GTXPro mapped to GTX Pro; original retained in source CSV,Central
A8NDGVJE,5715,account,Account not assigned,Info,Retained,Retained open opportunity; account value remains null,Central
7FFV8D9U,5722,product,Product-key mismatch,Low,Standardized,GTXPro mapped to GTX Pro; original retained in source CSV,Central
04T6SOQW,5723,account,Account not assigned,Info,Retained,Retained open opportunity; account value remains null,West
SLMY2KDA,5727,product,Product-key mismatch,Low,Standardized,GTXPro mapped to GTX Pro; original retained in source CSV,West
SLMY2KDA,5727,account,Account not assigned,Info,Retained,Retained open opportunity; account value remains null,West
AD2YEH7W,5730,account,Account not assigned,Info,Retained,Retained open opportunity; account value remains null,Central
98K99UW9,5731,account,Account not assigned,Info,Retained,Retained open opportunity; account value remains null,East
OMJHW2J1,5733,account,Account not assigned,Info,Retained,Retained open opportunity; account value remains null,Central
G6CMP5I9,5734,account,Account not assigned,Info,Retained,Retained open opportunity; account value remains null,Central
MJ0RRDLN,5741,product,Product-key mismatch,Low,Standardized,GTXPro mapped to GTX Pro; original retained in source CSV,East
QAJPUEN2,5742,product,Product-key mismatch,Low,Standardized,GTXPro mapped to GTX Pro; original retained in source CSV,Central
FB0Q3FYP,5745,product,Product-key mismatch,Low,Standardized,GTXPro mapped to GTX Pro; original retained in source CSV,Central
WD7Q5D3G,5751,account,Account not assigned,Info,Retained,Retained open opportunity; account value remains null,West
ZC987DAQ,5752,account,Account not assigned,Info,Retained,Retained open opportunity; account value remains null,West
SYA1A4E5,5755,product,Product-key mismatch,Low,Standardized,GTXPro mapped to GTX Pro; original retained in source CSV,Central
SYA1A4E5,5755,account,Account not assigned,Info,Retained,Retained open opportunity; account value remains null,Central
9AESK6QV,5756,account,Account not assigned,Info,Retained,Retained open opportunity; account value remains null,West
5UFQONQU,5760,product,Product-key mismatch,Low,Standardized,GTXPro mapped to GTX Pro; original retained in source CSV,West
Q8QGD2OG,5763,account,Account not assigned,Info,Retained,Retained open opportunity; account value remains null,Central
FH3UXT3T,5768,product,Product-key mismatch,Low,Standardized,GTXPro mapped to GTX Pro; original retained in source CSV,Central
FH3UXT3T,5768,account,Account not assigned,Info,Retained,Retained open opportunity; account value remains null,Central
VQB0ZCYJ,5769,product,Product-key mismatch,Low,Standardized,GTXPro mapped to GTX Pro; original retained in source CSV,East
FS60AX8A,5773,account,Account not assigned,Info,Retained,Retained open opportunity; account value remains null,Central
O7LSETHG,5778,account,Account not assigned,Info,Retained,Retained open opportunity; account value remains null,East
FCBSZ6FJ,5780,account,Account not assigned,Info,Retained,Retained open opportunity; account value remains null,Central
S931EBRN,5781,account,Account not assigned,Info,Retained,Retained open opportunity; account value remains null,East
9B20R6A5,5786,product,Product-key mismatch,Low,Standardized,GTXPro mapped to GTX Pro; original retained in source CSV,Central
9B20R6A5,5786,account,Account not assigned,Info,Retained,Retained open opportunity; account value remains null,Central
PXXIJWXD,5787,product,Product-key mismatch,Low,Standardized,GTXPro mapped to GTX Pro; original retained in source CSV,Central
AQFXE1TA,5788,product,Product-key mismatch,Low,Standardized,GTXPro mapped to GTX Pro; original retained in source CSV,East
UZTMM5MG,5791,product,Product-key mismatch,Low,Standardized,GTXPro mapped to GTX Pro; original retained in source CSV,East
BJH89YWM,5795,account,Account not assigned,Info,Retained,Retained open opportunity; account value remains null,Central
RC4LEDIA,5799,account,Account not assigned,Info,Retained,Retained open opportunity; account value remains null,Central
298J5EM0,5807,account,Account not assigned,Info,Retained,Retained open opportunity; account value remains null,West
NUBMO8S7,5812,product,Product-key mismatch,Low,Standardized,GTXPro mapped to GTX Pro; original retained in source CSV,East
Z4OOTJAJ,5813,account,Account not assigned,Info,Retained,Retained open opportunity; account value remains null,Central
988J5AUI,5817,account,Account not assigned,Info,Retained,Retained open opportunity; account value remains null,West
B7VEJNPV,5820,product,Product-key mismatch,Low,Standardized,GTXPro mapped to GTX Pro; original retained in source CSV,Central
CR13KZ71,5821,product,Product-key mismatch,Low,Standardized,GTXPro mapped to GTX Pro; original retained in source CSV,West
2KWJIZX6,5822,account,Account not assigned,Info,Retained,Retained open opportunity; account value remains null,Central
99EA6HXJ,5823,account,Account not assigned,Info,Retained,Retained open opportunity; account value remains null,West
DYO98F6J,5825,account,Account not assigned,Info,Retained,Retained open opportunity; account value remains null,Central
EEB0JYIQ,5829,account,Account not assigned,Info,Retained,Retained open opportunity; account value remains null,Central
68EYCEV4,5832,product,Product-key mismatch,Low,Standardized,GTXPro mapped to GTX Pro; original retained in source CSV,East
P4D1NK6D,5842,account,Account not assigned,Info,Retained,Retained open opportunity; account value remains null,West
52FDATJV,5844,product,Product-key mismatch,Low,Standardized,GTXPro mapped to GTX Pro; original retained in source CSV,West
MITXNS42,5846,product,Product-key mismatch,Low,Standardized,GTXPro mapped to GTX Pro; original retained in source CSV,Central
Z7Q2USU1,5847,account,Account not assigned,Info,Retained,Retained open opportunity; account value remains null,West
UMF3KRCL,5850,account,Account not assigned,Info,Retained,Retained open opportunity; account value remains null,West
VJSI29OF,5851,account,Account not assigned,Info,Retained,Retained open opportunity; account value remains null,Central
GVZMMURY,5855,product,Product-key mismatch,Low,Standardized,GTXPro mapped to GTX Pro; original retained in source CSV,West
6KEWAQMX,5856,product,Product-key mismatch,Low,Standardized,GTXPro mapped to GTX Pro; original retained in source CSV,East
6KEWAQMX,5856,account,Account not assigned,Info,Retained,Retained open opportunity; account value remains null,East
XTCCGBYM,5858,product,Product-key mismatch,Low,Standardized,GTXPro mapped to GTX Pro; original retained in source CSV,East
QFRZLXF3,5859,account,Account not assigned,Info,Retained,Retained open opportunity; account value remains null,Central
8MUD1WS1,5860,account,Account not assigned,Info,Retained,Retained open opportunity; account value remains null,Central
EIS1B0GM,5862,product,Product-key mismatch,Low,Standardized,GTXPro mapped to GTX Pro; original retained in source CSV,East
WAPSW48Y,5865,product,Product-key mismatch,Low,Standardized,GTXPro mapped to GTX Pro; original retained in source CSV,Central
U3HKMX4U,5868,product,Product-key mismatch,Low,Standardized,GTXPro mapped to GTX Pro; original retained in source CSV,Central
27REMGYU,5870,account,Account not assigned,Info,Retained,Retained open opportunity; account value remains null,West
ZR436XWW,5874,account,Account not assigned,Info,Retained,Retained open opportunity; account value remains null,West
LT111IZL,5877,account,Account not assigned,Info,Retained,Retained open opportunity; account value remains null,Central
QHY85D44,5878,account,Account not assigned,Info,Retained,Retained open opportunity; account value remains null,Central
B96E3BBD,5882,account,Account not assigned,Info,Retained,Retained open opportunity; account value remains null,West
MQEFGUOG,5883,account,Account not assigned,Info,Retained,Retained open opportunity; account value remains null,West
3C6E0D28,5884,account,Account not assigned,Info,Retained,Retained open opportunity; account value remains null,West
58W7CZGD,5885,product,Product-key mismatch,Low,Standardized,GTXPro mapped to GTX Pro; original retained in source CSV,West
EEQV0YY4,5887,account,Account not assigned,Info,Retained,Retained open opportunity; account value remains null,East
0OHEJOI5,5892,account,Account not assigned,Info,Retained,Retained open opportunity; account value remains null,East
AIU1UWJZ,5893,product,Product-key mismatch,Low,Standardized,GTXPro mapped to GTX Pro; original retained in source CSV,East
KLIOLWPC,5895,product,Product-key mismatch,Low,Standardized,GTXPro mapped to GTX Pro; original retained in source CSV,East
QMFN71BT,5896,account,Account not assigned,Info,Retained,Retained open opportunity; account value remains null,Central
OF5AZQID,5897,product,Product-key mismatch,Low,Standardized,GTXPro mapped to GTX Pro; original retained in source CSV,Central
7O1UQ19W,5898,account,Account not assigned,Info,Retained,Retained open opportunity; account value remains null,Central
LFJVV393,5899,account,Account not assigned,Info,Retained,Retained open opportunity; account value remains null,West
QQPAK72N,5900,account,Account not assigned,Info,Retained,Retained open opportunity; account value remains null,West
DFSFEADV,5905,account,Account not assigned,Info,Retained,Retained open opportunity; account value remains null,Central
7FVBMH48,5907,account,Account not assigned,Info,Retained,Retained open opportunity; account value remains null,West
W6OX0S1Q,5909,product,Product-key mismatch,Low,Standardized,GTXPro mapped to GTX Pro; original retained in source CSV,West
B5WZQP1F,5910,product,Product-key mismatch,Low,Standardized,GTXPro mapped to GTX Pro; original retained in source CSV,West
V0G393Q6,5911,account,Account not assigned,Info,Retained,Retained open opportunity; account value remains null,Central
9CPUX0D0,5912,product,Product-key mismatch,Low,Standardized,GTXPro mapped to GTX Pro; original retained in source CSV,Central
9CPUX0D0,5912,account,Account not assigned,Info,Retained,Retained open opportunity; account value remains null,Central
USS2SNQI,5914,account,Account not assigned,Info,Retained,Retained open opportunity; account value remains null,West
HQKWQ004,5916,account,Account not assigned,Info,Retained,Retained open opportunity; account value remains null,Central
ZHOK77B4,5917,product,Product-key mismatch,Low,Standardized,GTXPro mapped to GTX Pro; original retained in source CSV,East
92VGMPKP,5920,product,Product-key mismatch,Low,Standardized,GTXPro mapped to GTX Pro; original retained in source CSV,West
SAMPTSH0,5922,account,Account not assigned,Info,Retained,Retained open opportunity; account value remains null,Central
NPORW46K,5924,account,Account not assigned,Info,Retained,Retained open opportunity; account value remains null,Central
0GS0L5VR,5925,account,Account not assigned,Info,Retained,Retained open opportunity; account value remains null,Central
LBO52V0N,5927,product,Product-key mismatch,Low,Standardized,GTXPro mapped to GTX Pro; original retained in source CSV,East
LBO52V0N,5927,account,Account not assigned,Info,Retained,Retained open opportunity; account value remains null,East
FJE58EP1,5932,product,Product-key mismatch,Low,Standardized,GTXPro mapped to GTX Pro; original retained in source CSV,Central
FJE58EP1,5932,account,Account not assigned,Info,Retained,Retained open opportunity; account value remains null,Central
AILB4LIX,5933,product,Product-key mismatch,Low,Standardized,GTXPro mapped to GTX Pro; original retained in source CSV,Central
AILB4LIX,5933,account,Account not assigned,Info,Retained,Retained open opportunity; account value remains null,Central
2ICN8RJP,5934,product,Product-key mismatch,Low,Standardized,GTXPro mapped to GTX Pro; original retained in source CSV,Central
8FGW6RSX,5935,account,Account not assigned,Info,Retained,Retained open opportunity; account value remains null,West
CYV6MJL9,5936,account,Account not assigned,Info,Retained,Retained open opportunity; account value remains null,West
Y8ZUSC9C,5938,account,Account not assigned,Info,Retained,Retained open opportunity; account value remains null,Central
VHT6G2BS,5939,account,Account not assigned,Info,Retained,Retained open opportunity; account value remains null,Central
KBPKLB2X,5940,product,Product-key mismatch,Low,Standardized,GTXPro mapped to GTX Pro; original retained in source CSV,Central
KBPKLB2X,5940,account,Account not assigned,Info,Retained,Retained open opportunity; account value remains null,Central
AMP2GT6F,5945,product,Product-key mismatch,Low,Standardized,GTXPro mapped to GTX Pro; original retained in source CSV,West
AMP2GT6F,5945,account,Account not assigned,Info,Retained,Retained open opportunity; account value remains null,West
PQJZNRKK,5947,product,Product-key mismatch,Low,Standardized,GTXPro mapped to GTX Pro; original retained in source CSV,East
PQJZNRKK,5947,account,Account not assigned,Info,Retained,Retained open opportunity; account value remains null,East
JEWIBFH9,5951,account,Account not assigned,Info,Retained,Retained open opportunity; account value remains null,East
B08R55ET,5953,account,Account not assigned,Info,Retained,Retained open opportunity; account value remains null,Central
ICR59VIJ,5957,account,Account not assigned,Info,Retained,Retained open opportunity; account value remains null,East
AKC9GNVA,5961,product,Product-key mismatch,Low,Standardized,GTXPro mapped to GTX Pro; original retained in source CSV,East
SFXFXRYV,5964,product,Product-key mismatch,Low,Standardized,GTXPro mapped to GTX Pro; original retained in source CSV,Central
MX3QZ682,5966,product,Product-key mismatch,Low,Standardized,GTXPro mapped to GTX Pro; original retained in source CSV,Central
Y69M70YC,5970,product,Product-key mismatch,Low,Standardized,GTXPro mapped to GTX Pro; original retained in source CSV,Central
TQJJDWWH,5971,account,Account not assigned,Info,Retained,Retained open opportunity; account value remains null,West
XGHMOHYQ,5975,account,Account not assigned,Info,Retained,Retained open opportunity; account value remains null,Central
5378T3K3,5976,account,Account not assigned,Info,Retained,Retained open opportunity; account value remains null,West
1MQ3015O,5982,account,Account not assigned,Info,Retained,Retained open opportunity; account value remains null,Central
PYQ3VX08,5983,product,Product-key mismatch,Low,Standardized,GTXPro mapped to GTX Pro; original retained in source CSV,Central
PYQ3VX08,5983,account,Account not assigned,Info,Retained,Retained open opportunity; account value remains null,Central
6H1MBBVR,5985,product,Product-key mismatch,Low,Standardized,GTXPro mapped to GTX Pro; original retained in source CSV,East
6SMB6SDY,5988,product,Product-key mismatch,Low,Standardized,GTXPro mapped to GTX Pro; original retained in source CSV,West
6SMB6SDY,5988,account,Account not assigned,Info,Retained,Retained open opportunity; account value remains null,West
BJWKG319,5989,product,Product-key mismatch,Low,Standardized,GTXPro mapped to GTX Pro; original retained in source CSV,West
041Q1IZL,5991,product,Product-key mismatch,Low,Standardized,GTXPro mapped to GTX Pro; original retained in source CSV,West
PH1IKJ0W,5994,product,Product-key mismatch,Low,Standardized,GTXPro mapped to GTX Pro; original retained in source CSV,East
V7W8CA47,6002,account,Account not assigned,Info,Retained,Retained open opportunity; account value remains null,West
KR22DD8M,6005,account,Account not assigned,Info,Retained,Retained open opportunity; account value remains null,East
FKVC924F,6009,product,Product-key mismatch,Low,Standardized,GTXPro mapped to GTX Pro; original retained in source CSV,East
FKVC924F,6009,account,Account not assigned,Info,Retained,Retained open opportunity; account value remains null,East
LXVCMY4C,6010,product,Product-key mismatch,Low,Standardized,GTXPro mapped to GTX Pro; original retained in source CSV,East
LXVCMY4C,6010,account,Account not assigned,Info,Retained,Retained open opportunity; account value remains null,East
8BGC94TT,6013,product,Product-key mismatch,Low,Standardized,GTXPro mapped to GTX Pro; original retained in source CSV,West
XNKIZY9J,6026,account,Account not assigned,Info,Retained,Retained open opportunity; account value remains null,East
ENGMZL6Y,6030,product,Product-key mismatch,Low,Standardized,GTXPro mapped to GTX Pro; original retained in source CSV,Central
15PJZKNT,6031,product,Product-key mismatch,Low,Standardized,GTXPro mapped to GTX Pro; original retained in source CSV,Central
0GYOOM2R,6033,product,Product-key mismatch,Low,Standardized,GTXPro mapped to GTX Pro; original retained in source CSV,Central
X9L0T199,6034,product,Product-key mismatch,Low,Standardized,GTXPro mapped to GTX Pro; original retained in source CSV,West
X9L0T199,6034,account,Account not assigned,Info,Retained,Retained open opportunity; account value remains null,West
VYR4EWHR,6035,account,Account not assigned,Info,Retained,Retained open opportunity; account value remains null,West
MAH5U65E,6042,account,Account not assigned,Info,Retained,Retained open opportunity; account value remains null,West
NZJXKD9H,6046,account,Account not assigned,Info,Retained,Retained open opportunity; account value remains null,East
ONN55X1O,6049,product,Product-key mismatch,Low,Standardized,GTXPro mapped to GTX Pro; original retained in source CSV,East
ON2ZRW1X,6054,product,Product-key mismatch,Low,Standardized,GTXPro mapped to GTX Pro; original retained in source CSV,West
SYSPNKUR,6059,product,Product-key mismatch,Low,Standardized,GTXPro mapped to GTX Pro; original retained in source CSV,West
IX65TNEI,6061,product,Product-key mismatch,Low,Standardized,GTXPro mapped to GTX Pro; original retained in source CSV,East
W3W3KPBH,6065,product,Product-key mismatch,Low,Standardized,GTXPro mapped to GTX Pro; original retained in source CSV,Central
QPUPBL50,6069,account,Account not assigned,Info,Retained,Retained open opportunity; account value remains null,West
TUKHDOGS,6071,product,Product-key mismatch,Low,Standardized,GTXPro mapped to GTX Pro; original retained in source CSV,West
TUKHDOGS,6071,account,Account not assigned,Info,Retained,Retained open opportunity; account value remains null,West
87TZLMU7,6072,product,Product-key mismatch,Low,Standardized,GTXPro mapped to GTX Pro; original retained in source CSV,West
R2V49PU5,6084,account,Account not assigned,Info,Retained,Retained open opportunity; account value remains null,West
RFQFJLNJ,6088,account,Account not assigned,Info,Retained,Retained open opportunity; account value remains null,West
8P3O8A9H,6093,account,Account not assigned,Info,Retained,Retained open opportunity; account value remains null,West
5P4O1IU6,6098,account,Account not assigned,Info,Retained,Retained open opportunity; account value remains null,East
W3CLJLES,6101,product,Product-key mismatch,Low,Standardized,GTXPro mapped to GTX Pro; original retained in source CSV,East
4CFMS9QT,6103,product,Product-key mismatch,Low,Standardized,GTXPro mapped to GTX Pro; original retained in source CSV,East
04YBYVPV,6112,product,Product-key mismatch,Low,Standardized,GTXPro mapped to GTX Pro; original retained in source CSV,East
2UZXS1I2,6113,product,Product-key mismatch,Low,Standardized,GTXPro mapped to GTX Pro; original retained in source CSV,East
TZPE6M07,6114,account,Account not assigned,Info,Retained,Retained open opportunity; account value remains null,East
G03J67Z1,6116,account,Account not assigned,Info,Retained,Retained open opportunity; account value remains null,West
TM70L0W8,6117,product,Product-key mismatch,Low,Standardized,GTXPro mapped to GTX Pro; original retained in source CSV,West
TM70L0W8,6117,account,Account not assigned,Info,Retained,Retained open opportunity; account value remains null,West
WK1319MB,6120,account,Account not assigned,Info,Retained,Retained open opportunity; account value remains null,East
S53EVWFC,6123,product,Product-key mismatch,Low,Standardized,GTXPro mapped to GTX Pro; original retained in source CSV,East
S53EVWFC,6123,account,Account not assigned,Info,Retained,Retained open opportunity; account value remains null,East
AEZIAPTN,6126,product,Product-key mismatch,Low,Standardized,GTXPro mapped to GTX Pro; original retained in source CSV,Central
IAW2UHNH,6127,product,Product-key mismatch,Low,Standardized,GTXPro mapped to GTX Pro; original retained in source CSV,Central
FBEP7939,6133,product,Product-key mismatch,Low,Standardized,GTXPro mapped to GTX Pro; original retained in source CSV,West
P6NQ2LZK,6145,account,Account not assigned,Info,Retained,Retained open opportunity; account value remains null,West
QKW7MDJK,6147,product,Product-key mismatch,Low,Standardized,GTXPro mapped to GTX Pro; original retained in source CSV,East
QKW7MDJK,6147,account,Account not assigned,Info,Retained,Retained open opportunity; account value remains null,East
UIOJX7O0,6151,product,Product-key mismatch,Low,Standardized,GTXPro mapped to GTX Pro; original retained in source CSV,East
UIOJX7O0,6151,account,Account not assigned,Info,Retained,Retained open opportunity; account value remains null,East
HF1GSBT4,6153,account,Account not assigned,Info,Retained,Retained open opportunity; account value remains null,East
ZVXINY4O,6154,product,Product-key mismatch,Low,Standardized,GTXPro mapped to GTX Pro; original retained in source CSV,East
Z8Z77GN3,6157,product,Product-key mismatch,Low,Standardized,GTXPro mapped to GTX Pro; original retained in source CSV,West
Z8Z77GN3,6157,account,Account not assigned,Info,Retained,Retained open opportunity; account value remains null,West
LKJZEISS,6172,account,Account not assigned,Info,Retained,Retained open opportunity; account value remains null,West
Y0M8X7BV,6176,account,Account not assigned,Info,Retained,Retained open opportunity; account value remains null,East
PRQ96EWX,6180,product,Product-key mismatch,Low,Standardized,GTXPro mapped to GTX Pro; original retained in source CSV,East
0H9C9J03,6189,account,Account not assigned,Info,Retained,Retained open opportunity; account value remains null,West
TLLW2ZRM,6200,product,Product-key mismatch,Low,Standardized,GTXPro mapped to GTX Pro; original retained in source CSV,West
2F41W100,6205,account,Account not assigned,Info,Retained,Retained open opportunity; account value remains null,East
55O18ALO,6212,product,Product-key mismatch,Low,Standardized,GTXPro mapped to GTX Pro; original retained in source CSV,West
8PLXH354,6216,account,Account not assigned,Info,Retained,Retained open opportunity; account value remains null,West
RU5X1LZM,6223,product,Product-key mismatch,Low,Standardized,GTXPro mapped to GTX Pro; original retained in source CSV,West
RU5X1LZM,6223,account,Account not assigned,Info,Retained,Retained open opportunity; account value remains null,West
M40Z4KWL,6231,product,Product-key mismatch,Low,Standardized,GTXPro mapped to GTX Pro; original retained in source CSV,East
7K1KXMBT,6233,product,Product-key mismatch,Low,Standardized,GTXPro mapped to GTX Pro; original retained in source CSV,West
7K1KXMBT,6233,account,Account not assigned,Info,Retained,Retained open opportunity; account value remains null,West
TCJA7XF2,6234,account,Account not assigned,Info,Retained,Retained open opportunity; account value remains null,West
UNSJB0L7,6241,product,Product-key mismatch,Low,Standardized,GTXPro mapped to GTX Pro; original retained in source CSV,West
TGSLH2ZD,6242,account,Account not assigned,Info,Retained,Retained open opportunity; account value remains null,West
OLXEYM3P,6243,account,Account not assigned,Info,Retained,Retained open opportunity; account value remains null,West
3ORQ2R0R,6250,product,Product-key mismatch,Low,Standardized,GTXPro mapped to GTX Pro; original retained in source CSV,West
3ORQ2R0R,6250,account,Account not assigned,Info,Retained,Retained open opportunity; account value remains null,West
EXXFSC3O,6270,product,Product-key mismatch,Low,Standardized,GTXPro mapped to GTX Pro; original retained in source CSV,East
9XU06EA8,6278,product,Product-key mismatch,Low,Standardized,GTXPro mapped to GTX Pro; original retained in source CSV,Central
N9KFQCOH,6284,product,Product-key mismatch,Low,Standardized,GTXPro mapped to GTX Pro; original retained in source CSV,East
04SQ7RNY,6287,product,Product-key mismatch,Low,Standardized,GTXPro mapped to GTX Pro; original retained in source CSV,West
PTZ9QLEF,6288,account,Account not assigned,Info,Retained,Retained open opportunity; account value remains null,East
401BY1PW,6292,product,Product-key mismatch,Low,Standardized,GTXPro mapped to GTX Pro; original retained in source CSV,East
9RQ8FZYQ,6293,product,Product-key mismatch,Low,Standardized,GTXPro mapped to GTX Pro; original retained in source CSV,East
R65LGLJ0,6294,account,Account not assigned,Info,Retained,Retained open opportunity; account value remains null,East
LDIBOTNO,6298,product,Product-key mismatch,Low,Standardized,GTXPro mapped to GTX Pro; original retained in source CSV,East
FC4ZD68R,6299,product,Product-key mismatch,Low,Standardized,GTXPro mapped to GTX Pro; original retained in source CSV,Central
9S8E95EI,6301,product,Product-key mismatch,Low,Standardized,GTXPro mapped to GTX Pro; original retained in source CSV,Central
RLHNEVYY,6302,product,Product-key mismatch,Low,Standardized,GTXPro mapped to GTX Pro; original retained in source CSV,Central
OFP1MLFY,6303,product,Product-key mismatch,Low,Standardized,GTXPro mapped to GTX Pro; original retained in source CSV,Central
QKUULSVC,6310,product,Product-key mismatch,Low,Standardized,GTXPro mapped to GTX Pro; original retained in source CSV,West
XXD7OQOH,6313,account,Account not assigned,Info,Retained,Retained open opportunity; account value remains null,West
LWCKCV0M,6315,product,Product-key mismatch,Low,Standardized,GTXPro mapped to GTX Pro; original retained in source CSV,West
HR3DH6DX,6320,product,Product-key mismatch,Low,Standardized,GTXPro mapped to GTX Pro; original retained in source CSV,Central
LMU41E2W,6321,account,Account not assigned,Info,Retained,Retained open opportunity; account value remains null,West
01FNZW2T,6323,product,Product-key mismatch,Low,Standardized,GTXPro mapped to GTX Pro; original retained in source CSV,East
1Y58TSUU,6326,account,Account not assigned,Info,Retained,Retained open opportunity; account value remains null,East
WNTAT1OT,6329,account,Account not assigned,Info,Retained,Retained open opportunity; account value remains null,East
WRLAVDPH,6330,product,Product-key mismatch,Low,Standardized,GTXPro mapped to GTX Pro; original retained in source CSV,East
1W5FOS69,6331,product,Product-key mismatch,Low,Standardized,GTXPro mapped to GTX Pro; original retained in source CSV,East
8CQ2I2P2,6338,product,Product-key mismatch,Low,Standardized,GTXPro mapped to GTX Pro; original retained in source CSV,Central
EDM7CEZ6,6340,product,Product-key mismatch,Low,Standardized,GTXPro mapped to GTX Pro; original retained in source CSV,West
XRZNF1LQ,6342,product,Product-key mismatch,Low,Standardized,GTXPro mapped to GTX Pro; original retained in source CSV,West
XRZNF1LQ,6342,account,Account not assigned,Info,Retained,Retained open opportunity; account value remains null,West
6CT660FF,6344,account,Account not assigned,Info,Retained,Retained open opportunity; account value remains null,West
NUS67BOQ,6347,account,Account not assigned,Info,Retained,Retained open opportunity; account value remains null,East
RTX8ZJXT,6351,account,Account not assigned,Info,Retained,Retained open opportunity; account value remains null,West
6C6Z3HRA,6355,account,Account not assigned,Info,Retained,Retained open opportunity; account value remains null,West
102XKYAC,6360,product,Product-key mismatch,Low,Standardized,GTXPro mapped to GTX Pro; original retained in source CSV,East
CQDL6WZX,6363,product,Product-key mismatch,Low,Standardized,GTXPro mapped to GTX Pro; original retained in source CSV,Central
VAV3N62C,6364,product,Product-key mismatch,Low,Standardized,GTXPro mapped to GTX Pro; original retained in source CSV,Central
OK7R7I2A,6365,product,Product-key mismatch,Low,Standardized,GTXPro mapped to GTX Pro; original retained in source CSV,Central
ASZNII2J,6366,account,Account not assigned,Info,Retained,Retained open opportunity; account value remains null,West
IOMVIZR8,6367,product,Product-key mismatch,Low,Standardized,GTXPro mapped to GTX Pro; original retained in source CSV,Central
KAGK2GQJ,6369,account,Account not assigned,Info,Retained,Retained open opportunity; account value remains null,West
TXZTEEUJ,6383,product,Product-key mismatch,Low,Standardized,GTXPro mapped to GTX Pro; original retained in source CSV,Central
J0G6ZLYZ,6401,account,Account not assigned,Info,Retained,Retained open opportunity; account value remains null,West
LOQ46F0T,6405,account,Account not assigned,Info,Retained,Retained open opportunity; account value remains null,East
UKJO54QY,6407,product,Product-key mismatch,Low,Standardized,GTXPro mapped to GTX Pro; original retained in source CSV,East
JKAYQ4HQ,6409,account,Account not assigned,Info,Retained,Retained open opportunity; account value remains null,West
L5UKY73S,6410,product,Product-key mismatch,Low,Standardized,GTXPro mapped to GTX Pro; original retained in source CSV,Central
7DDPLMQ5,6411,product,Product-key mismatch,Low,Standardized,GTXPro mapped to GTX Pro; original retained in source CSV,Central
DZP41ANW,6412,account,Account not assigned,Info,Retained,Retained open opportunity; account value remains null,West
FKU9TS06,6416,product,Product-key mismatch,Low,Standardized,GTXPro mapped to GTX Pro; original retained in source CSV,Central
H8XH5MFQ,6417,account,Account not assigned,Info,Retained,Retained open opportunity; account value remains null,West
F58R70DY,6420,product,Product-key mismatch,Low,Standardized,GTXPro mapped to GTX Pro; original retained in source CSV,East
YPM5PZMD,6422,account,Account not assigned,Info,Retained,Retained open opportunity; account value remains null,West
OGHK250E,6424,account,Account not assigned,Info,Retained,Retained open opportunity; account value remains null,East
FNKZKHTJ,6432,product,Product-key mismatch,Low,Standardized,GTXPro mapped to GTX Pro; original retained in source CSV,East
KXR63BV7,6433,product,Product-key mismatch,Low,Standardized,GTXPro mapped to GTX Pro; original retained in source CSV,East
KXR63BV7,6433,account,Account not assigned,Info,Retained,Retained open opportunity; account value remains null,East
8F3RA844,6440,product,Product-key mismatch,Low,Standardized,GTXPro mapped to GTX Pro; original retained in source CSV,Central
6VMQQKLJ,6448,product,Product-key mismatch,Low,Standardized,GTXPro mapped to GTX Pro; original retained in source CSV,West
VKIR68JX,6449,account,Account not assigned,Info,Retained,Retained open opportunity; account value remains null,East
W533W8G6,6452,account,Account not assigned,Info,Retained,Retained open opportunity; account value remains null,West
RW3CJO8D,6453,account,Account not assigned,Info,Retained,Retained open opportunity; account value remains null,West
5E274CQS,6454,product,Product-key mismatch,Low,Standardized,GTXPro mapped to GTX Pro; original retained in source CSV,East
5E274CQS,6454,account,Account not assigned,Info,Retained,Retained open opportunity; account value remains null,East
5LPKNEEI,6458,product,Product-key mismatch,Low,Standardized,GTXPro mapped to GTX Pro; original retained in source CSV,Central
H5J7C2FE,6461,account,Account not assigned,Info,Retained,Retained open opportunity; account value remains null,West
KUJ5M6J3,6463,product,Product-key mismatch,Low,Standardized,GTXPro mapped to GTX Pro; original retained in source CSV,West
X6NSKI7H,6475,account,Account not assigned,Info,Retained,Retained open opportunity; account value remains null,East
ZPXE49AP,6477,account,Account not assigned,Info,Retained,Retained open opportunity; account value remains null,East
8DPUST4Y,6478,product,Product-key mismatch,Low,Standardized,GTXPro mapped to GTX Pro; original retained in source CSV,Central
L1QNLM08,6479,product,Product-key mismatch,Low,Standardized,GTXPro mapped to GTX Pro; original retained in source CSV,Central
6BQMENQR,6481,product,Product-key mismatch,Low,Standardized,GTXPro mapped to GTX Pro; original retained in source CSV,East
J96E49Z1,6485,product,Product-key mismatch,Low,Standardized,GTXPro mapped to GTX Pro; original retained in source CSV,Central
U1XSUD1P,6488,account,Account not assigned,Info,Retained,Retained open opportunity; account value remains null,West
2WZU46RL,6495,product,Product-key mismatch,Low,Standardized,GTXPro mapped to GTX Pro; original retained in source CSV,West
576N6HHJ,6496,product,Product-key mismatch,Low,Standardized,GTXPro mapped to GTX Pro; original retained in source CSV,West
WEES59KH,6497,account,Account not assigned,Info,Retained,Retained open opportunity; account value remains null,East
IOPIJ6C6,6502,account,Account not assigned,Info,Retained,Retained open opportunity; account value remains null,East
P4PX93RN,6505,product,Product-key mismatch,Low,Standardized,GTXPro mapped to GTX Pro; original retained in source CSV,East
RLJI4F93,6506,product,Product-key mismatch,Low,Standardized,GTXPro mapped to GTX Pro; original retained in source CSV,East
D3BO9JDM,6508,product,Product-key mismatch,Low,Standardized,GTXPro mapped to GTX Pro; original retained in source CSV,Central
FAKATVRQ,6511,product,Product-key mismatch,Low,Standardized,GTXPro mapped to GTX Pro; original retained in source CSV,Central
9FE75D1D,6514,product,Product-key mismatch,Low,Standardized,GTXPro mapped to GTX Pro; original retained in source CSV,West
C58775JM,6534,product,Product-key mismatch,Low,Standardized,GTXPro mapped to GTX Pro; original retained in source CSV,East
A2PIOJWL,6535,product,Product-key mismatch,Low,Standardized,GTXPro mapped to GTX Pro; original retained in source CSV,East
EJGRLQP8,6541,product,Product-key mismatch,Low,Standardized,GTXPro mapped to GTX Pro; original retained in source CSV,West
EJGRLQP8,6541,account,Account not assigned,Info,Retained,Retained open opportunity; account value remains null,West
8DDR4MUL,6542,account,Account not assigned,Info,Retained,Retained open opportunity; account value remains null,West
H0RRUQZ6,6550,account,Account not assigned,Info,Retained,Retained open opportunity; account value remains null,West
1A1BI5VB,6555,product,Product-key mismatch,Low,Standardized,GTXPro mapped to GTX Pro; original retained in source CSV,East
M765WQ4W,6558,product,Product-key mismatch,Low,Standardized,GTXPro mapped to GTX Pro; original retained in source CSV,East
2PXZ68OA,6559,product,Product-key mismatch,Low,Standardized,GTXPro mapped to GTX Pro; original retained in source CSV,Central
IMLFM79C,6567,account,Account not assigned,Info,Retained,Retained open opportunity; account value remains null,West
DPXZ0ONG,6568,product,Product-key mismatch,Low,Standardized,GTXPro mapped to GTX Pro; original retained in source CSV,Central
YR4EFQ4C,6571,product,Product-key mismatch,Low,Standardized,GTXPro mapped to GTX Pro; original retained in source CSV,East
KB7DTUXO,6572,product,Product-key mismatch,Low,Standardized,GTXPro mapped to GTX Pro; original retained in source CSV,East
ESZPH44N,6577,product,Product-key mismatch,Low,Standardized,GTXPro mapped to GTX Pro; original retained in source CSV,East
MDHD11QD,6582,product,Product-key mismatch,Low,Standardized,GTXPro mapped to GTX Pro; original retained in source CSV,East
ZGW9SCQ0,6590,account,Account not assigned,Info,Retained,Retained open opportunity; account value remains null,West
34XWXEQE,6592,product,Product-key mismatch,Low,Standardized,GTXPro mapped to GTX Pro; original retained in source CSV,West
34XWXEQE,6592,account,Account not assigned,Info,Retained,Retained open opportunity; account value remains null,West
8NG46N94,6597,product,Product-key mismatch,Low,Standardized,GTXPro mapped to GTX Pro; original retained in source CSV,West
8NG46N94,6597,account,Account not assigned,Info,Retained,Retained open opportunity; account value remains null,West
R7LGVRHC,6599,product,Product-key mismatch,Low,Standardized,GTXPro mapped to GTX Pro; original retained in source CSV,West
WIQQUZRQ,6605,account,Account not assigned,Info,Retained,Retained open opportunity; account value remains null,West
LOHJU3OB,6613,product,Product-key mismatch,Low,Standardized,GTXPro mapped to GTX Pro; original retained in source CSV,West
LOHJU3OB,6613,account,Account not assigned,Info,Retained,Retained open opportunity; account value remains null,West
0558PJL2,6620,account,Account not assigned,Info,Retained,Retained open opportunity; account value remains null,East
JB60NPU9,6621,product,Product-key mismatch,Low,Standardized,GTXPro mapped to GTX Pro; original retained in source CSV,East
JB60NPU9,6621,account,Account not assigned,Info,Retained,Retained open opportunity; account value remains null,East
QWIPE5FB,6623,product,Product-key mismatch,Low,Standardized,GTXPro mapped to GTX Pro; original retained in source CSV,Central
77IBMLTB,6626,account,Account not assigned,Info,Retained,Retained open opportunity; account value remains null,West
S2XTTF3B,6633,account,Account not assigned,Info,Retained,Retained open opportunity; account value remains null,West
8XY5IA68,6634,product,Product-key mismatch,Low,Standardized,GTXPro mapped to GTX Pro; original retained in source CSV,East
3CJMQNT0,6637,product,Product-key mismatch,Low,Standardized,GTXPro mapped to GTX Pro; original retained in source CSV,West
8V5OCDHN,6643,account,Account not assigned,Info,Retained,Retained open opportunity; account value remains null,East
D4PEXI47,6645,product,Product-key mismatch,Low,Standardized,GTXPro mapped to GTX Pro; original retained in source CSV,Central
965CJ4YG,6647,product,Product-key mismatch,Low,Standardized,GTXPro mapped to GTX Pro; original retained in source CSV,Central
JOKH5C6I,6657,product,Product-key mismatch,Low,Standardized,GTXPro mapped to GTX Pro; original retained in source CSV,West
U0SS8E43,6661,product,Product-key mismatch,Low,Standardized,GTXPro mapped to GTX Pro; original retained in source CSV,East
3NC5XSDF,6667,account,Account not assigned,Info,Retained,Retained open opportunity; account value remains null,East
5X3TSUA9,6671,account,Account not assigned,Info,Retained,Retained open opportunity; account value remains null,East
G7HADWB0,6674,product,Product-key mismatch,Low,Standardized,GTXPro mapped to GTX Pro; original retained in source CSV,East
9DY57A6F,6675,product,Product-key mismatch,Low,Standardized,GTXPro mapped to GTX Pro; original retained in source CSV,East
9DY57A6F,6675,account,Account not assigned,Info,Retained,Retained open opportunity; account value remains null,East
H6SE0L31,6678,product,Product-key mismatch,Low,Standardized,GTXPro mapped to GTX Pro; original retained in source CSV,Central
ZQC7YA4X,6679,product,Product-key mismatch,Low,Standardized,GTXPro mapped to GTX Pro; original retained in source CSV,West
ROD5WJDM,6685,product,Product-key mismatch,Low,Standardized,GTXPro mapped to GTX Pro; original retained in source CSV,East
EQ0PLA0O,6687,account,Account not assigned,Info,Retained,Retained open opportunity; account value remains null,West
MN4ZHCUZ,6692,product,Product-key mismatch,Low,Standardized,GTXPro mapped to GTX Pro; original retained in source CSV,East
06H63NKF,6693,product,Product-key mismatch,Low,Standardized,GTXPro mapped to GTX Pro; original retained in source CSV,Central
GIZAD3ZN,6698,product,Product-key mismatch,Low,Standardized,GTXPro mapped to GTX Pro; original retained in source CSV,West
6CXJOT2A,6699,product,Product-key mismatch,Low,Standardized,GTXPro mapped to GTX Pro; original retained in source CSV,West
GPVQIS5U,6701,product,Product-key mismatch,Low,Standardized,GTXPro mapped to GTX Pro; original retained in source CSV,West
LI9RCAQ6,6702,product,Product-key mismatch,Low,Standardized,GTXPro mapped to GTX Pro; original retained in source CSV,West
VRWH3YJV,6706,account,Account not assigned,Info,Retained,Retained open opportunity; account value remains null,West
ZJAIST7C,6708,product,Product-key mismatch,Low,Standardized,GTXPro mapped to GTX Pro; original retained in source CSV,East
F0KWRLK1,6710,product,Product-key mismatch,Low,Standardized,GTXPro mapped to GTX Pro; original retained in source CSV,West
JBECEURV,6711,account,Account not assigned,Info,Retained,Retained open opportunity; account value remains null,West
HHP6R0IX,6712,product,Product-key mismatch,Low,Standardized,GTXPro mapped to GTX Pro; original retained in source CSV,West
XMRZQ8PR,6713,product,Product-key mismatch,Low,Standardized,GTXPro mapped to GTX Pro; original retained in source CSV,West
ER0U0TOC,6714,account,Account not assigned,Info,Retained,Retained open opportunity; account value remains null,East
24K085JJ,6723,account,Account not assigned,Info,Retained,Retained open opportunity; account value remains null,West
EMORZ8R8,6724,product,Product-key mismatch,Low,Standardized,GTXPro mapped to GTX Pro; original retained in source CSV,West
NBBIFIKB,6726,account,Account not assigned,Info,Retained,Retained open opportunity; account value remains null,East
R6Q5JOLX,6731,account,Account not assigned,Info,Retained,Retained open opportunity; account value remains null,East
FB7OTAMV,6746,product,Product-key mismatch,Low,Standardized,GTXPro mapped to GTX Pro; original retained in source CSV,Central
S8Y9AAWC,6754,product,Product-key mismatch,Low,Standardized,GTXPro mapped to GTX Pro; original retained in source CSV,West
DY8DMZZ9,6756,account,Account not assigned,Info,Retained,Retained open opportunity; account value remains null,West
PEGFPDVU,6760,product,Product-key mismatch,Low,Standardized,GTXPro mapped to GTX Pro; original retained in source CSV,East
VA0I9SDD,6764,product,Product-key mismatch,Low,Standardized,GTXPro mapped to GTX Pro; original retained in source CSV,West
KQ83VL8T,6765,account,Account not assigned,Info,Retained,Retained open opportunity; account value remains null,East
S8DOH11H,6768,product,Product-key mismatch,Low,Standardized,GTXPro mapped to GTX Pro; original retained in source CSV,East
ZXXWIGFR,6770,product,Product-key mismatch,Low,Standardized,GTXPro mapped to GTX Pro; original retained in source CSV,Central
AAUTJ747,6772,product,Product-key mismatch,Low,Standardized,GTXPro mapped to GTX Pro; original retained in source CSV,Central
X7VUR49L,6773,product,Product-key mismatch,Low,Standardized,GTXPro mapped to GTX Pro; original retained in source CSV,East
PAQ6EKHB,6775,account,Account not assigned,Info,Retained,Retained open opportunity; account value remains null,West
7IZQJIPA,6781,product,Product-key mismatch,Low,Standardized,GTXPro mapped to GTX Pro; original retained in source CSV,West
RENW2N0H,6785,product,Product-key mismatch,Low,Standardized,GTXPro mapped to GTX Pro; original retained in source CSV,East
S0MZHYQC,6787,product,Product-key mismatch,Low,Standardized,GTXPro mapped to GTX Pro; original retained in source CSV,West
HP9TUR60,6788,product,Product-key mismatch,Low,Standardized,GTXPro mapped to GTX Pro; original retained in source CSV,East
USL5PZ4O,6790,product,Product-key mismatch,Low,Standardized,GTXPro mapped to GTX Pro; original retained in source CSV,Central
3DM5SSI5,6791,product,Product-key mismatch,Low,Standardized,GTXPro mapped to GTX Pro; original retained in source CSV,Central
UU7N7LZK,6795,account,Account not assigned,Info,Retained,Retained open opportunity; account value remains null,West
58QZ1YGK,6797,product,Product-key mismatch,Low,Standardized,GTXPro mapped to GTX Pro; original retained in source CSV,Central
ZBDT3T2H,6799,account,Account not assigned,Info,Retained,Retained open opportunity; account value remains null,West
WSO3NMK5,6804,account,Account not assigned,Info,Retained,Retained open opportunity; account value remains null,West
T2EM55FZ,6809,product,Product-key mismatch,Low,Standardized,GTXPro mapped to GTX Pro; original retained in source CSV,East
A7OVC1WK,6815,account,Account not assigned,Info,Retained,Retained open opportunity; account value remains null,East
0WGAPLOI,6816,product,Product-key mismatch,Low,Standardized,GTXPro mapped to GTX Pro; original retained in source CSV,Central
GXPA5D3A,6817,product,Product-key mismatch,Low,Standardized,GTXPro mapped to GTX Pro; original retained in source CSV,Central
VKM2BCMV,6819,product,Product-key mismatch,Low,Standardized,GTXPro mapped to GTX Pro; original retained in source CSV,Central
9N7LHW38,6820,product,Product-key mismatch,Low,Standardized,GTXPro mapped to GTX Pro; original retained in source CSV,West
V1SX6HOD,6827,account,Account not assigned,Info,Retained,Retained open opportunity; account value remains null,West
R0R0V2O5,6828,product,Product-key mismatch,Low,Standardized,GTXPro mapped to GTX Pro; original retained in source CSV,West
G53492IF,6830,product,Product-key mismatch,Low,Standardized,GTXPro mapped to GTX Pro; original retained in source CSV,East
WVKBXWA9,6831,account,Account not assigned,Info,Retained,Retained open opportunity; account value remains null,East
SBTVPORC,6838,product,Product-key mismatch,Low,Standardized,GTXPro mapped to GTX Pro; original retained in source CSV,East
XZKZYO55,6839,product,Product-key mismatch,Low,Standardized,GTXPro mapped to GTX Pro; original retained in source CSV,East
AMCOSQZC,6840,product,Product-key mismatch,Low,Standardized,GTXPro mapped to GTX Pro; original retained in source CSV,Central
NRK892VX,6842,account,Account not assigned,Info,Retained,Retained open opportunity; account value remains null,West
5F1RM2YM,6843,account,Account not assigned,Info,Retained,Retained open opportunity; account value remains null,West
5R7N3RKQ,6848,product,Product-key mismatch,Low,Standardized,GTXPro mapped to GTX Pro; original retained in source CSV,Central
197EQMY8,6849,product,Product-key mismatch,Low,Standardized,GTXPro mapped to GTX Pro; original retained in source CSV,West
197EQMY8,6849,account,Account not assigned,Info,Retained,Retained open opportunity; account value remains null,West
1AQKM7VU,6852,product,Product-key mismatch,Low,Standardized,GTXPro mapped to GTX Pro; original retained in source CSV,West
2FM8HJDM,6857,account,Account not assigned,Info,Retained,Retained open opportunity; account value remains null,West
4R4QF0ZU,6862,product,Product-key mismatch,Low,Standardized,GTXPro mapped to GTX Pro; original retained in source CSV,West
4R4QF0ZU,6862,account,Account not assigned,Info,Retained,Retained open opportunity; account value remains null,West
Q2GK9IT2,6864,product,Product-key mismatch,Low,Standardized,GTXPro mapped to GTX Pro; original retained in source CSV,East
QHP95ULI,6867,product,Product-key mismatch,Low,Standardized,GTXPro mapped to GTX Pro; original retained in source CSV,East
IDKBZCAF,6869,product,Product-key mismatch,Low,Standardized,GTXPro mapped to GTX Pro; original retained in source CSV,East
IDKBZCAF,6869,account,Account not assigned,Info,Retained,Retained open opportunity; account value remains null,East
0GRGY09E,6870,product,Product-key mismatch,Low,Standardized,GTXPro mapped to GTX Pro; original retained in source CSV,Central
MP9PICCD,6871,product,Product-key mismatch,Low,Standardized,GTXPro mapped to GTX Pro; original retained in source CSV,Central
F34QYKQJ,6872,product,Product-key mismatch,Low,Standardized,GTXPro mapped to GTX Pro; original retained in source CSV,East
4OPFJFRO,6877,product,Product-key mismatch,Low,Standardized,GTXPro mapped to GTX Pro; original retained in source CSV,West
YCQXHVMZ,6882,product,Product-key mismatch,Low,Standardized,GTXPro mapped to GTX Pro; original retained in source CSV,East
LFI3BGEE,6889,account,Account not assigned,Info,Retained,Retained open opportunity; account value remains null,East
YPSXMDRH,6890,product,Product-key mismatch,Low,Standardized,GTXPro mapped to GTX Pro; original retained in source CSV,East
Q46QSEGT,6891,product,Product-key mismatch,Low,Standardized,GTXPro mapped to GTX Pro; original retained in source CSV,Central
DT0ZJ9Z2,6892,product,Product-key mismatch,Low,Standardized,GTXPro mapped to GTX Pro; original retained in source CSV,Central
6PQS93V2,6894,product,Product-key mismatch,Low,Standardized,GTXPro mapped to GTX Pro; original retained in source CSV,East
LDYYOH6W,6897,product,Product-key mismatch,Low,Standardized,GTXPro mapped to GTX Pro; original retained in source CSV,Central
CMXOTVL7,6900,product,Product-key mismatch,Low,Standardized,GTXPro mapped to GTX Pro; original retained in source CSV,Central
DH8R6PK5,6915,product,Product-key mismatch,Low,Standardized,GTXPro mapped to GTX Pro; original retained in source CSV,Central
ZKFWTRRT,6916,product,Product-key mismatch,Low,Standardized,GTXPro mapped to GTX Pro; original retained in source CSV,Central
941SDVVZ,6917,product,Product-key mismatch,Low,Standardized,GTXPro mapped to GTX Pro; original retained in source CSV,Central
WANX7LM0,6920,product,Product-key mismatch,Low,Standardized,GTXPro mapped to GTX Pro; original retained in source CSV,Central
K2NPVZL8,6924,account,Account not assigned,Info,Retained,Retained open opportunity; account value remains null,West
7FLPKZN7,6925,product,Product-key mismatch,Low,Standardized,GTXPro mapped to GTX Pro; original retained in source CSV,West
PBJ62FC3,6935,product,Product-key mismatch,Low,Standardized,GTXPro mapped to GTX Pro; original retained in source CSV,East
3Q15OHQB,6936,account,Account not assigned,Info,Retained,Retained open opportunity; account value remains null,West
O04P1WN6,6937,product,Product-key mismatch,Low,Standardized,GTXPro mapped to GTX Pro; original retained in source CSV,West
A4CVM3PM,6945,product,Product-key mismatch,Low,Standardized,GTXPro mapped to GTX Pro; original retained in source CSV,East
D3HUUVPL,6947,product,Product-key mismatch,Low,Standardized,GTXPro mapped to GTX Pro; original retained in source CSV,East
3C7A75LH,6963,product,Product-key mismatch,Low,Standardized,GTXPro mapped to GTX Pro; original retained in source CSV,East
02LUGFJS,6964,product,Product-key mismatch,Low,Standardized,GTXPro mapped to GTX Pro; original retained in source CSV,East
TFW3KAYZ,6974,product,Product-key mismatch,Low,Standardized,GTXPro mapped to GTX Pro; original retained in source CSV,West
P8QXRXMR,6982,product,Product-key mismatch,Low,Standardized,GTXPro mapped to GTX Pro; original retained in source CSV,West
P8QXRXMR,6982,account,Account not assigned,Info,Retained,Retained open opportunity; account value remains null,West
G7QIQDSA,6998,product,Product-key mismatch,Low,Standardized,GTXPro mapped to GTX Pro; original retained in source CSV,East
G7QIQDSA,6998,account,Account not assigned,Info,Retained,Retained open opportunity; account value remains null,East
5DL7R4C3,7001,product,Product-key mismatch,Low,Standardized,GTXPro mapped to GTX Pro; original retained in source CSV,Central
HOEKIDDI,7003,product,Product-key mismatch,Low,Standardized,GTXPro mapped to GTX Pro; original retained in source CSV,East
10YLM9VF,7004,product,Product-key mismatch,Low,Standardized,GTXPro mapped to GTX Pro; original retained in source CSV,West
QFKL9UK2,7009,product,Product-key mismatch,Low,Standardized,GTXPro mapped to GTX Pro; original retained in source CSV,West
JXUSPNPV,7012,account,Account not assigned,Info,Retained,Retained open opportunity; account value remains null,West
L1WPBDZG,7026,product,Product-key mismatch,Low,Standardized,GTXPro mapped to GTX Pro; original retained in source CSV,East
Q5I9JWH7,7031,product,Product-key mismatch,Low,Standardized,GTXPro mapped to GTX Pro; original retained in source CSV,Central
UKQD4DPD,7033,product,Product-key mismatch,Low,Standardized,GTXPro mapped to GTX Pro; original retained in source CSV,Central
SI874ZK5,7034,product,Product-key mismatch,Low,Standardized,GTXPro mapped to GTX Pro; original retained in source CSV,East
FSYTM6YE,7042,product,Product-key mismatch,Low,Standardized,GTXPro mapped to GTX Pro; original retained in source CSV,West
FSYTM6YE,7042,account,Account not assigned,Info,Retained,Retained open opportunity; account value remains null,West
SXPV3WCV,7044,product,Product-key mismatch,Low,Standardized,GTXPro mapped to GTX Pro; original retained in source CSV,Central
369V78M2,7059,product,Product-key mismatch,Low,Standardized,GTXPro mapped to GTX Pro; original retained in source CSV,East
SMP2K39G,7064,product,Product-key mismatch,Low,Standardized,GTXPro mapped to GTX Pro; original retained in source CSV,West
SMP2K39G,7064,account,Account not assigned,Info,Retained,Retained open opportunity; account value remains null,West
9JTFD4FZ,7073,account,Account not assigned,Info,Retained,Retained open opportunity; account value remains null,East
C51GWGUE,7075,account,Account not assigned,Info,Retained,Retained open opportunity; account value remains null,East
A62JDGQK,7076,product,Product-key mismatch,Low,Standardized,GTXPro mapped to GTX Pro; original retained in source CSV,East
VJD27D8U,7079,product,Product-key mismatch,Low,Standardized,GTXPro mapped to GTX Pro; original retained in source CSV,West
BTOD096J,7094,product,Product-key mismatch,Low,Standardized,GTXPro mapped to GTX Pro; original retained in source CSV,East
NS6JLCZ2,7096,product,Product-key mismatch,Low,Standardized,GTXPro mapped to GTX Pro; original retained in source CSV,East
NS6JLCZ2,7096,account,Account not assigned,Info,Retained,Retained open opportunity; account value remains null,East
LZ3B174J,7099,account,Account not assigned,Info,Retained,Retained open opportunity; account value remains null,West
7PMUB7T4,7110,product,Product-key mismatch,Low,Standardized,GTXPro mapped to GTX Pro; original retained in source CSV,Central
KTHAX2XV,7111,product,Product-key mismatch,Low,Standardized,GTXPro mapped to GTX Pro; original retained in source CSV,Central
12HOWQMI,7114,product,Product-key mismatch,Low,Standardized,GTXPro mapped to GTX Pro; original retained in source CSV,East
NX28C8EI,7117,account,Account not assigned,Info,Retained,Retained open opportunity; account value remains null,West
WV2YBM8V,7118,account,Account not assigned,Info,Retained,Retained open opportunity; account value remains null,West
D9WBSJRC,7123,product,Product-key mismatch,Low,Standardized,GTXPro mapped to GTX Pro; original retained in source CSV,Central
NMLTE4CS,7124,account,Account not assigned,Info,Retained,Retained open opportunity; account value remains null,West
5VJIXV02,7147,product,Product-key mismatch,Low,Standardized,GTXPro mapped to GTX Pro; original retained in source CSV,East
G23RCHB6,7148,product,Product-key mismatch,Low,Standardized,GTXPro mapped to GTX Pro; original retained in source CSV,Central
RMFG5C6C,7149,product,Product-key mismatch,Low,Standardized,GTXPro mapped to GTX Pro; original retained in source CSV,Central
U2JOATN3,7150,product,Product-key mismatch,Low,Standardized,GTXPro mapped to GTX Pro; original retained in source CSV,Central
HGG0EZ00,7161,product,Product-key mismatch,Low,Standardized,GTXPro mapped to GTX Pro; original retained in source CSV,West
BJLJV8XE,7163,product,Product-key mismatch,Low,Standardized,GTXPro mapped to GTX Pro; original retained in source CSV,Central
89MUGU6K,7166,product,Product-key mismatch,Low,Standardized,GTXPro mapped to GTX Pro; original retained in source CSV,East
QNB3SCN9,7169,account,Account not assigned,Info,Retained,Retained open opportunity; account value remains null,East
C5XXGXUE,7182,product,Product-key mismatch,Low,Standardized,GTXPro mapped to GTX Pro; original retained in source CSV,Central
TSU40NIZ,7187,product,Product-key mismatch,Low,Standardized,GTXPro mapped to GTX Pro; original retained in source CSV,West
H4ZSZQ9V,7196,product,Product-key mismatch,Low,Standardized,GTXPro mapped to GTX Pro; original retained in source CSV,East
5A7S6Z6P,7204,product,Product-key mismatch,Low,Standardized,GTXPro mapped to GTX Pro; original retained in source CSV,West
MYD4PBM9,7221,account,Account not assigned,Info,Retained,Retained open opportunity; account value remains null,West
DUOS7AO8,7222,product,Product-key mismatch,Low,Standardized,GTXPro mapped to GTX Pro; original retained in source CSV,Central
C5Z2806X,7224,product,Product-key mismatch,Low,Standardized,GTXPro mapped to GTX Pro; original retained in source CSV,East
E2CJIO85,7227,account,Account not assigned,Info,Retained,Retained open opportunity; account value remains null,West
R2PBFVU7,7228,product,Product-key mismatch,Low,Standardized,GTXPro mapped to GTX Pro; original retained in source CSV,West
N2ESTUQT,7230,product,Product-key mismatch,Low,Standardized,GTXPro mapped to GTX Pro; original retained in source CSV,East
3QSM7X3W,7231,product,Product-key mismatch,Low,Standardized,GTXPro mapped to GTX Pro; original retained in source CSV,West
UG4BHJRQ,7232,product,Product-key mismatch,Low,Standardized,GTXPro mapped to GTX Pro; original retained in source CSV,West
EP5QRHID,7235,account,Account not assigned,Info,Retained,Retained open opportunity; account value remains null,East
5WAKI1NB,7240,account,Account not assigned,Info,Retained,Retained open opportunity; account value remains null,East
LDJ6VTNW,7241,account,Account not assigned,Info,Retained,Retained open opportunity; account value remains null,East
YI8JSLKX,7242,product,Product-key mismatch,Low,Standardized,GTXPro mapped to GTX Pro; original retained in source CSV,East
E4O6XJ9E,7243,product,Product-key mismatch,Low,Standardized,GTXPro mapped to GTX Pro; original retained in source CSV,Central
JD6WHH6G,7245,product,Product-key mismatch,Low,Standardized,GTXPro mapped to GTX Pro; original retained in source CSV,Central
BUNGSHKB,7248,product,Product-key mismatch,Low,Standardized,GTXPro mapped to GTX Pro; original retained in source CSV,Central
SGAJAIP9,7252,product,Product-key mismatch,Low,Standardized,GTXPro mapped to GTX Pro; original retained in source CSV,West
1L68AC0E,7255,product,Product-key mismatch,Low,Standardized,GTXPro mapped to GTX Pro; original retained in source CSV,East
ZRMZJVWK,7256,product,Product-key mismatch,Low,Standardized,GTXPro mapped to GTX Pro; original retained in source CSV,West
1FHY3UGF,7259,product,Product-key mismatch,Low,Standardized,GTXPro mapped to GTX Pro; original retained in source CSV,East
M3RME16Q,7262,product,Product-key mismatch,Low,Standardized,GTXPro mapped to GTX Pro; original retained in source CSV,Central
YPRHMUIB,7263,product,Product-key mismatch,Low,Standardized,GTXPro mapped to GTX Pro; original retained in source CSV,Central
06C1N1F7,7265,account,Account not assigned,Info,Retained,Retained open opportunity; account value remains null,West
UYWQ5N0R,7270,product,Product-key mismatch,Low,Standardized,GTXPro mapped to GTX Pro; original retained in source CSV,West
TFZMFOH9,7275,product,Product-key mismatch,Low,Standardized,GTXPro mapped to GTX Pro; original retained in source CSV,West
VVE9HGLD,7276,product,Product-key mismatch,Low,Standardized,GTXPro mapped to GTX Pro; original retained in source CSV,West
VVE9HGLD,7276,account,Account not assigned,Info,Retained,Retained open opportunity; account value remains null,West
NMHDWGNT,7281,product,Product-key mismatch,Low,Standardized,GTXPro mapped to GTX Pro; original retained in source CSV,Central
WX3CPDYD,7282,product,Product-key mismatch,Low,Standardized,GTXPro mapped to GTX Pro; original retained in source CSV,East
T64JVA4T,7294,product,Product-key mismatch,Low,Standardized,GTXPro mapped to GTX Pro; original retained in source CSV,East
JIEO87ZV,7298,account,Account not assigned,Info,Retained,Retained open opportunity; account value remains null,East
13WLN2MJ,7300,product,Product-key mismatch,Low,Standardized,GTXPro mapped to GTX Pro; original retained in source CSV,Central
MIA65OVY,7302,account,Account not assigned,Info,Retained,Retained open opportunity; account value remains null,West
KL8PCQXC,7310,product,Product-key mismatch,Low,Standardized,GTXPro mapped to GTX Pro; original retained in source CSV,West
IF2BUC3Q,7316,product,Product-key mismatch,Low,Standardized,GTXPro mapped to GTX Pro; original retained in source CSV,East
00X8VEYH,7328,product,Product-key mismatch,Low,Standardized,GTXPro mapped to GTX Pro; original retained in source CSV,Central
ZJ11PBUV,7329,product,Product-key mismatch,Low,Standardized,GTXPro mapped to GTX Pro; original retained in source CSV,Central
63HMAJCZ,7345,product,Product-key mismatch,Low,Standardized,GTXPro mapped to GTX Pro; original retained in source CSV,East
5J7T0GZU,7350,product,Product-key mismatch,Low,Standardized,GTXPro mapped to GTX Pro; original retained in source CSV,East
OZFSBIDF,7355,product,Product-key mismatch,Low,Standardized,GTXPro mapped to GTX Pro; original retained in source CSV,Central
6SQHVC0S,7357,product,Product-key mismatch,Low,Standardized,GTXPro mapped to GTX Pro; original retained in source CSV,Central
L9EVLHSJ,7358,account,Account not assigned,Info,Retained,Retained open opportunity; account value remains null,West
2PX317QP,7362,product,Product-key mismatch,Low,Standardized,GTXPro mapped to GTX Pro; original retained in source CSV,West
O691ZXXH,7363,account,Account not assigned,Info,Retained,Retained open opportunity; account value remains null,West
QDBJOE9M,7368,account,Account not assigned,Info,Retained,Retained open opportunity; account value remains null,West
ZEYGDEBG,7373,product,Product-key mismatch,Low,Standardized,GTXPro mapped to GTX Pro; original retained in source CSV,East
ZEYGDEBG,7373,account,Account not assigned,Info,Retained,Retained open opportunity; account value remains null,East
94GJ7WZV,7375,product,Product-key mismatch,Low,Standardized,GTXPro mapped to GTX Pro; original retained in source CSV,Central
0HUWQWOJ,7385,account,Account not assigned,Info,Retained,Retained open opportunity; account value remains null,West
C35YI5NJ,7386,product,Product-key mismatch,Low,Standardized,GTXPro mapped to GTX Pro; original retained in source CSV,West
MKI4TLUN,7403,product,Product-key mismatch,Low,Standardized,GTXPro mapped to GTX Pro; original retained in source CSV,East
MW4MSIWW,7405,product,Product-key mismatch,Low,Standardized,GTXPro mapped to GTX Pro; original retained in source CSV,Central
K5DNNWYT,7420,product,Product-key mismatch,Low,Standardized,GTXPro mapped to GTX Pro; original retained in source CSV,East
941E65Z7,7421,product,Product-key mismatch,Low,Standardized,GTXPro mapped to GTX Pro; original retained in source CSV,West
AP9MLRZJ,7431,product,Product-key mismatch,Low,Standardized,GTXPro mapped to GTX Pro; original retained in source CSV,East
M1ZZYSTB,7435,product,Product-key mismatch,Low,Standardized,GTXPro mapped to GTX Pro; original retained in source CSV,East
8SLDCS0F,7448,account,Account not assigned,Info,Retained,Retained open opportunity; account value remains null,West
4P5BOQB5,7457,product,Product-key mismatch,Low,Standardized,GTXPro mapped to GTX Pro; original retained in source CSV,West
4O3EPWFR,7459,account,Account not assigned,Info,Retained,Retained open opportunity; account value remains null,East
PNNZM0OZ,7463,product,Product-key mismatch,Low,Standardized,GTXPro mapped to GTX Pro; original retained in source CSV,Central
XRJTRP20,7470,product,Product-key mismatch,Low,Standardized,GTXPro mapped to GTX Pro; original retained in source CSV,West
LFMLZPA5,7482,product,Product-key mismatch,Low,Standardized,GTXPro mapped to GTX Pro; original retained in source CSV,East
H54N095V,7483,product,Product-key mismatch,Low,Standardized,GTXPro mapped to GTX Pro; original retained in source CSV,Central
FQPECFYO,7484,product,Product-key mismatch,Low,Standardized,GTXPro mapped to GTX Pro; original retained in source CSV,Central
QCBO7C6E,7492,account,Account not assigned,Info,Retained,Retained open opportunity; account value remains null,West
NGG8O0JX,7494,account,Account not assigned,Info,Retained,Retained open opportunity; account value remains null,West
36PET9WM,7509,product,Product-key mismatch,Low,Standardized,GTXPro mapped to GTX Pro; original retained in source CSV,Central
KG9R5M1Y,7511,product,Product-key mismatch,Low,Standardized,GTXPro mapped to GTX Pro; original retained in source CSV,Central
3W1Y39BY,7513,product,Product-key mismatch,Low,Standardized,GTXPro mapped to GTX Pro; original retained in source CSV,East
QFLFLCD0,7522,product,Product-key mismatch,Low,Standardized,GTXPro mapped to GTX Pro; original retained in source CSV,Central
DYYJW46L,7527,account,Account not assigned,Info,Retained,Retained open opportunity; account value remains null,West
CYAL1N0B,7530,product,Product-key mismatch,Low,Standardized,GTXPro mapped to GTX Pro; original retained in source CSV,West
XSTGL252,7532,product,Product-key mismatch,Low,Standardized,GTXPro mapped to GTX Pro; original retained in source CSV,East
BUFF2EP5,7536,product,Product-key mismatch,Low,Standardized,GTXPro mapped to GTX Pro; original retained in source CSV,East
14P6935C,7538,product,Product-key mismatch,Low,Standardized,GTXPro mapped to GTX Pro; original retained in source CSV,Central
U220GK9W,7539,product,Product-key mismatch,Low,Standardized,GTXPro mapped to GTX Pro; original retained in source CSV,Central
LUFR7MJC,7541,product,Product-key mismatch,Low,Standardized,GTXPro mapped to GTX Pro; original retained in source CSV,Central
4TD018BE,7548,product,Product-key mismatch,Low,Standardized,GTXPro mapped to GTX Pro; original retained in source CSV,West
2H45C9FK,7551,product,Product-key mismatch,Low,Standardized,GTXPro mapped to GTX Pro; original retained in source CSV,Central
VPD4G16I,7560,product,Product-key mismatch,Low,Standardized,GTXPro mapped to GTX Pro; original retained in source CSV,East
TFGC7TPF,7562,product,Product-key mismatch,Low,Standardized,GTXPro mapped to GTX Pro; original retained in source CSV,Central
OWGXQLJS,7564,product,Product-key mismatch,Low,Standardized,GTXPro mapped to GTX Pro; original retained in source CSV,Central
KOK62RF4,7569,product,Product-key mismatch,Low,Standardized,GTXPro mapped to GTX Pro; original retained in source CSV,West
MC717WRG,7578,product,Product-key mismatch,Low,Standardized,GTXPro mapped to GTX Pro; original retained in source CSV,East
GB3S67FY,7581,product,Product-key mismatch,Low,Standardized,GTXPro mapped to GTX Pro; original retained in source CSV,West
4ZKFSG5F,7583,account,Account not assigned,Info,Retained,Retained open opportunity; account value remains null,East
5TCGN3GX,7584,account,Account not assigned,Info,Retained,Retained open opportunity; account value remains null,East
0SQM849O,7588,product,Product-key mismatch,Low,Standardized,GTXPro mapped to GTX Pro; original retained in source CSV,East
9YOGUMN9,7590,product,Product-key mismatch,Low,Standardized,GTXPro mapped to GTX Pro; original retained in source CSV,Central
C933ZQBB,7591,product,Product-key mismatch,Low,Standardized,GTXPro mapped to GTX Pro; original retained in source CSV,Central
G9M9IEQY,7592,product,Product-key mismatch,Low,Standardized,GTXPro mapped to GTX Pro; original retained in source CSV,Central
M2VKMZPH,7593,product,Product-key mismatch,Low,Standardized,GTXPro mapped to GTX Pro; original retained in source CSV,Central
Y6NI5EBV,7594,account,Account not assigned,Info,Retained,Retained open opportunity; account value remains null,West
OFC7ZTU8,7595,product,Product-key mismatch,Low,Standardized,GTXPro mapped to GTX Pro; original retained in source CSV,West
OFC7ZTU8,7595,account,Account not assigned,Info,Retained,Retained open opportunity; account value remains null,West
PY96Q77S,7612,product,Product-key mismatch,Low,Standardized,GTXPro mapped to GTX Pro; original retained in source CSV,Central
5B9EIYPP,7614,product,Product-key mismatch,Low,Standardized,GTXPro mapped to GTX Pro; original retained in source CSV,East
QG7RGODO,7621,product,Product-key mismatch,Low,Standardized,GTXPro mapped to GTX Pro; original retained in source CSV,West
RVUJPYY8,7633,account,Account not assigned,Info,Retained,Retained open opportunity; account value remains null,West
OXKWCAXO,7641,product,Product-key mismatch,Low,Standardized,GTXPro mapped to GTX Pro; original retained in source CSV,East
0GM4GDFT,7646,product,Product-key mismatch,Low,Standardized,GTXPro mapped to GTX Pro; original retained in source CSV,East
5YIWOUOZ,7647,product,Product-key mismatch,Low,Standardized,GTXPro mapped to GTX Pro; original retained in source CSV,East
LM3GZYXD,7648,product,Product-key mismatch,Low,Standardized,GTXPro mapped to GTX Pro; original retained in source CSV,Central
OQQWTFSZ,7650,product,Product-key mismatch,Low,Standardized,GTXPro mapped to GTX Pro; original retained in source CSV,Central
Q6MGPT50,7654,product,Product-key mismatch,Low,Standardized,GTXPro mapped to GTX Pro; original retained in source CSV,Central
YQJGEI71,7657,account,Account not assigned,Info,Retained,Retained open opportunity; account value remains null,West
RSBEC5KF,7659,product,Product-key mismatch,Low,Standardized,GTXPro mapped to GTX Pro; original retained in source CSV,West
BZGJ44FH,7661,product,Product-key mismatch,Low,Standardized,GTXPro mapped to GTX Pro; original retained in source CSV,West
BZGJ44FH,7661,account,Account not assigned,Info,Retained,Retained open opportunity; account value remains null,West
4S17VJ7O,7662,account,Account not assigned,Info,Retained,Retained open opportunity; account value remains null,West
B2FSFXKA,7665,account,Account not assigned,Info,Retained,Retained open opportunity; account value remains null,West
W72TPY7P,7666,account,Account not assigned,Info,Retained,Retained open opportunity; account value remains null,West
JPBLNA5V,7669,product,Product-key mismatch,Low,Standardized,GTXPro mapped to GTX Pro; original retained in source CSV,Central
SLILSQJV,7670,account,Account not assigned,Info,Retained,Retained open opportunity; account value remains null,West
OS59LIZX,7676,product,Product-key mismatch,Low,Standardized,GTXPro mapped to GTX Pro; original retained in source CSV,West
O3S3SF3W,7677,product,Product-key mismatch,Low,Standardized,GTXPro mapped to GTX Pro; original retained in source CSV,West
GHOQQYQM,7679,product,Product-key mismatch,Low,Standardized,GTXPro mapped to GTX Pro; original retained in source CSV,East
PLV91KH7,7683,product,Product-key mismatch,Low,Standardized,GTXPro mapped to GTX Pro; original retained in source CSV,East
PDXFX23P,7685,product,Product-key mismatch,Low,Standardized,GTXPro mapped to GTX Pro; original retained in source CSV,East
LULNYY3C,7686,product,Product-key mismatch,Low,Standardized,GTXPro mapped to GTX Pro; original retained in source CSV,Central
NJ1YGDZW,7687,product,Product-key mismatch,Low,Standardized,GTXPro mapped to GTX Pro; original retained in source CSV,Central
2DY9U1V7,7699,product,Product-key mismatch,Low,Standardized,GTXPro mapped to GTX Pro; original retained in source CSV,East
C1M1RST0,7704,product,Product-key mismatch,Low,Standardized,GTXPro mapped to GTX Pro; original retained in source CSV,West
3EZLRW47,7711,product,Product-key mismatch,Low,Standardized,GTXPro mapped to GTX Pro; original retained in source CSV,Central
09AILR04,7712,product,Product-key mismatch,Low,Standardized,GTXPro mapped to GTX Pro; original retained in source CSV,Central
4P0SDD91,7725,product,Product-key mismatch,Low,Standardized,GTXPro mapped to GTX Pro; original retained in source CSV,East
RDC531P5,7734,product,Product-key mismatch,Low,Standardized,GTXPro mapped to GTX Pro; original retained in source CSV,Central
B894QWQM,7738,product,Product-key mismatch,Low,Standardized,GTXPro mapped to GTX Pro; original retained in source CSV,East
U9QMLC5Z,7739,product,Product-key mismatch,Low,Standardized,GTXPro mapped to GTX Pro; original retained in source CSV,West
GL2FM1RM,7748,account,Account not assigned,Info,Retained,Retained open opportunity; account value remains null,West
OFEUX5PI,7751,product,Product-key mismatch,Low,Standardized,GTXPro mapped to GTX Pro; original retained in source CSV,West
JWWVG8KG,7756,product,Product-key mismatch,Low,Standardized,GTXPro mapped to GTX Pro; original retained in source CSV,Central
7PEL3AIZ,7757,product,Product-key mismatch,Low,Standardized,GTXPro mapped to GTX Pro; original retained in source CSV,Central
NXQR7LX6,7758,product,Product-key mismatch,Low,Standardized,GTXPro mapped to GTX Pro; original retained in source CSV,Central
T6ENEYKW,7761,product,Product-key mismatch,Low,Standardized,GTXPro mapped to GTX Pro; original retained in source CSV,East
4Z84VV2P,7764,product,Product-key mismatch,Low,Standardized,GTXPro mapped to GTX Pro; original retained in source CSV,West
X7MN9ROG,7768,account,Account not assigned,Info,Retained,Retained open opportunity; account value remains null,West
6445PW4Z,7769,product,Product-key mismatch,Low,Standardized,GTXPro mapped to GTX Pro; original retained in source CSV,West
S7UVZXM3,7776,account,Account not assigned,Info,Retained,Retained open opportunity; account value remains null,East
S3GVO59B,7779,product,Product-key mismatch,Low,Standardized,GTXPro mapped to GTX Pro; original retained in source CSV,Central
HWOBBZWQ,7791,account,Account not assigned,Info,Retained,Retained open opportunity; account value remains null,East
OYH46MQB,7794,account,Account not assigned,Info,Retained,Retained open opportunity; account value remains null,East
D4ABG4I1,7798,product,Product-key mismatch,Low,Standardized,GTXPro mapped to GTX Pro; original retained in source CSV,Central
HXGDBNAV,7800,account,Account not assigned,Info,Retained,Retained open opportunity; account value remains null,West
UX9D17FS,7808,product,Product-key mismatch,Low,Standardized,GTXPro mapped to GTX Pro; original retained in source CSV,East
FL804BH8,7809,product,Product-key mismatch,Low,Standardized,GTXPro mapped to GTX Pro; original retained in source CSV,Central
RWR0W3U8,7810,product,Product-key mismatch,Low,Standardized,GTXPro mapped to GTX Pro; original retained in source CSV,Central
89A54FHW,7812,product,Product-key mismatch,Low,Standardized,GTXPro mapped to GTX Pro; original retained in source CSV,Central
UGAEAB27,7813,product,Product-key mismatch,Low,Standardized,GTXPro mapped to GTX Pro; original retained in source CSV,Central
31IV2B9O,7818,account,Account not assigned,Info,Retained,Retained open opportunity; account value remains null,West
4D0K5T7T,7824,product,Product-key mismatch,Low,Standardized,GTXPro mapped to GTX Pro; original retained in source CSV,West
A5IABHP1,7826,product,Product-key mismatch,Low,Standardized,GTXPro mapped to GTX Pro; original retained in source CSV,East
KKO2EFHS,7833,product,Product-key mismatch,Low,Standardized,GTXPro mapped to GTX Pro; original retained in source CSV,West
P5C842B5,7850,account,Account not assigned,Info,Retained,Retained open opportunity; account value remains null,West
ST4H8MB7,7854,product,Product-key mismatch,Low,Standardized,GTXPro mapped to GTX Pro; original retained in source CSV,West
L3PLDC1Y,7861,product,Product-key mismatch,Low,Standardized,GTXPro mapped to GTX Pro; original retained in source CSV,Central
DDQ0MDYY,7865,product,Product-key mismatch,Low,Standardized,GTXPro mapped to GTX Pro; original retained in source CSV,West
HFER9GET,7866,product,Product-key mismatch,Low,Standardized,GTXPro mapped to GTX Pro; original retained in source CSV,East
W5FH95XO,7869,account,Account not assigned,Info,Retained,Retained open opportunity; account value remains null,West
TL0UILCV,7877,product,Product-key mismatch,Low,Standardized,GTXPro mapped to GTX Pro; original retained in source CSV,East
3Z9AX43T,7879,product,Product-key mismatch,Low,Standardized,GTXPro mapped to GTX Pro; original retained in source CSV,Central
5JO7SIGB,7880,product,Product-key mismatch,Low,Standardized,GTXPro mapped to GTX Pro; original retained in source CSV,Central
O1SCOU11,7883,account,Account not assigned,Info,Retained,Retained open opportunity; account value remains null,West
OMCFUDOU,7887,product,Product-key mismatch,Low,Standardized,GTXPro mapped to GTX Pro; original retained in source CSV,West
OMCFUDOU,7887,account,Account not assigned,Info,Retained,Retained open opportunity; account value remains null,West
HN6TZPAF,7896,account,Account not assigned,Info,Retained,Retained open opportunity; account value remains null,East
854QZNWK,7908,account,Account not assigned,Info,Retained,Retained open opportunity; account value remains null,East
FBKK68G6,7909,product,Product-key mismatch,Low,Standardized,GTXPro mapped to GTX Pro; original retained in source CSV,East
46UHJGY0,7910,account,Account not assigned,Info,Retained,Retained open opportunity; account value remains null,East
N2249A7T,7915,product,Product-key mismatch,Low,Standardized,GTXPro mapped to GTX Pro; original retained in source CSV,West
N2249A7T,7915,account,Account not assigned,Info,Retained,Retained open opportunity; account value remains null,West
5HHFR0VZ,7916,product,Product-key mismatch,Low,Standardized,GTXPro mapped to GTX Pro; original retained in source CSV,West
6X24V0NC,7920,product,Product-key mismatch,Low,Standardized,GTXPro mapped to GTX Pro; original retained in source CSV,Central
E1LFK6E3,7922,account,Account not assigned,Info,Retained,Retained open opportunity; account value remains null,West
WTZ2AHNW,7924,product,Product-key mismatch,Low,Standardized,GTXPro mapped to GTX Pro; original retained in source CSV,Central
WJO52I18,7928,product,Product-key mismatch,Low,Standardized,GTXPro mapped to GTX Pro; original retained in source CSV,East
SWYO7V7O,7930,product,Product-key mismatch,Low,Standardized,GTXPro mapped to GTX Pro; original retained in source CSV,Central
SQ71BWHG,7932,product,Product-key mismatch,Low,Standardized,GTXPro mapped to GTX Pro; original retained in source CSV,West
ON821ADT,7933,product,Product-key mismatch,Low,Standardized,GTXPro mapped to GTX Pro; original retained in source CSV,West
ON821ADT,7933,account,Account not assigned,Info,Retained,Retained open opportunity; account value remains null,West
ZO4FDMPS,7934,product,Product-key mismatch,Low,Standardized,GTXPro mapped to GTX Pro; original retained in source CSV,Central
T7N0RX05,7935,account,Account not assigned,Info,Retained,Retained open opportunity; account value remains null,West
D9LUG4D8,7936,product,Product-key mismatch,Low,Standardized,GTXPro mapped to GTX Pro; original retained in source CSV,East
RN67OVFW,7938,account,Account not assigned,Info,Retained,Retained open opportunity; account value remains null,West
IBB0VGUN,7941,account,Account not assigned,Info,Retained,Retained open opportunity; account value remains null,East
0CR37ETK,7942,account,Account not assigned,Info,Retained,Retained open opportunity; account value remains null,East
NNNEMOZ5,7947,account,Account not assigned,Info,Retained,Retained open opportunity; account value remains null,West
QD7MU7DD,7953,product,Product-key mismatch,Low,Standardized,GTXPro mapped to GTX Pro; original retained in source CSV,East
QD7MU7DD,7953,account,Account not assigned,Info,Retained,Retained open opportunity; account value remains null,East
76ZQP7QY,7958,product,Product-key mismatch,Low,Standardized,GTXPro mapped to GTX Pro; original retained in source CSV,Central
6AA52750,7962,product,Product-key mismatch,Low,Standardized,GTXPro mapped to GTX Pro; original retained in source CSV,Central
1BW8S7JD,7963,account,Account not assigned,Info,Retained,Retained open opportunity; account value remains null,East
C2FSIMZP,7965,product,Product-key mismatch,Low,Standardized,GTXPro mapped to GTX Pro; original retained in source CSV,East
C2FSIMZP,7965,account,Account not assigned,Info,Retained,Retained open opportunity; account value remains null,East
T482GHJQ,7966,product,Product-key mismatch,Low,Standardized,GTXPro mapped to GTX Pro; original retained in source CSV,Central
GS9UKUGV,7971,product,Product-key mismatch,Low,Standardized,GTXPro mapped to GTX Pro; original retained in source CSV,Central
PMK11X5L,7979,account,Account not assigned,Info,Retained,Retained open opportunity; account value remains null,East
W4XB23IP,7980,account,Account not assigned,Info,Retained,Retained open opportunity; account value remains null,East
6JBM1ZKO,7991,product,Product-key mismatch,Low,Standardized,GTXPro mapped to GTX Pro; original retained in source CSV,West
6JBM1ZKO,7991,account,Account not assigned,Info,Retained,Retained open opportunity; account value remains null,West
QSCVBJNJ,7992,product,Product-key mismatch,Low,Standardized,GTXPro mapped to GTX Pro; original retained in source CSV,East
F46Q34LY,7995,product,Product-key mismatch,Low,Standardized,GTXPro mapped to GTX Pro; original retained in source CSV,Central
BFB6C54U,7997,product,Product-key mismatch,Low,Standardized,GTXPro mapped to GTX Pro; original retained in source CSV,West
0KWYQTQQ,8000,account,Account not assigned,Info,Retained,Retained open opportunity; account value remains null,West
50JIFEWD,8024,product,Product-key mismatch,Low,Standardized,GTXPro mapped to GTX Pro; original retained in source CSV,West
I33TECO1,8030,product,Product-key mismatch,Low,Standardized,GTXPro mapped to GTX Pro; original retained in source CSV,West
G1W97XZA,8032,account,Account not assigned,Info,Retained,Retained open opportunity; account value remains null,West
EW5ASXX4,8045,product,Product-key mismatch,Low,Standardized,GTXPro mapped to GTX Pro; original retained in source CSV,Central
MDLJKQ5B,8046,product,Product-key mismatch,Low,Standardized,GTXPro mapped to GTX Pro; original retained in source CSV,Central
7OIR36P2,8047,product,Product-key mismatch,Low,Standardized,GTXPro mapped to GTX Pro; original retained in source CSV,East
GQ13O0AQ,8049,product,Product-key mismatch,Low,Standardized,GTXPro mapped to GTX Pro; original retained in source CSV,West
BREOLQD9,8053,account,Account not assigned,Info,Retained,Retained open opportunity; account value remains null,East
62PCN0KS,8058,account,Account not assigned,Info,Retained,Retained open opportunity; account value remains null,West
BI36TLO5,8069,product,Product-key mismatch,Low,Standardized,GTXPro mapped to GTX Pro; original retained in source CSV,East
TYQFCQBN,8070,product,Product-key mismatch,Low,Standardized,GTXPro mapped to GTX Pro; original retained in source CSV,East
CNAOGH7N,8075,product,Product-key mismatch,Low,Standardized,GTXPro mapped to GTX Pro; original retained in source CSV,East
0ONK3WET,8076,product,Product-key mismatch,Low,Standardized,GTXPro mapped to GTX Pro; original retained in source CSV,East
UIE5G6GW,8078,product,Product-key mismatch,Low,Standardized,GTXPro mapped to GTX Pro; original retained in source CSV,Central
GSE8QWMU,8093,product,Product-key mismatch,Low,Standardized,GTXPro mapped to GTX Pro; original retained in source CSV,West
J962I0KG,8095,account,Account not assigned,Info,Retained,Retained open opportunity; account value remains null,East
QA2XTMMZ,8096,product,Product-key mismatch,Low,Standardized,GTXPro mapped to GTX Pro; original retained in source CSV,East
PQ84ANKD,8101,account,Account not assigned,Info,Retained,Retained open opportunity; account value remains null,East
F28BOUE5,8106,product,Product-key mismatch,Low,Standardized,GTXPro mapped to GTX Pro; original retained in source CSV,East
QJZVB9ZG,8113,product,Product-key mismatch,Low,Standardized,GTXPro mapped to GTX Pro; original retained in source CSV,East
3RJPZ634,8115,product,Product-key mismatch,Low,Standardized,GTXPro mapped to GTX Pro; original retained in source CSV,East
4MPM6ZPU,8117,product,Product-key mismatch,Low,Standardized,GTXPro mapped to GTX Pro; original retained in source CSV,East
PV3TH2FF,8126,account,Account not assigned,Info,Retained,Retained open opportunity; account value remains null,West
IJ2CLOLZ,8129,product,Product-key mismatch,Low,Standardized,GTXPro mapped to GTX Pro; original retained in source CSV,East
K4N74V6U,8130,product,Product-key mismatch,Low,Standardized,GTXPro mapped to GTX Pro; original retained in source CSV,Central
D55HTKRU,8134,product,Product-key mismatch,Low,Standardized,GTXPro mapped to GTX Pro; original retained in source CSV,West
MEIBOSW7,8137,product,Product-key mismatch,Low,Standardized,GTXPro mapped to GTX Pro; original retained in source CSV,East
H0HDYIYJ,8145,product,Product-key mismatch,Low,Standardized,GTXPro mapped to GTX Pro; original retained in source CSV,East
348COZ5O,8156,product,Product-key mismatch,Low,Standardized,GTXPro mapped to GTX Pro; original retained in source CSV,Central
7S8SLZDY,8159,account,Account not assigned,Info,Retained,Retained open opportunity; account value remains null,West
JVF7HZMV,8167,account,Account not assigned,Info,Retained,Retained open opportunity; account value remains null,West
GQDS81G1,8173,account,Account not assigned,Info,Retained,Retained open opportunity; account value remains null,East
LC93MVYP,8182,account,Account not assigned,Info,Retained,Retained open opportunity; account value remains null,West
KNN6C4O3,8187,product,Product-key mismatch,Low,Standardized,GTXPro mapped to GTX Pro; original retained in source CSV,West
SZ09YDEF,8196,product,Product-key mismatch,Low,Standardized,GTXPro mapped to GTX Pro; original retained in source CSV,West
07GUKIG3,8203,account,Account not assigned,Info,Retained,Retained open opportunity; account value remains null,East
8VO26H1R,8208,product,Product-key mismatch,Low,Standardized,GTXPro mapped to GTX Pro; original retained in source CSV,West
RS31U03Y,8213,account,Account not assigned,Info,Retained,Retained open opportunity; account value remains null,West
823X29EZ,8215,product,Product-key mismatch,Low,Standardized,GTXPro mapped to GTX Pro; original retained in source CSV,East
VL8YNHD7,8216,account,Account not assigned,Info,Retained,Retained open opportunity; account value remains null,West
FNA51WN6,8225,product,Product-key mismatch,Low,Standardized,GTXPro mapped to GTX Pro; original retained in source CSV,West
GMY4U7RD,8227,account,Account not assigned,Info,Retained,Retained open opportunity; account value remains null,West
6JZ0HCSF,8230,product,Product-key mismatch,Low,Standardized,GTXPro mapped to GTX Pro; original retained in source CSV,East
7GXUCFW5,8232,product,Product-key mismatch,Low,Standardized,GTXPro mapped to GTX Pro; original retained in source CSV,Central
IQR162ZT,8247,account,Account not assigned,Info,Retained,Retained open opportunity; account value remains null,West
60JGDDRO,8254,product,Product-key mismatch,Low,Standardized,GTXPro mapped to GTX Pro; original retained in source CSV,Central
RTWE19SU,8268,product,Product-key mismatch,Low,Standardized,GTXPro mapped to GTX Pro; original retained in source CSV,West
T6MPH7JC,8272,account,Account not assigned,Info,Retained,Retained open opportunity; account value remains null,East
WL31FAI3,8274,product,Product-key mismatch,Low,Standardized,GTXPro mapped to GTX Pro; original retained in source CSV,West
5U83YWZB,8276,product,Product-key mismatch,Low,Standardized,GTXPro mapped to GTX Pro; original retained in source CSV,West
NGTVHTFH,8278,product,Product-key mismatch,Low,Standardized,GTXPro mapped to GTX Pro; original retained in source CSV,East
NGTVHTFH,8278,account,Account not assigned,Info,Retained,Retained open opportunity; account value remains null,East
OHAARANW,8279,product,Product-key mismatch,Low,Standardized,GTXPro mapped to GTX Pro; original retained in source CSV,Central
6GBGF19R,8280,product,Product-key mismatch,Low,Standardized,GTXPro mapped to GTX Pro; original retained in source CSV,East
YZX90X8X,8282,product,Product-key mismatch,Low,Standardized,GTXPro mapped to GTX Pro; original retained in source CSV,East
9M88QXFW,8285,product,Product-key mismatch,Low,Standardized,GTXPro mapped to GTX Pro; original retained in source CSV,East
HCQK8NQ8,8286,account,Account not assigned,Info,Retained,Retained open opportunity; account value remains null,East
RDHTQLNI,8287,account,Account not assigned,Info,Retained,Retained open opportunity; account value remains null,East
DB801ISB,8291,account,Account not assigned,Info,Retained,Retained open opportunity; account value remains null,West
6WCNNK5J,8298,product,Product-key mismatch,Low,Standardized,GTXPro mapped to GTX Pro; original retained in source CSV,West
3LCLVRVV,8302,account,Account not assigned,Info,Retained,Retained open opportunity; account value remains null,Central
YIU1B39V,8303,account,Account not assigned,Info,Retained,Retained open opportunity; account value remains null,Central
8E0VRCLW,8304,account,Account not assigned,Info,Retained,Retained open opportunity; account value remains null,Central
G99CS23F,8305,account,Account not assigned,Info,Retained,Retained open opportunity; account value remains null,Central
XRJ54GNR,8306,account,Account not assigned,Info,Retained,Retained open opportunity; account value remains null,Central
GR9S7VHI,8307,account,Account not assigned,Info,Retained,Retained open opportunity; account value remains null,Central
OJDZN6UK,8310,account,Account not assigned,Info,Retained,Retained open opportunity; account value remains null,Central
OM60BJ4S,8311,account,Account not assigned,Info,Retained,Retained open opportunity; account value remains null,Central
0D8Y5JA0,8314,account,Account not assigned,Info,Retained,Retained open opportunity; account value remains null,Central
GNN53C6D,8315,account,Account not assigned,Info,Retained,Retained open opportunity; account value remains null,Central
6KHIXTAD,8316,account,Account not assigned,Info,Retained,Retained open opportunity; account value remains null,Central
4ENCEYPG,8331,account,Account not assigned,Info,Retained,Retained open opportunity; account value remains null,Central
EU4DPJGN,8332,account,Account not assigned,Info,Retained,Retained open opportunity; account value remains null,Central
426EL41A,8333,account,Account not assigned,Info,Retained,Retained open opportunity; account value remains null,Central
OXKLRULK,8334,account,Account not assigned,Info,Retained,Retained open opportunity; account value remains null,Central
D3ZJX20X,8335,account,Account not assigned,Info,Retained,Retained open opportunity; account value remains null,Central
V9JDJ861,8336,account,Account not assigned,Info,Retained,Retained open opportunity; account value remains null,Central
DYXD1AXO,8337,account,Account not assigned,Info,Retained,Retained open opportunity; account value remains null,Central
JSTHYUCD,8338,account,Account not assigned,Info,Retained,Retained open opportunity; account value remains null,Central
JC7DDV56,8339,account,Account not assigned,Info,Retained,Retained open opportunity; account value remains null,Central
ASDR6QEZ,8340,account,Account not assigned,Info,Retained,Retained open opportunity; account value remains null,Central
5ELMZN3E,8341,account,Account not assigned,Info,Retained,Retained open opportunity; account value remains null,Central
7Q90C2VN,8342,account,Account not assigned,Info,Retained,Retained open opportunity; account value remains null,Central
ZIMT5RQ2,8343,account,Account not assigned,Info,Retained,Retained open opportunity; account value remains null,Central
FEEOZHT8,8349,account,Account not assigned,Info,Retained,Retained open opportunity; account value remains null,Central
D382N39B,8350,account,Account not assigned,Info,Retained,Retained open opportunity; account value remains null,Central
YYUJ1DCF,8351,account,Account not assigned,Info,Retained,Retained open opportunity; account value remains null,Central
OH0HJ6KK,8352,account,Account not assigned,Info,Retained,Retained open opportunity; account value remains null,Central
5TGQL49J,8353,account,Account not assigned,Info,Retained,Retained open opportunity; account value remains null,Central
Y7WAFW9D,8354,account,Account not assigned,Info,Retained,Retained open opportunity; account value remains null,Central
I8NC3RFB,8355,account,Account not assigned,Info,Retained,Retained open opportunity; account value remains null,Central
QR63ME8L,8357,account,Account not assigned,Info,Retained,Retained open opportunity; account value remains null,Central
I79B9KJ2,8358,account,Account not assigned,Info,Retained,Retained open opportunity; account value remains null,Central
LABZ0UGB,8359,account,Account not assigned,Info,Retained,Retained open opportunity; account value remains null,Central
3R4W7ZVY,8360,account,Account not assigned,Info,Retained,Retained open opportunity; account value remains null,Central
0ZG6U7MQ,8362,account,Account not assigned,Info,Retained,Retained open opportunity; account value remains null,Central
KQPNPH8A,8363,account,Account not assigned,Info,Retained,Retained open opportunity; account value remains null,Central
SGI0VM1F,8364,account,Account not assigned,Info,Retained,Retained open opportunity; account value remains null,Central
GSBUIL1E,8369,account,Account not assigned,Info,Retained,Retained open opportunity; account value remains null,Central
9F9NDO41,8370,account,Account not assigned,Info,Retained,Retained open opportunity; account value remains null,Central
SJE81OUR,8372,account,Account not assigned,Info,Retained,Retained open opportunity; account value remains null,Central
R0MBBXL8,8373,account,Account not assigned,Info,Retained,Retained open opportunity; account value remains null,Central
NR2EDMKC,8374,account,Account not assigned,Info,Retained,Retained open opportunity; account value remains null,Central
SU8FTFLS,8375,account,Account not assigned,Info,Retained,Retained open opportunity; account value remains null,Central
61GDYW9T,8376,account,Account not assigned,Info,Retained,Retained open opportunity; account value remains null,Central
TFCQZ28G,8377,account,Account not assigned,Info,Retained,Retained open opportunity; account value remains null,Central
IXW68X6Z,8378,account,Account not assigned,Info,Retained,Retained open opportunity; account value remains null,Central
F77XD7IZ,8379,account,Account not assigned,Info,Retained,Retained open opportunity; account value remains null,Central
CPEYUW7V,8383,account,Account not assigned,Info,Retained,Retained open opportunity; account value remains null,Central
5ZATE1WV,8384,account,Account not assigned,Info,Retained,Retained open opportunity; account value remains null,Central
R1HFBU5H,8385,account,Account not assigned,Info,Retained,Retained open opportunity; account value remains null,Central
03P9VXWG,8386,account,Account not assigned,Info,Retained,Retained open opportunity; account value remains null,Central
RMJG8OS2,8387,account,Account not assigned,Info,Retained,Retained open opportunity; account value remains null,Central
9L0WKMJ2,8388,account,Account not assigned,Info,Retained,Retained open opportunity; account value remains null,Central
I2LEEFAM,8392,account,Account not assigned,Info,Retained,Retained open opportunity; account value remains null,Central
1LWG4COF,8393,account,Account not assigned,Info,Retained,Retained open opportunity; account value remains null,Central
FEL7FQQG,8394,account,Account not assigned,Info,Retained,Retained open opportunity; account value remains null,Central
0TQP0E65,8395,account,Account not assigned,Info,Retained,Retained open opportunity; account value remains null,Central
P95E1DOX,8396,account,Account not assigned,Info,Retained,Retained open opportunity; account value remains null,Central
JCRT0QHO,8397,account,Account not assigned,Info,Retained,Retained open opportunity; account value remains null,Central
MTGV7WOM,8398,account,Account not assigned,Info,Retained,Retained open opportunity; account value remains null,Central
IEMOIN3K,8399,account,Account not assigned,Info,Retained,Retained open opportunity; account value remains null,Central
XTXMQMRC,8400,account,Account not assigned,Info,Retained,Retained open opportunity; account value remains null,Central
OQX98BBL,8401,account,Account not assigned,Info,Retained,Retained open opportunity; account value remains null,Central
RH0FJYPZ,8402,account,Account not assigned,Info,Retained,Retained open opportunity; account value remains null,Central
HD6YD6P9,8403,account,Account not assigned,Info,Retained,Retained open opportunity; account value remains null,Central
64OXRCSR,8404,account,Account not assigned,Info,Retained,Retained open opportunity; account value remains null,Central
EG3X1ACF,8405,account,Account not assigned,Info,Retained,Retained open opportunity; account value remains null,Central
TJ64MOUR,8406,account,Account not assigned,Info,Retained,Retained open opportunity; account value remains null,Central
FY0SHNZY,8407,account,Account not assigned,Info,Retained,Retained open opportunity; account value remains null,Central
V2V69I86,8408,account,Account not assigned,Info,Retained,Retained open opportunity; account value remains null,Central
OAECXU4A,8409,account,Account not assigned,Info,Retained,Retained open opportunity; account value remains null,Central
A4TA5P1B,8414,account,Account not assigned,Info,Retained,Retained open opportunity; account value remains null,Central
KIKV29M0,8415,account,Account not assigned,Info,Retained,Retained open opportunity; account value remains null,Central
PCXGIH9X,8416,account,Account not assigned,Info,Retained,Retained open opportunity; account value remains null,Central
ODSFN0YA,8417,account,Account not assigned,Info,Retained,Retained open opportunity; account value remains null,Central
6RQUXORL,8418,account,Account not assigned,Info,Retained,Retained open opportunity; account value remains null,Central
74LCNGIK,8419,account,Account not assigned,Info,Retained,Retained open opportunity; account value remains null,Central
28EJ0L9T,8420,account,Account not assigned,Info,Retained,Retained open opportunity; account value remains null,Central
UH9TR8Y1,8421,account,Account not assigned,Info,Retained,Retained open opportunity; account value remains null,Central
JVXGG70X,8422,account,Account not assigned,Info,Retained,Retained open opportunity; account value remains null,Central
SYP74C5W,8423,product,Product-key mismatch,Low,Standardized,GTXPro mapped to GTX Pro; original retained in source CSV,Central
R0Q5BZ9Y,8424,product,Product-key mismatch,Low,Standardized,GTXPro mapped to GTX Pro; original retained in source CSV,Central
OT0GOR3I,8425,product,Product-key mismatch,Low,Standardized,GTXPro mapped to GTX Pro; original retained in source CSV,Central
6RN7I8ZF,8426,product,Product-key mismatch,Low,Standardized,GTXPro mapped to GTX Pro; original retained in source CSV,Central
YBWUG6QP,8427,product,Product-key mismatch,Low,Standardized,GTXPro mapped to GTX Pro; original retained in source CSV,Central
8XE8GGIW,8428,product,Product-key mismatch,Low,Standardized,GTXPro mapped to GTX Pro; original retained in source CSV,Central
IHKIAB1W,8429,product,Product-key mismatch,Low,Standardized,GTXPro mapped to GTX Pro; original retained in source CSV,Central
YKBJP191,8430,product,Product-key mismatch,Low,Standardized,GTXPro mapped to GTX Pro; original retained in source CSV,Central
P7UPCSTC,8431,product,Product-key mismatch,Low,Standardized,GTXPro mapped to GTX Pro; original retained in source CSV,Central
GEQ8IGKW,8432,product,Product-key mismatch,Low,Standardized,GTXPro mapped to GTX Pro; original retained in source CSV,Central
EYR5E7LO,8433,product,Product-key mismatch,Low,Standardized,GTXPro mapped to GTX Pro; original retained in source CSV,Central
LO8L5ELD,8434,product,Product-key mismatch,Low,Standardized,GTXPro mapped to GTX Pro; original retained in source CSV,Central
S1U1RD6K,8435,product,Product-key mismatch,Low,Standardized,GTXPro mapped to GTX Pro; original retained in source CSV,Central
R6HYAPR6,8436,product,Product-key mismatch,Low,Standardized,GTXPro mapped to GTX Pro; original retained in source CSV,Central
A8NXNY0M,8437,product,Product-key mismatch,Low,Standardized,GTXPro mapped to GTX Pro; original retained in source CSV,Central
4ROECHG6,8438,product,Product-key mismatch,Low,Standardized,GTXPro mapped to GTX Pro; original retained in source CSV,Central
FVVATY89,8439,product,Product-key mismatch,Low,Standardized,GTXPro mapped to GTX Pro; original retained in source CSV,Central
BV75OM0B,8440,product,Product-key mismatch,Low,Standardized,GTXPro mapped to GTX Pro; original retained in source CSV,Central
ZGTCQT1A,8441,product,Product-key mismatch,Low,Standardized,GTXPro mapped to GTX Pro; original retained in source CSV,Central
GR8JTX1T,8442,product,Product-key mismatch,Low,Standardized,GTXPro mapped to GTX Pro; original retained in source CSV,Central
2IRZM0LB,8443,product,Product-key mismatch,Low,Standardized,GTXPro mapped to GTX Pro; original retained in source CSV,Central
99YRLZM0,8444,product,Product-key mismatch,Low,Standardized,GTXPro mapped to GTX Pro; original retained in source CSV,Central
VJILDVVF,8445,product,Product-key mismatch,Low,Standardized,GTXPro mapped to GTX Pro; original retained in source CSV,Central
A9DGDN56,8446,product,Product-key mismatch,Low,Standardized,GTXPro mapped to GTX Pro; original retained in source CSV,Central
D01U08PR,8447,product,Product-key mismatch,Low,Standardized,GTXPro mapped to GTX Pro; original retained in source CSV,Central
LFD1ZGJ8,8448,product,Product-key mismatch,Low,Standardized,GTXPro mapped to GTX Pro; original retained in source CSV,Central
LFD1ZGJ8,8448,account,Account not assigned,Info,Retained,Retained open opportunity; account value remains null,Central
4YJKB8EC,8449,product,Product-key mismatch,Low,Standardized,GTXPro mapped to GTX Pro; original retained in source CSV,Central
4YJKB8EC,8449,account,Account not assigned,Info,Retained,Retained open opportunity; account value remains null,Central
DIGG7U6M,8450,product,Product-key mismatch,Low,Standardized,GTXPro mapped to GTX Pro; original retained in source CSV,Central
DIGG7U6M,8450,account,Account not assigned,Info,Retained,Retained open opportunity; account value remains null,Central
VMXGBINH,8451,product,Product-key mismatch,Low,Standardized,GTXPro mapped to GTX Pro; original retained in source CSV,Central
VMXGBINH,8451,account,Account not assigned,Info,Retained,Retained open opportunity; account value remains null,Central
N6BT2U29,8452,product,Product-key mismatch,Low,Standardized,GTXPro mapped to GTX Pro; original retained in source CSV,Central
N6BT2U29,8452,account,Account not assigned,Info,Retained,Retained open opportunity; account value remains null,Central
T12MT0HL,8453,product,Product-key mismatch,Low,Standardized,GTXPro mapped to GTX Pro; original retained in source CSV,Central
T12MT0HL,8453,account,Account not assigned,Info,Retained,Retained open opportunity; account value remains null,Central
HZVVOITE,8454,product,Product-key mismatch,Low,Standardized,GTXPro mapped to GTX Pro; original retained in source CSV,Central
HZVVOITE,8454,account,Account not assigned,Info,Retained,Retained open opportunity; account value remains null,Central
P6Z4X54S,8455,product,Product-key mismatch,Low,Standardized,GTXPro mapped to GTX Pro; original retained in source CSV,Central
P6Z4X54S,8455,account,Account not assigned,Info,Retained,Retained open opportunity; account value remains null,Central
910NLQ80,8456,product,Product-key mismatch,Low,Standardized,GTXPro mapped to GTX Pro; original retained in source CSV,Central
910NLQ80,8456,account,Account not assigned,Info,Retained,Retained open opportunity; account value remains null,Central
8IPMP8NT,8457,product,Product-key mismatch,Low,Standardized,GTXPro mapped to GTX Pro; original retained in source CSV,Central
8IPMP8NT,8457,account,Account not assigned,Info,Retained,Retained open opportunity; account value remains null,Central
7YOJ4KU7,8458,product,Product-key mismatch,Low,Standardized,GTXPro mapped to GTX Pro; original retained in source CSV,Central
7YOJ4KU7,8458,account,Account not assigned,Info,Retained,Retained open opportunity; account value remains null,Central
3K70RL7Q,8459,product,Product-key mismatch,Low,Standardized,GTXPro mapped to GTX Pro; original retained in source CSV,Central
3K70RL7Q,8459,account,Account not assigned,Info,Retained,Retained open opportunity; account value remains null,Central
DX1M0XF0,8460,product,Product-key mismatch,Low,Standardized,GTXPro mapped to GTX Pro; original retained in source CSV,Central
DX1M0XF0,8460,account,Account not assigned,Info,Retained,Retained open opportunity; account value remains null,Central
5MNF16D8,8461,product,Product-key mismatch,Low,Standardized,GTXPro mapped to GTX Pro; original retained in source CSV,Central
5MNF16D8,8461,account,Account not assigned,Info,Retained,Retained open opportunity; account value remains null,Central
PES548QV,8462,product,Product-key mismatch,Low,Standardized,GTXPro mapped to GTX Pro; original retained in source CSV,Central
PES548QV,8462,account,Account not assigned,Info,Retained,Retained open opportunity; account value remains null,Central
XGMTNND1,8463,product,Product-key mismatch,Low,Standardized,GTXPro mapped to GTX Pro; original retained in source CSV,Central
XGMTNND1,8463,account,Account not assigned,Info,Retained,Retained open opportunity; account value remains null,Central
6R94B0SG,8464,product,Product-key mismatch,Low,Standardized,GTXPro mapped to GTX Pro; original retained in source CSV,Central
6R94B0SG,8464,account,Account not assigned,Info,Retained,Retained open opportunity; account value remains null,Central
8JL58ECD,8465,product,Product-key mismatch,Low,Standardized,GTXPro mapped to GTX Pro; original retained in source CSV,Central
8JL58ECD,8465,account,Account not assigned,Info,Retained,Retained open opportunity; account value remains null,Central
KO7JWXCT,8466,product,Product-key mismatch,Low,Standardized,GTXPro mapped to GTX Pro; original retained in source CSV,Central
KO7JWXCT,8466,account,Account not assigned,Info,Retained,Retained open opportunity; account value remains null,Central
FGSBCJSC,8467,product,Product-key mismatch,Low,Standardized,GTXPro mapped to GTX Pro; original retained in source CSV,Central
FGSBCJSC,8467,account,Account not assigned,Info,Retained,Retained open opportunity; account value remains null,Central
65SMA4OZ,8468,product,Product-key mismatch,Low,Standardized,GTXPro mapped to GTX Pro; original retained in source CSV,Central
65SMA4OZ,8468,account,Account not assigned,Info,Retained,Retained open opportunity; account value remains null,Central
537X47QY,8469,product,Product-key mismatch,Low,Standardized,GTXPro mapped to GTX Pro; original retained in source CSV,Central
537X47QY,8469,account,Account not assigned,Info,Retained,Retained open opportunity; account value remains null,Central
D95K3R9N,8470,product,Product-key mismatch,Low,Standardized,GTXPro mapped to GTX Pro; original retained in source CSV,Central
D95K3R9N,8470,account,Account not assigned,Info,Retained,Retained open opportunity; account value remains null,Central
51HOGHF0,8471,product,Product-key mismatch,Low,Standardized,GTXPro mapped to GTX Pro; original retained in source CSV,Central
51HOGHF0,8471,account,Account not assigned,Info,Retained,Retained open opportunity; account value remains null,Central
PRUFERA6,8472,product,Product-key mismatch,Low,Standardized,GTXPro mapped to GTX Pro; original retained in source CSV,Central
PRUFERA6,8472,account,Account not assigned,Info,Retained,Retained open opportunity; account value remains null,Central
NST2FEF3,8473,product,Product-key mismatch,Low,Standardized,GTXPro mapped to GTX Pro; original retained in source CSV,Central
NST2FEF3,8473,account,Account not assigned,Info,Retained,Retained open opportunity; account value remains null,Central
BBV196A3,8474,product,Product-key mismatch,Low,Standardized,GTXPro mapped to GTX Pro; original retained in source CSV,Central
BBV196A3,8474,account,Account not assigned,Info,Retained,Retained open opportunity; account value remains null,Central
E4YR0OE6,8475,product,Product-key mismatch,Low,Standardized,GTXPro mapped to GTX Pro; original retained in source CSV,Central
E4YR0OE6,8475,account,Account not assigned,Info,Retained,Retained open opportunity; account value remains null,Central
TR7WLH5Q,8476,account,Account not assigned,Info,Retained,Retained open opportunity; account value remains null,Central
M64OQCC3,8477,account,Account not assigned,Info,Retained,Retained open opportunity; account value remains null,Central
WR9CQB8E,8478,account,Account not assigned,Info,Retained,Retained open opportunity; account value remains null,Central
TWWD62O3,8479,account,Account not assigned,Info,Retained,Retained open opportunity; account value remains null,Central
7CZU8GS1,8480,account,Account not assigned,Info,Retained,Retained open opportunity; account value remains null,Central
APXWBOOT,8481,account,Account not assigned,Info,Retained,Retained open opportunity; account value remains null,Central
7N6AHU7C,8482,account,Account not assigned,Info,Retained,Retained open opportunity; account value remains null,Central
X4THRRSJ,8485,account,Account not assigned,Info,Retained,Retained open opportunity; account value remains null,Central
3PN3YSPK,8486,account,Account not assigned,Info,Retained,Retained open opportunity; account value remains null,Central
F6AOT0NK,8487,account,Account not assigned,Info,Retained,Retained open opportunity; account value remains null,Central
YI92HVHO,8488,account,Account not assigned,Info,Retained,Retained open opportunity; account value remains null,Central
39NJ6UC9,8489,account,Account not assigned,Info,Retained,Retained open opportunity; account value remains null,Central
1XR36ESV,8490,account,Account not assigned,Info,Retained,Retained open opportunity; account value remains null,Central
NSYCCHCJ,8492,account,Account not assigned,Info,Retained,Retained open opportunity; account value remains null,Central
ATOYVLLB,8493,account,Account not assigned,Info,Retained,Retained open opportunity; account value remains null,Central
0M4K6F8Q,8494,account,Account not assigned,Info,Retained,Retained open opportunity; account value remains null,Central
HWKJ7TFJ,8497,account,Account not assigned,Info,Retained,Retained open opportunity; account value remains null,Central
Q62STRQQ,8498,account,Account not assigned,Info,Retained,Retained open opportunity; account value remains null,Central
9P9J2ANM,8499,account,Account not assigned,Info,Retained,Retained open opportunity; account value remains null,Central
OJWGRIXN,8500,account,Account not assigned,Info,Retained,Retained open opportunity; account value remains null,Central
EB393LSH,8501,account,Account not assigned,Info,Retained,Retained open opportunity; account value remains null,Central
566X0PLZ,8502,account,Account not assigned,Info,Retained,Retained open opportunity; account value remains null,Central
SFR7RG9V,8503,account,Account not assigned,Info,Retained,Retained open opportunity; account value remains null,Central
UZ7DU3D9,8507,account,Account not assigned,Info,Retained,Retained open opportunity; account value remains null,Central
73CWPT9H,8508,account,Account not assigned,Info,Retained,Retained open opportunity; account value remains null,Central
B7KZYEII,8509,account,Account not assigned,Info,Retained,Retained open opportunity; account value remains null,Central
67CBAWHG,8510,account,Account not assigned,Info,Retained,Retained open opportunity; account value remains null,Central
2WTPSQTN,8511,account,Account not assigned,Info,Retained,Retained open opportunity; account value remains null,Central
V5PKXYWS,8512,account,Account not assigned,Info,Retained,Retained open opportunity; account value remains null,Central
EJCPWP6V,8513,product,Product-key mismatch,Low,Standardized,GTXPro mapped to GTX Pro; original retained in source CSV,Central
BJE7KCZ1,8514,product,Product-key mismatch,Low,Standardized,GTXPro mapped to GTX Pro; original retained in source CSV,Central
TK9J8AOZ,8515,product,Product-key mismatch,Low,Standardized,GTXPro mapped to GTX Pro; original retained in source CSV,Central
XARW0KTX,8516,product,Product-key mismatch,Low,Standardized,GTXPro mapped to GTX Pro; original retained in source CSV,Central
XARW0KTX,8516,account,Account not assigned,Info,Retained,Retained open opportunity; account value remains null,Central
0C34Z5UZ,8517,product,Product-key mismatch,Low,Standardized,GTXPro mapped to GTX Pro; original retained in source CSV,Central
0C34Z5UZ,8517,account,Account not assigned,Info,Retained,Retained open opportunity; account value remains null,Central
OA3RDG12,8518,product,Product-key mismatch,Low,Standardized,GTXPro mapped to GTX Pro; original retained in source CSV,Central
OA3RDG12,8518,account,Account not assigned,Info,Retained,Retained open opportunity; account value remains null,Central
847RHYQE,8519,product,Product-key mismatch,Low,Standardized,GTXPro mapped to GTX Pro; original retained in source CSV,Central
847RHYQE,8519,account,Account not assigned,Info,Retained,Retained open opportunity; account value remains null,Central
HP50ZWIZ,8525,account,Account not assigned,Info,Retained,Retained open opportunity; account value remains null,Central
X3KQZM1K,8526,account,Account not assigned,Info,Retained,Retained open opportunity; account value remains null,Central
WA3U0EVI,8527,account,Account not assigned,Info,Retained,Retained open opportunity; account value remains null,Central
Q9CASEJL,8528,account,Account not assigned,Info,Retained,Retained open opportunity; account value remains null,Central
OIBR7UA7,8529,account,Account not assigned,Info,Retained,Retained open opportunity; account value remains null,Central
J5IF7CT6,8534,account,Account not assigned,Info,Retained,Retained open opportunity; account value remains null,Central
AAQ5H36J,8535,account,Account not assigned,Info,Retained,Retained open opportunity; account value remains null,Central
37PEZCGO,8536,account,Account not assigned,Info,Retained,Retained open opportunity; account value remains null,Central
X9NUTLTR,8537,account,Account not assigned,Info,Retained,Retained open opportunity; account value remains null,Central
L5PS6S68,8538,account,Account not assigned,Info,Retained,Retained open opportunity; account value remains null,Central
JLZCOLIE,8539,account,Account not assigned,Info,Retained,Retained open opportunity; account value remains null,Central
D00AN5HY,8549,account,Account not assigned,Info,Retained,Retained open opportunity; account value remains null,Central
E6798P2J,8550,account,Account not assigned,Info,Retained,Retained open opportunity; account value remains null,Central
MR08TTTT,8551,account,Account not assigned,Info,Retained,Retained open opportunity; account value remains null,Central
7UVKZD60,8552,account,Account not assigned,Info,Retained,Retained open opportunity; account value remains null,Central
0RLU8I9Q,8553,account,Account not assigned,Info,Retained,Retained open opportunity; account value remains null,Central
ZT163LH3,8554,account,Account not assigned,Info,Retained,Retained open opportunity; account value remains null,Central
8Y3OMER4,8555,account,Account not assigned,Info,Retained,Retained open opportunity; account value remains null,Central
OQ1P1OLH,8556,account,Account not assigned,Info,Retained,Retained open opportunity; account value remains null,Central
UY93W9NZ,8557,account,Account not assigned,Info,Retained,Retained open opportunity; account value remains null,Central
NVH71LD4,8558,account,Account not assigned,Info,Retained,Retained open opportunity; account value remains null,Central
XVQ3OA99,8559,account,Account not assigned,Info,Retained,Retained open opportunity; account value remains null,Central
DJDJ5A58,8560,account,Account not assigned,Info,Retained,Retained open opportunity; account value remains null,Central
22TUMCKT,8561,account,Account not assigned,Info,Retained,Retained open opportunity; account value remains null,Central
UD1GNRL4,8564,account,Account not assigned,Info,Retained,Retained open opportunity; account value remains null,Central
B2YZJ212,8565,account,Account not assigned,Info,Retained,Retained open opportunity; account value remains null,Central
94DGJSLN,8566,account,Account not assigned,Info,Retained,Retained open opportunity; account value remains null,Central
IRTO8ZJW,8567,account,Account not assigned,Info,Retained,Retained open opportunity; account value remains null,Central
QN1UL4N3,8570,account,Account not assigned,Info,Retained,Retained open opportunity; account value remains null,Central
FW2CVY2X,8571,account,Account not assigned,Info,Retained,Retained open opportunity; account value remains null,Central
9R8AKL0D,8572,product,Product-key mismatch,Low,Standardized,GTXPro mapped to GTX Pro; original retained in source CSV,Central
R14YE68N,8573,product,Product-key mismatch,Low,Standardized,GTXPro mapped to GTX Pro; original retained in source CSV,Central
8RQCHZ5O,8574,product,Product-key mismatch,Low,Standardized,GTXPro mapped to GTX Pro; original retained in source CSV,Central
8RQCHZ5O,8574,account,Account not assigned,Info,Retained,Retained open opportunity; account value remains null,Central
90KRHC6T,8575,product,Product-key mismatch,Low,Standardized,GTXPro mapped to GTX Pro; original retained in source CSV,Central
90KRHC6T,8575,account,Account not assigned,Info,Retained,Retained open opportunity; account value remains null,Central
8NLGRTU5,8576,product,Product-key mismatch,Low,Standardized,GTXPro mapped to GTX Pro; original retained in source CSV,Central
8NLGRTU5,8576,account,Account not assigned,Info,Retained,Retained open opportunity; account value remains null,Central
QMRDG7WP,8577,product,Product-key mismatch,Low,Standardized,GTXPro mapped to GTX Pro; original retained in source CSV,Central
QMRDG7WP,8577,account,Account not assigned,Info,Retained,Retained open opportunity; account value remains null,Central
F0K8UDEG,8578,product,Product-key mismatch,Low,Standardized,GTXPro mapped to GTX Pro; original retained in source CSV,Central
F0K8UDEG,8578,account,Account not assigned,Info,Retained,Retained open opportunity; account value remains null,Central
NUEPXB8Z,8579,product,Product-key mismatch,Low,Standardized,GTXPro mapped to GTX Pro; original retained in source CSV,Central
NUEPXB8Z,8579,account,Account not assigned,Info,Retained,Retained open opportunity; account value remains null,Central
FBDS7GIZ,8580,product,Product-key mismatch,Low,Standardized,GTXPro mapped to GTX Pro; original retained in source CSV,Central
FBDS7GIZ,8580,account,Account not assigned,Info,Retained,Retained open opportunity; account value remains null,Central
0QMDTHBS,8583,account,Account not assigned,Info,Retained,Retained open opportunity; account value remains null,Central
GM5X0CSG,8584,account,Account not assigned,Info,Retained,Retained open opportunity; account value remains null,Central
E0HMRMZ9,8585,account,Account not assigned,Info,Retained,Retained open opportunity; account value remains null,Central
DYA87PL1,8586,account,Account not assigned,Info,Retained,Retained open opportunity; account value remains null,Central
CGRMC7OE,8587,account,Account not assigned,Info,Retained,Retained open opportunity; account value remains null,Central
9HFEMESD,8591,account,Account not assigned,Info,Retained,Retained open opportunity; account value remains null,Central
00400B1S,8592,account,Account not assigned,Info,Retained,Retained open opportunity; account value remains null,Central
PELBIQ95,8593,account,Account not assigned,Info,Retained,Retained open opportunity; account value remains null,Central
HLE798LQ,8594,account,Account not assigned,Info,Retained,Retained open opportunity; account value remains null,Central
NB67WD27,8595,account,Account not assigned,Info,Retained,Retained open opportunity; account value remains null,Central
2RQOUJ9V,8596,account,Account not assigned,Info,Retained,Retained open opportunity; account value remains null,Central
6KW4PU0S,8597,account,Account not assigned,Info,Retained,Retained open opportunity; account value remains null,Central
Y533QVR5,8598,account,Account not assigned,Info,Retained,Retained open opportunity; account value remains null,Central
PAUK1IU0,8599,account,Account not assigned,Info,Retained,Retained open opportunity; account value remains null,Central
97WEHB4X,8600,account,Account not assigned,Info,Retained,Retained open opportunity; account value remains null,Central
Z4JQEOMT,8601,account,Account not assigned,Info,Retained,Retained open opportunity; account value remains null,Central
U0U1RIMI,8603,account,Account not assigned,Info,Retained,Retained open opportunity; account value remains null,Central
ZTFYF8PV,8604,account,Account not assigned,Info,Retained,Retained open opportunity; account value remains null,Central
Q620I4AZ,8605,account,Account not assigned,Info,Retained,Retained open opportunity; account value remains null,Central
L7PPTHLF,8606,account,Account not assigned,Info,Retained,Retained open opportunity; account value remains null,Central
8U9CA21G,8607,account,Account not assigned,Info,Retained,Retained open opportunity; account value remains null,Central
F14T88OP,8608,account,Account not assigned,Info,Retained,Retained open opportunity; account value remains null,Central
O7MBZPN4,8611,account,Account not assigned,Info,Retained,Retained open opportunity; account value remains null,Central
XS7B6QT7,8612,account,Account not assigned,Info,Retained,Retained open opportunity; account value remains null,Central
N6JMQG0E,8613,account,Account not assigned,Info,Retained,Retained open opportunity; account value remains null,Central
TBNPWPNE,8614,account,Account not assigned,Info,Retained,Retained open opportunity; account value remains null,Central
M4WW6I1S,8615,account,Account not assigned,Info,Retained,Retained open opportunity; account value remains null,Central
GLQLEZJM,8616,account,Account not assigned,Info,Retained,Retained open opportunity; account value remains null,Central
NDJBDONI,8620,account,Account not assigned,Info,Retained,Retained open opportunity; account value remains null,Central
94ZZLWOH,8621,account,Account not assigned,Info,Retained,Retained open opportunity; account value remains null,Central
KKUHAY4O,8622,account,Account not assigned,Info,Retained,Retained open opportunity; account value remains null,Central
4V17GRKW,8623,account,Account not assigned,Info,Retained,Retained open opportunity; account value remains null,Central
EOJHYLXG,8624,account,Account not assigned,Info,Retained,Retained open opportunity; account value remains null,Central
4XQ43RJW,8625,account,Account not assigned,Info,Retained,Retained open opportunity; account value remains null,Central
MJK3UJ1B,8626,account,Account not assigned,Info,Retained,Retained open opportunity; account value remains null,Central
44JDHBI8,8627,account,Account not assigned,Info,Retained,Retained open opportunity; account value remains null,Central
BW0NOLCK,8631,account,Account not assigned,Info,Retained,Retained open opportunity; account value remains null,Central
G7K3HJAT,8632,account,Account not assigned,Info,Retained,Retained open opportunity; account value remains null,Central
NBE5EMSV,8633,account,Account not assigned,Info,Retained,Retained open opportunity; account value remains null,Central
D00KRY2S,8634,account,Account not assigned,Info,Retained,Retained open opportunity; account value remains null,Central
ZB3JRI67,8635,account,Account not assigned,Info,Retained,Retained open opportunity; account value remains null,Central
4AUWVKUU,8636,account,Account not assigned,Info,Retained,Retained open opportunity; account value remains null,Central
VUFZB941,8643,account,Account not assigned,Info,Retained,Retained open opportunity; account value remains null,Central
EABYCHB3,8644,account,Account not assigned,Info,Retained,Retained open opportunity; account value remains null,Central
6Z6DMG2V,8645,account,Account not assigned,Info,Retained,Retained open opportunity; account value remains null,Central
BZ96Z7AI,8646,account,Account not assigned,Info,Retained,Retained open opportunity; account value remains null,Central
QY7GTG6Y,8647,account,Account not assigned,Info,Retained,Retained open opportunity; account value remains null,Central
VZ28EXFN,8648,account,Account not assigned,Info,Retained,Retained open opportunity; account value remains null,Central
KOPIWJO5,8649,account,Account not assigned,Info,Retained,Retained open opportunity; account value remains null,Central
465ZW6J2,8650,account,Account not assigned,Info,Retained,Retained open opportunity; account value remains null,Central
BVRUBA3A,8651,account,Account not assigned,Info,Retained,Retained open opportunity; account value remains null,Central
5JS1Z5BQ,8652,account,Account not assigned,Info,Retained,Retained open opportunity; account value remains null,Central
5EUHU5AF,8653,account,Account not assigned,Info,Retained,Retained open opportunity; account value remains null,Central
F11IGBLD,8654,account,Account not assigned,Info,Retained,Retained open opportunity; account value remains null,Central
CC70D9SD,8655,account,Account not assigned,Info,Retained,Retained open opportunity; account value remains null,Central
0BQTT5UF,8656,product,Product-key mismatch,Low,Standardized,GTXPro mapped to GTX Pro; original retained in source CSV,Central
M7UNLZEP,8657,product,Product-key mismatch,Low,Standardized,GTXPro mapped to GTX Pro; original retained in source CSV,Central
EG7S6ZOI,8658,product,Product-key mismatch,Low,Standardized,GTXPro mapped to GTX Pro; original retained in source CSV,Central
UND13JS5,8659,product,Product-key mismatch,Low,Standardized,GTXPro mapped to GTX Pro; original retained in source CSV,Central
HFVWQIMF,8660,product,Product-key mismatch,Low,Standardized,GTXPro mapped to GTX Pro; original retained in source CSV,Central
HFVWQIMF,8660,account,Account not assigned,Info,Retained,Retained open opportunity; account value remains null,Central
9YLUGU6I,8661,product,Product-key mismatch,Low,Standardized,GTXPro mapped to GTX Pro; original retained in source CSV,Central
9YLUGU6I,8661,account,Account not assigned,Info,Retained,Retained open opportunity; account value remains null,Central
SAUIIUTV,8662,product,Product-key mismatch,Low,Standardized,GTXPro mapped to GTX Pro; original retained in source CSV,Central
SAUIIUTV,8662,account,Account not assigned,Info,Retained,Retained open opportunity; account value remains null,Central
B5H6M7AP,8663,product,Product-key mismatch,Low,Standardized,GTXPro mapped to GTX Pro; original retained in source CSV,Central
B5H6M7AP,8663,account,Account not assigned,Info,Retained,Retained open opportunity; account value remains null,Central
GSOR2INK,8668,account,Account not assigned,Info,Retained,Retained open opportunity; account value remains null,Central
BTH2O9OF,8669,account,Account not assigned,Info,Retained,Retained open opportunity; account value remains null,Central
HW367OVT,8670,account,Account not assigned,Info,Retained,Retained open opportunity; account value remains null,Central
O6NIPA7N,8671,account,Account not assigned,Info,Retained,Retained open opportunity; account value remains null,Central
WJ7HDR4Q,8676,account,Account not assigned,Info,Retained,Retained open opportunity; account value remains null,Central
F1NWH30L,8677,account,Account not assigned,Info,Retained,Retained open opportunity; account value remains null,Central
7KQAH6UI,8678,account,Account not assigned,Info,Retained,Retained open opportunity; account value remains null,Central
2NO97U9Z,8679,account,Account not assigned,Info,Retained,Retained open opportunity; account value remains null,Central
BKI3OLP8,8680,account,Account not assigned,Info,Retained,Retained open opportunity; account value remains null,Central
KTSP63I0,8681,account,Account not assigned,Info,Retained,Retained open opportunity; account value remains null,Central
M22PCEKY,8685,account,Account not assigned,Info,Retained,Retained open opportunity; account value remains null,Central
IVTNXNYP,8686,account,Account not assigned,Info,Retained,Retained open opportunity; account value remains null,Central
HOXD9TTL,8687,account,Account not assigned,Info,Retained,Retained open opportunity; account value remains null,Central
H046CU4Z,8688,account,Account not assigned,Info,Retained,Retained open opportunity; account value remains null,Central
JF4MEWPX,8689,account,Account not assigned,Info,Retained,Retained open opportunity; account value remains null,Central
1HD5JJM3,8690,account,Account not assigned,Info,Retained,Retained open opportunity; account value remains null,Central
NWPSEF2I,8691,account,Account not assigned,Info,Retained,Retained open opportunity; account value remains null,Central
0E8D6TCQ,8692,account,Account not assigned,Info,Retained,Retained open opportunity; account value remains null,Central
7MKYTX69,8693,account,Account not assigned,Info,Retained,Retained open opportunity; account value remains null,Central
32NDDT4L,8695,account,Account not assigned,Info,Retained,Retained open opportunity; account value remains null,Central
1969NL80,8696,account,Account not assigned,Info,Retained,Retained open opportunity; account value remains null,Central
IKR0NSUE,8697,account,Account not assigned,Info,Retained,Retained open opportunity; account value remains null,Central
473F6L9F,8698,account,Account not assigned,Info,Retained,Retained open opportunity; account value remains null,Central
KN4LCS4D,8699,account,Account not assigned,Info,Retained,Retained open opportunity; account value remains null,Central
2872DC79,8703,account,Account not assigned,Info,Retained,Retained open opportunity; account value remains null,Central
OYRF34VN,8704,account,Account not assigned,Info,Retained,Retained open opportunity; account value remains null,Central
HP8IWA1E,8705,account,Account not assigned,Info,Retained,Retained open opportunity; account value remains null,Central
M5ZYQFGR,8706,account,Account not assigned,Info,Retained,Retained open opportunity; account value remains null,Central
0CECGPEJ,8707,account,Account not assigned,Info,Retained,Retained open opportunity; account value remains null,Central
D6YEYMJC,8708,account,Account not assigned,Info,Retained,Retained open opportunity; account value remains null,Central
RLDCYEJU,8709,account,Account not assigned,Info,Retained,Retained open opportunity; account value remains null,Central
BIN9U8D9,8710,account,Account not assigned,Info,Retained,Retained open opportunity; account value remains null,Central
8O98HGMW,8711,account,Account not assigned,Info,Retained,Retained open opportunity; account value remains null,Central
SRYX0U85,8712,account,Account not assigned,Info,Retained,Retained open opportunity; account value remains null,Central
HUG2KAHE,8715,account,Account not assigned,Info,Retained,Retained open opportunity; account value remains null,Central
PGN9I1HU,8716,account,Account not assigned,Info,Retained,Retained open opportunity; account value remains null,Central
647SQRGL,8717,account,Account not assigned,Info,Retained,Retained open opportunity; account value remains null,Central
TAKHOTRW,8718,account,Account not assigned,Info,Retained,Retained open opportunity; account value remains null,Central
TS9QPHNA,8719,account,Account not assigned,Info,Retained,Retained open opportunity; account value remains null,Central
UEI0RABV,8720,account,Account not assigned,Info,Retained,Retained open opportunity; account value remains null,Central
27ZK0L0F,8721,account,Account not assigned,Info,Retained,Retained open opportunity; account value remains null,Central
K38J8D75,8722,account,Account not assigned,Info,Retained,Retained open opportunity; account value remains null,Central
UIP7MXOR,8723,account,Account not assigned,Info,Retained,Retained open opportunity; account value remains null,Central
52WACRCG,8727,account,Account not assigned,Info,Retained,Retained open opportunity; account value remains null,Central
0PXJYUT7,8728,account,Account not assigned,Info,Retained,Retained open opportunity; account value remains null,Central
D45LXDPW,8729,account,Account not assigned,Info,Retained,Retained open opportunity; account value remains null,Central
K8ITR8PA,8732,account,Account not assigned,Info,Retained,Retained open opportunity; account value remains null,Central
G4B3UCWQ,8733,product,Product-key mismatch,Low,Standardized,GTXPro mapped to GTX Pro; original retained in source CSV,Central
G4B3UCWQ,8733,account,Account not assigned,Info,Retained,Retained open opportunity; account value remains null,Central
8O212QCV,8734,product,Product-key mismatch,Low,Standardized,GTXPro mapped to GTX Pro; original retained in source CSV,Central
8O212QCV,8734,account,Account not assigned,Info,Retained,Retained open opportunity; account value remains null,Central
X2REWR7J,8735,product,Product-key mismatch,Low,Standardized,GTXPro mapped to GTX Pro; original retained in source CSV,Central
X2REWR7J,8735,account,Account not assigned,Info,Retained,Retained open opportunity; account value remains null,Central
K7L1RE8B,8738,account,Account not assigned,Info,Retained,Retained open opportunity; account value remains null,Central
RPCZJOE2,8739,account,Account not assigned,Info,Retained,Retained open opportunity; account value remains null,Central
6IG2A8KD,8740,account,Account not assigned,Info,Retained,Retained open opportunity; account value remains null,Central
MFU6Y5HX,8741,account,Account not assigned,Info,Retained,Retained open opportunity; account value remains null,Central
Y0EKPBLQ,8742,account,Account not assigned,Info,Retained,Retained open opportunity; account value remains null,Central
8TLX2786,8743,account,Account not assigned,Info,Retained,Retained open opportunity; account value remains null,Central
Z9CW6K35,8744,account,Account not assigned,Info,Retained,Retained open opportunity; account value remains null,Central
PF7M8CG2,8746,account,Account not assigned,Info,Retained,Retained open opportunity; account value remains null,Central
EPOB4B15,8750,account,Account not assigned,Info,Retained,Retained open opportunity; account value remains null,Central
2WWMPY7O,8751,account,Account not assigned,Info,Retained,Retained open opportunity; account value remains null,Central
Z6VQW8TB,8752,account,Account not assigned,Info,Retained,Retained open opportunity; account value remains null,Central
FNLAOXF8,8753,account,Account not assigned,Info,Retained,Retained open opportunity; account value remains null,Central
6IO91583,8755,account,Account not assigned,Info,Retained,Retained open opportunity; account value remains null,Central
ZXNPF7PL,8756,account,Account not assigned,Info,Retained,Retained open opportunity; account value remains null,Central
NKFG3KKP,8757,account,Account not assigned,Info,Retained,Retained open opportunity; account value remains null,Central
6QKBZAEQ,8765,account,Account not assigned,Info,Retained,Retained open opportunity; account value remains null,Central
5P4OCP0Q,8766,account,Account not assigned,Info,Retained,Retained open opportunity; account value remains null,Central
E54FFQBM,8767,account,Account not assigned,Info,Retained,Retained open opportunity; account value remains null,Central
8GNSME5U,8768,account,Account not assigned,Info,Retained,Retained open opportunity; account value remains null,Central
5697WKA6,8769,account,Account not assigned,Info,Retained,Retained open opportunity; account value remains null,Central
A5DN7SE1,8770,account,Account not assigned,Info,Retained,Retained open opportunity; account value remains null,Central
DGI6CB5K,8771,account,Account not assigned,Info,Retained,Retained open opportunity; account value remains null,Central
MTH7D617,8772,account,Account not assigned,Info,Retained,Retained open opportunity; account value remains null,Central
S6BD2RV6,8773,account,Account not assigned,Info,Retained,Retained open opportunity; account value remains null,Central
P43NZA0V,8774,account,Account not assigned,Info,Retained,Retained open opportunity; account value remains null,Central
TFPZNRS3,8775,account,Account not assigned,Info,Retained,Retained open opportunity; account value remains null,Central
SPTF1MZ4,8776,account,Account not assigned,Info,Retained,Retained open opportunity; account value remains null,Central
WI5RHGX9,8777,account,Account not assigned,Info,Retained,Retained open opportunity; account value remains null,Central
WAT7H38N,8778,account,Account not assigned,Info,Retained,Retained open opportunity; account value remains null,Central
1FAU5C6V,8779,account,Account not assigned,Info,Retained,Retained open opportunity; account value remains null,Central
Q5RRTVJK,8780,account,Account not assigned,Info,Retained,Retained open opportunity; account value remains null,Central
KIOF5EM0,8781,account,Account not assigned,Info,Retained,Retained open opportunity; account value remains null,Central
SH4FSTJV,8782,account,Account not assigned,Info,Retained,Retained open opportunity; account value remains null,Central
AV50UWVV,8783,account,Account not assigned,Info,Retained,Retained open opportunity; account value remains null,Central
KAZ72JJ0,8784,account,Account not assigned,Info,Retained,Retained open opportunity; account value remains null,Central
QVWEPN6J,8785,account,Account not assigned,Info,Retained,Retained open opportunity; account value remains null,Central
JD7ACALY,8786,account,Account not assigned,Info,Retained,Retained open opportunity; account value remains null,Central
NSGU1K3N,8787,account,Account not assigned,Info,Retained,Retained open opportunity; account value remains null,Central
UK00OVV2,8788,account,Account not assigned,Info,Retained,Retained open opportunity; account value remains null,Central
DWGARGA2,8789,account,Account not assigned,Info,Retained,Retained open opportunity; account value remains null,Central
A4M34F8C,8790,account,Account not assigned,Info,Retained,Retained open opportunity; account value remains null,Central
WNWI8RJU,8793,account,Account not assigned,Info,Retained,Retained open opportunity; account value remains null,Central
4H6DFFO4,8794,account,Account not assigned,Info,Retained,Retained open opportunity; account value remains null,Central
IUM2FVA1,8795,account,Account not assigned,Info,Retained,Retained open opportunity; account value remains null,Central
9MIWFW5J,8796,account,Account not assigned,Info,Retained,Retained open opportunity; account value remains null,Central
6SLKZ8FI,8797,account,Account not assigned,Info,Retained,Retained open opportunity; account value remains null,Central
LIB4KUZJ,8798,account,Account not assigned,Info,Retained,Retained open opportunity; account value remains null,Central
18IUIUK0,8799,account,Account not assigned,Info,Retained,Retained open opportunity; account value remains null,Central
8I5ONXJX,8800,account,Account not assigned,Info,Retained,Retained open opportunity; account value remains null,Central
