Name,Portfolio_ID__c,Account_Portfolio_ID,Rep_Portfolio_ID,StageName,Amount,CloseDate,Region__c,Product__c
1C1I7A6R,1C1I7A6R,A009,R005,Closed Won,1054.0,2017-03-01,Central,GTX Plus Basic
Z063OYW0,Z063OYW0,A039,R010,Closed Won,4514.0,2017-03-11,Central,GTX Pro
EC4QE1BX,EC4QE1BX,A009,R010,Closed Won,50.0,2017-03-07,Central,MG Special
MV1LWRNH,MV1LWRNH,A011,R005,Closed Won,588.0,2017-03-09,Central,GTX Basic
PE84CX4O,PE84CX4O,A035,R033,Closed Won,517.0,2017-03-02,West,GTX Basic
ZNBS69V1,ZNBS69V1,A059,R001,Closed Won,49.0,2017-03-01,Central,MG Special
9ME3374G,9ME3374G,A041,R024,Closed Won,57.0,2017-03-02,West,MG Special
7GN8Q4LL,7GN8Q4LL,A010,R027,Closed Won,601.0,2017-03-07,West,GTX Basic
OLK9LKZB,OLK9LKZB,A085,R009,Closed Won,1026.0,2017-03-03,Central,GTX Plus Basic
NL3JZH1Z,NL3JZH1Z,A004,R001,Closed Won,53.0,2017-03-10,Central,MG Special
KWVA7VR1,KWVA7VR1,A028,R008,Closed Lost,0.0,2017-03-18,Central,GTX Pro
S8DX3XOU,S8DX3XOU,A070,R030,Closed Won,5169.0,2017-03-10,West,GTX Plus Pro
ENB2XD8G,ENB2XD8G,A065,R034,Closed Won,4631.0,2017-03-06,West,GTX Plus Pro
09YE9QOV,09YE9QOV,A024,R026,Closed Won,3393.0,2017-03-11,West,MG Advanced
3F5MZNEH,3F5MZNEH,A065,R025,Closed Lost,0.0,2017-03-03,West,MG Special
M6WEJXC0,M6WEJXC0,A061,R025,Closed Won,3284.0,2017-03-06,West,MG Advanced
6PTR7VBR,6PTR7VBR,A073,R003,Closed Won,61.0,2017-03-05,Central,MG Special
902REDPA,902REDPA,A078,R018,Closed Lost,0.0,2017-03-09,East,GTX Pro
5J9CMGDV,5J9CMGDV,A058,R028,Closed Won,46.0,2017-03-08,West,MG Special
JJXRR8R6,JJXRR8R6,A021,R030,Closed Lost,0.0,2017-03-17,West,GTX Plus Pro
WF4HA5NW,WF4HA5NW,A059,R005,Closed Won,50.0,2017-03-18,Central,MG Special
C5K2JP1H,C5K2JP1H,A075,R012,Closed Won,1014.0,2017-03-11,East,GTX Plus Basic
ADRB8OMB,ADRB8OMB,A076,R010,Closed Won,561.0,2017-03-26,Central,GTX Basic
SBCR987L,SBCR987L,A083,R032,Closed Won,590.0,2017-03-23,West,GTX Basic
JSD4APT2,JSD4APT2,A004,R003,Closed Won,61.0,2017-03-12,Central,MG Special
AO9Z2D17,AO9Z2D17,A078,R012,Closed Lost,0.0,2017-03-11,East,GTX Plus Pro
5M58DTJK,5M58DTJK,A010,R028,Closed Won,58.0,2017-03-05,West,MG Special
KNY1OSAB,KNY1OSAB,A046,R034,Closed Won,4899.0,2017-03-14,West,GTX Pro
EAZDUUM9,EAZDUUM9,A084,R014,Closed Lost,0.0,2017-03-01,East,MG Advanced
2STUSOFE,2STUSOFE,A015,R003,Closed Won,67.0,2017-03-03,Central,MG Special
JYKM0B00,JYKM0B00,A077,R030,Closed Won,4338.0,2017-03-06,West,GTX Pro
KU28360J,KU28360J,A021,R031,Closed Won,578.0,2017-03-19,West,GTX Basic
N4SD17JR,N4SD17JR,A001,R021,Closed Won,556.0,2017-03-01,East,GTX Basic
E67P9Y3Q,E67P9Y3Q,A033,R025,Closed Won,635.0,2017-03-03,West,GTX Basic
AT3MMVIS,AT3MMVIS,A071,R016,Closed Won,3045.0,2017-03-07,East,MG Advanced
REJ11LRY,REJ11LRY,A049,R015,Closed Won,1233.0,2017-03-14,East,GTX Plus Basic
ERV0CAZ7,ERV0CAZ7,A085,R003,Closed Won,60.0,2017-03-09,Central,MG Special
8SOQADK7,8SOQADK7,A030,R001,Closed Lost,0.0,2017-03-30,Central,MG Special
TCHFT25B,TCHFT25B,A066,R010,Closed Lost,0.0,2017-03-08,Central,GTX Basic
CZVN09WN,CZVN09WN,A045,R010,Closed Won,1170.0,2017-03-20,Central,GTX Plus Basic
30UQWUKB,30UQWUKB,A028,R007,Closed Won,1162.0,2017-03-20,Central,GTX Plus Basic
97UN20YY,97UN20YY,A013,R010,Closed Won,3725.0,2017-03-14,Central,MG Advanced
JXLERZ9O,JXLERZ9O,A031,R031,Closed Won,559.0,2017-03-31,West,GTX Basic
6ROE69W5,6ROE69W5,A054,R025,Closed Lost,0.0,2017-03-11,West,GTX Basic
0DFXFKT7,0DFXFKT7,A060,R010,Closed Lost,0.0,2017-03-21,Central,GTX Plus Basic
XKMZVSN4,XKMZVSN4,A065,R030,Closed Won,4667.0,2017-03-05,West,GTX Plus Pro
IU8V0BZK,IU8V0BZK,A023,R007,Closed Won,903.0,2017-03-17,Central,GTX Plus Basic
XY42936P,XY42936P,A024,R034,Closed Won,1180.0,2017-03-13,West,GTX Plus Basic
XRN54MBM,XRN54MBM,A059,R009,Closed Won,487.0,2017-03-05,Central,GTX Basic
2V848WZD,2V848WZD,A066,R004,Closed Won,3180.0,2017-03-04,Central,MG Advanced
ONYNTUCG,ONYNTUCG,A025,R010,Closed Lost,0.0,2017-03-17,Central,GTX Pro
HIOHX80Y,HIOHX80Y,A030,R010,Closed Won,3563.0,2017-03-18,Central,MG Advanced
LPKT07PV,LPKT07PV,A053,R022,Closed Won,4704.0,2017-03-23,East,GTX Pro
WPB2SLIG,WPB2SLIG,A063,R020,Closed Won,5585.0,2017-03-14,East,GTX Plus Pro
XUSUEAV7,XUSUEAV7,A083,R028,Closed Won,25897.0,2017-03-09,West,GTK 500
3TYPII47,3TYPII47,A032,R032,Closed Won,1207.0,2017-03-03,West,GTX Plus Basic
7WAX8Z8O,7WAX8Z8O,A009,R004,Closed Lost,0.0,2017-03-08,Central,MG Advanced
MYDUMR3R,MYDUMR3R,A057,R004,Closed Won,559.0,2017-03-04,Central,GTX Basic
37JFKD4I,37JFKD4I,A015,R009,Closed Won,1033.0,2017-03-09,Central,GTX Plus Basic
25YKPHX8,25YKPHX8,A042,R020,Closed Won,462.0,2017-03-21,East,GTX Basic
BXXMA7F3,BXXMA7F3,A050,R026,Closed Lost,0.0,2017-03-01,West,MG Advanced
GIUUTBXM,GIUUTBXM,A079,R031,Closed Won,5539.0,2017-03-14,West,GTX Pro
MFX2LR1Q,MFX2LR1Q,A059,R004,Closed Won,3573.0,2017-03-15,Central,MG Advanced
DUHE9FLY,DUHE9FLY,A013,R007,Closed Won,4926.0,2017-03-01,Central,GTX Pro
96BSG7R1,96BSG7R1,A070,R033,Closed Lost,0.0,2017-03-17,West,GTX Plus Basic
7FQMSWIX,7FQMSWIX,A005,R013,Closed Won,62.0,2017-03-04,East,MG Special
C20AVXN7,C20AVXN7,A030,R010,Closed Won,4359.0,2017-03-14,Central,GTX Pro
GS1QVWCR,GS1QVWCR,A055,R032,Closed Won,566.0,2017-03-31,West,GTX Basic
ZWH8FXY3,ZWH8FXY3,A072,R007,Closed Won,508.0,2017-03-03,Central,GTX Basic
2U94Y3Q9,2U94Y3Q9,A075,R014,Closed Lost,0.0,2017-03-20,East,MG Advanced
AAR79NOO,AAR79NOO,A011,R003,Closed Won,51.0,2017-03-11,Central,MG Special
B6B0PNR2,B6B0PNR2,A014,R024,Closed Won,4899.0,2017-03-05,West,GTX Pro
LXZA2OSZ,LXZA2OSZ,A052,R013,Closed Won,5790.0,2017-03-03,East,GTX Plus Pro
N0ONCYVZ,N0ONCYVZ,A043,R020,Closed Lost,0.0,2017-03-30,East,MG Special
513DPFX5,513DPFX5,A011,R008,Closed Won,4438.0,2017-03-03,Central,GTX Pro
RU023K5W,RU023K5W,A023,R008,Closed Won,2972.0,2017-03-17,Central,MG Advanced
BZCBQ514,BZCBQ514,A079,R027,Closed Won,523.0,2017-03-01,West,GTX Basic
HEE6P0QH,HEE6P0QH,A067,R001,Closed Won,3647.0,2017-03-25,Central,MG Advanced
L8CHRJ2B,L8CHRJ2B,A074,R019,Closed Won,4200.0,2017-03-01,East,MG Advanced
V2X2KMUR,V2X2KMUR,A022,R032,Closed Won,1059.0,2017-03-28,West,GTX Plus Basic
AJIPJP75,AJIPJP75,A011,R007,Closed Lost,0.0,2017-03-05,Central,GTX Plus Basic
NYVA2G6U,NYVA2G6U,A019,R003,Closed Won,57.0,2017-03-02,Central,MG Special
FF45BXTL,FF45BXTL,A044,R024,Closed Won,3671.0,2017-03-27,West,MG Advanced
TTA9LYBS,TTA9LYBS,A073,R001,Closed Won,58.0,2017-03-01,Central,MG Special
PAGZQH8L,PAGZQH8L,A073,R002,Closed Won,3956.0,2017-03-06,Central,MG Advanced
J7YF6DS7,J7YF6DS7,A002,R013,Closed Won,5964.0,2017-03-01,East,GTX Plus Pro
S5IXY4Z9,S5IXY4Z9,A002,R013,Closed Won,4570.0,2017-03-06,East,GTX Pro
JQBJMETQ,JQBJMETQ,A016,R010,Closed Won,49.0,2017-03-27,Central,MG Special
0LVWSWEW,0LVWSWEW,A018,R012,Closed Won,65.0,2017-03-06,East,MG Special
K53BC1T9,K53BC1T9,A016,R001,Closed Lost,0.0,2017-03-27,Central,MG Special
D40N5I9Y,D40N5I9Y,A023,R010,Closed Won,4739.0,2017-03-08,Central,GTX Pro
051QTX8Z,051QTX8Z,A029,R009,Closed Won,1080.0,2017-03-21,Central,GTX Plus Basic
5D2XH04S,5D2XH04S,A056,R021,Closed Won,57.0,2017-03-12,East,MG Special
V9E582SK,V9E582SK,A044,R015,Closed Won,469.0,2017-03-16,East,GTX Basic
UK0LEZRJ,UK0LEZRJ,A012,R031,Closed Won,532.0,2017-03-03,West,GTX Basic
IT10CFQH,IT10CFQH,A044,R025,Closed Won,538.0,2017-03-26,West,GTX Basic
8VKD2CCH,8VKD2CCH,A048,R014,Closed Won,4829.0,2017-03-21,East,GTX Pro
2XQAKBXH,2XQAKBXH,A017,R033,Closed Won,5370.0,2017-03-11,West,GTX Plus Pro
7G7YLGJO,7G7YLGJO,A035,R033,Closed Won,6499.0,2017-03-21,West,GTX Plus Pro
GCA97W27,GCA97W27,A028,R010,Closed Won,1161.0,2017-03-06,Central,GTX Plus Basic
K8FUZHOG,K8FUZHOG,A061,R031,Closed Won,576.0,2017-03-26,West,GTX Basic
5WJZMULK,5WJZMULK,A035,R034,Closed Won,979.0,2017-03-19,West,GTX Plus Basic
ZPYD4T9W,ZPYD4T9W,A066,R003,Closed Won,43.0,2017-03-07,Central,MG Special
KE9ZEDS8,KE9ZEDS8,A062,R008,Closed Won,57.0,2017-03-07,Central,MG Special
7KK0HQ4C,7KK0HQ4C,A059,R004,Closed Lost,0.0,2017-03-28,Central,MG Special
FP7014Z0,FP7014Z0,A025,R004,Closed Won,948.0,2017-03-12,Central,GTX Plus Basic
N4HFHDMW,N4HFHDMW,A056,R016,Closed Won,3012.0,2017-03-10,East,MG Advanced
2HFLKREC,2HFLKREC,A084,R019,Closed Won,3665.0,2017-03-15,East,MG Advanced
7JVTTVCO,7JVTTVCO,A027,R012,Closed Won,564.0,2017-03-24,East,GTX Basic
3X13866U,3X13866U,A015,R001,Closed Lost,0.0,2017-03-06,Central,GTX Plus Basic
7LE19SYE,7LE19SYE,A037,R019,Closed Won,3463.0,2017-03-22,East,MG Advanced
J5V2M7Y1,J5V2M7Y1,A027,R013,Closed Won,513.0,2017-03-26,East,GTX Basic
41MURAI5,41MURAI5,A044,R013,Closed Won,590.0,2017-03-28,East,GTX Basic
QHI8WRIA,QHI8WRIA,A019,R010,Closed Won,4511.0,2017-03-30,Central,GTX Pro
AJXAXV4W,AJXAXV4W,A023,R004,Closed Lost,0.0,2017-03-02,Central,MG Advanced
VPDXX5PJ,VPDXX5PJ,A009,R009,Closed Won,546.0,2017-03-26,Central,GTX Basic
PZB9NUK8,PZB9NUK8,A079,R024,Closed Won,46.0,2017-03-05,West,MG Special
A0ANOYPF,A0ANOYPF,A059,R010,Closed Won,4891.0,2017-03-09,Central,GTX Pro
0P4AAPYX,0P4AAPYX,A031,R026,Closed Won,1040.0,2017-03-03,West,GTX Plus Basic
O6T5WC3W,O6T5WC3W,A065,R026,Closed Won,1108.0,2017-03-04,West,GTX Plus Basic
0NO04P6C,0NO04P6C,A050,R026,Closed Won,59.0,2017-03-04,West,MG Special
22OFSXBT,22OFSXBT,A067,R006,Closed Won,5406.0,2017-03-30,Central,GTX Pro
MRXZTMM6,MRXZTMM6,A010,R031,Closed Won,515.0,2017-03-20,West,GTX Basic
LGI8QEC2,LGI8QEC2,A073,R005,Closed Won,583.0,2017-03-06,Central,GTX Basic
6KZ0NCFX,6KZ0NCFX,A025,R003,Closed Won,54.0,2017-03-14,Central,MG Special
3SF8O9S6,3SF8O9S6,A055,R024,Closed Won,60.0,2017-03-27,West,MG Special
XK668R7C,XK668R7C,A019,R010,Closed Lost,0.0,2017-03-12,Central,GTX Basic
TZCAQWL3,TZCAQWL3,A025,R010,Closed Lost,0.0,2017-03-19,Central,GTX Pro
BADC6A9H,BADC6A9H,A029,R010,Closed Won,516.0,2017-03-23,Central,GTX Basic
B8E0UUZR,B8E0UUZR,A057,R010,Closed Won,4829.0,2017-03-22,Central,GTX Pro
I043RXJV,I043RXJV,A019,R005,Closed Lost,0.0,2017-03-17,Central,GTX Plus Basic
MWWB44CC,MWWB44CC,A018,R021,Closed Won,950.0,2017-03-02,East,GTX Plus Basic
HBTINPDG,HBTINPDG,A077,R024,Closed Lost,0.0,2017-03-09,West,GTX Plus Basic
DZ3KHZSX,DZ3KHZSX,A037,R013,Closed Won,513.0,2017-03-20,East,GTX Basic
3W1K7X5F,3W1K7X5F,A012,R010,Closed Lost,0.0,2017-03-09,Central,GTX Pro
45A57X68,45A57X68,A059,R010,Closed Won,5522.0,2017-03-12,Central,GTX Plus Pro
9SLYC4TR,9SLYC4TR,A009,R008,Closed Won,56.0,2017-03-09,Central,MG Special
JLWKWQYC,JLWKWQYC,A017,R030,Closed Won,5673.0,2017-03-08,West,GTX Pro
7QC6FOKW,7QC6FOKW,A077,R032,Closed Won,598.0,2017-03-10,West,GTX Basic
XA184CMW,XA184CMW,A057,R007,Closed Won,5787.0,2017-03-16,Central,GTX Plus Pro
S0N7BYU3,S0N7BYU3,A064,R034,Closed Won,1070.0,2017-03-08,West,GTX Plus Basic
6WOMHAJM,6WOMHAJM,A018,R022,Closed Won,3677.0,2017-03-14,East,MG Advanced
G1QGATKV,G1QGATKV,A052,R019,Closed Won,5425.0,2017-03-30,East,GTX Plus Pro
6XFVQI32,6XFVQI32,A080,R020,Closed Won,3415.0,2017-03-23,East,MG Advanced
OGD4MDJ9,OGD4MDJ9,A047,R034,Closed Won,891.0,2017-03-21,West,GTX Plus Basic
4NGBUZWJ,4NGBUZWJ,A011,R004,Closed Won,609.0,2017-03-12,Central,GTX Basic
EFG5DGV5,EFG5DGV5,A055,R027,Closed Won,54.0,2017-03-16,West,MG Special
82MM4H33,82MM4H33,A046,R033,Closed Won,1049.0,2017-03-09,West,GTX Plus Basic
14PM641K,14PM641K,A027,R019,Closed Won,1152.0,2017-03-07,East,GTX Plus Basic
DSBGHOPN,DSBGHOPN,A056,R018,Closed Lost,0.0,2017-03-20,East,MG Special
1YSOZLHF,1YSOZLHF,A074,R018,Closed Won,4799.0,2017-03-28,East,GTX Pro
E8RP9FRW,E8RP9FRW,A015,R008,Closed Won,51.0,2017-03-12,Central,MG Special
787IRG9Q,787IRG9Q,A041,R026,Closed Won,3426.0,2017-03-03,West,MG Advanced
0TUS4NAC,0TUS4NAC,A057,R006,Closed Won,51.0,2017-03-11,Central,MG Special
FAJTQMUM,FAJTQMUM,A024,R032,Closed Won,564.0,2017-03-20,West,GTX Basic
TWF0J0DF,TWF0J0DF,A039,R002,Closed Won,5882.0,2017-03-01,Central,GTX Plus Pro
UQ14O415,UQ14O415,A056,R020,Closed Won,5059.0,2017-03-20,East,GTX Pro
BOJSLNDG,BOJSLNDG,A064,R032,Closed Won,3388.0,2017-03-11,West,MG Advanced
DASMR0EK,DASMR0EK,A083,R027,Closed Won,5410.0,2017-03-10,West,GTX Plus Pro
A76M0OOH,A76M0OOH,A081,R021,Closed Won,978.0,2017-03-28,East,GTX Plus Basic
E1VKE2PH,E1VKE2PH,A061,R024,Closed Won,54.0,2017-03-26,West,MG Special
SKY95DVG,SKY95DVG,A003,R001,Closed Lost,0.0,2017-03-22,Central,MG Special
V5OK4V5I,V5OK4V5I,A008,R019,Closed Won,549.0,2017-03-14,East,GTX Basic
GJ4L5HHN,GJ4L5HHN,A049,R013,Closed Won,1034.0,2017-03-14,East,GTX Plus Basic
9R8JWY3J,9R8JWY3J,A075,R020,Closed Won,4998.0,2017-03-03,East,GTX Pro
0EOFVU05,0EOFVU05,A052,R020,Closed Won,3421.0,2017-03-28,East,MG Advanced
HNHOPL7M,HNHOPL7M,A017,R031,Closed Won,5425.0,2017-03-04,West,GTX Plus Pro
Y0NYI17R,Y0NYI17R,A014,R024,Closed Won,55.0,2017-03-15,West,MG Special
R4F4RGAL,R4F4RGAL,A063,R012,Closed Won,3558.0,2017-03-14,East,MG Advanced
0ZHLQFGU,0ZHLQFGU,A006,R032,Closed Won,4839.0,2017-03-22,West,GTX Pro
40DPY158,40DPY158,A036,R027,Closed Won,47.0,2017-03-25,West,MG Special
DP9E525R,DP9E525R,A021,R034,Closed Won,1007.0,2017-03-24,West,GTX Plus Basic
DBDUMQQK,DBDUMQQK,A038,R009,Closed Won,48.0,2017-03-24,Central,MG Special
CNBN12RL,CNBN12RL,A073,R003,Closed Won,49.0,2017-03-07,Central,MG Special
OXL0YWEE,OXL0YWEE,A049,R012,Closed Won,504.0,2017-03-18,East,GTX Basic
5CSSZJF4,5CSSZJF4,A023,R006,Closed Won,543.0,2017-03-21,Central,GTX Basic
0XG8TOJF,0XG8TOJF,A021,R031,Closed Lost,0.0,2017-03-18,West,GTX Plus Pro
IIS0O91J,IIS0O91J,A021,R031,Closed Won,5149.0,2017-03-28,West,GTX Pro
2LP5SUR5,2LP5SUR5,A073,R004,Closed Lost,0.0,2017-03-09,Central,GTX Basic
PYZZ3IS6,PYZZ3IS6,A006,R027,Closed Won,1043.0,2017-03-11,West,GTX Plus Basic
5I4K5TQE,5I4K5TQE,A069,R019,Closed Lost,0.0,2017-03-09,East,GTX Plus Pro
RV3LPOYP,RV3LPOYP,A012,R030,Closed Won,437.0,2017-03-29,West,GTX Basic
1HVNTEPV,1HVNTEPV,A043,R014,Closed Won,4465.0,2017-03-11,East,GTX Pro
LC85AQ1I,LC85AQ1I,A044,R024,Closed Won,443.0,2017-03-18,West,GTX Basic
TBV972NP,TBV972NP,A069,R012,Closed Lost,0.0,2017-03-23,East,MG Special
EJMX0EIJ,EJMX0EIJ,A003,R010,Closed Won,4278.0,2017-03-20,Central,GTX Plus Pro
VR9NYBOV,VR9NYBOV,A043,R015,Closed Won,41.0,2017-03-06,East,MG Special
3U25FK08,3U25FK08,A039,R006,Closed Won,519.0,2017-03-28,Central,GTX Basic
CRLK4Z1P,CRLK4Z1P,A042,R034,Closed Won,524.0,2017-03-04,West,GTX Basic
OGENAT0L,OGENAT0L,A064,R033,Closed Won,552.0,2017-03-27,West,GTX Basic
F57JWIDF,F57JWIDF,A045,R008,Closed Won,970.0,2017-03-02,Central,GTX Plus Basic
LF8JZ3Q5,LF8JZ3Q5,A035,R031,Closed Won,1046.0,2017-03-13,West,GTX Plus Basic
MRGBSMQ5,MRGBSMQ5,A070,R031,Closed Won,988.0,2017-03-14,West,GTX Plus Basic
CBAV8ZJL,CBAV8ZJL,A011,R004,Closed Won,547.0,2017-03-22,Central,GTX Basic
NN4DWBVN,NN4DWBVN,A064,R034,Closed Lost,0.0,2017-03-04,West,GTX Pro
6JXHEZYK,6JXHEZYK,A039,R003,Closed Won,54.0,2017-03-31,Central,MG Special
WDHNR2EI,WDHNR2EI,A063,R012,Closed Won,57.0,2017-03-20,East,MG Special
4K750D6F,4K750D6F,A080,R012,Closed Won,55.0,2017-03-18,East,MG Special
94GI0ZJ7,94GI0ZJ7,A066,R001,Closed Won,5765.0,2017-03-15,Central,GTX Plus Pro
TODG6DEK,TODG6DEK,A005,R018,Closed Won,639.0,2017-03-16,East,GTX Basic
G0ECB8FS,G0ECB8FS,A046,R031,Closed Won,5100.0,2017-03-15,West,GTX Pro
96MZYUY0,96MZYUY0,A021,R024,Closed Won,4906.0,2017-03-07,West,GTX Pro
JZOKHHWN,JZOKHHWN,A053,R020,Closed Won,1037.0,2017-03-07,East,GTX Plus Basic
EH6I67I0,EH6I67I0,A054,R030,Closed Won,537.0,2017-03-15,West,GTX Basic
JUUXF02Z,JUUXF02Z,A035,R031,Closed Won,4694.0,2017-03-09,West,GTX Pro
OT87JDWO,OT87JDWO,A045,R004,Closed Won,560.0,2017-03-24,Central,GTX Basic
YHKT6YJ7,YHKT6YJ7,A015,R005,Closed Won,589.0,2017-03-13,Central,GTX Basic
H78I3TAY,H78I3TAY,A049,R021,Closed Won,493.0,2017-03-14,East,GTX Basic
1ROC43JK,1ROC43JK,A003,R003,Closed Won,50.0,2017-03-08,Central,MG Special
LPZLQL48,LPZLQL48,A079,R024,Closed Won,492.0,2017-03-28,West,GTX Basic
3KR50X38,3KR50X38,A044,R013,Closed Won,1255.0,2017-03-13,East,GTX Plus Basic
Q3WLHRE9,Q3WLHRE9,A067,R010,Closed Won,463.0,2017-03-04,Central,GTX Basic
IX7UEOAP,IX7UEOAP,A037,R020,Closed Lost,0.0,2017-03-27,East,GTX Plus Basic
NQU62K1H,NQU62K1H,A082,R020,Closed Won,605.0,2017-03-12,East,GTX Basic
NAQKOU0T,NAQKOU0T,A021,R026,Closed Won,1315.0,2017-03-20,West,GTX Plus Basic
I3V3GUAI,I3V3GUAI,A085,R004,Closed Won,559.0,2017-03-02,Central,GTX Basic
PN4VJDXY,PN4VJDXY,A060,R005,Closed Won,557.0,2017-03-28,Central,GTX Basic
K9D4DQ3R,K9D4DQ3R,A075,R014,Closed Won,48.0,2017-03-02,East,MG Special
9X6V79KE,9X6V79KE,A039,R003,Closed Won,6282.0,2017-03-25,Central,GTX Plus Pro
W1KLFNE4,W1KLFNE4,A039,R001,Closed Won,3246.0,2017-03-02,Central,MG Advanced
GD2OCW12,GD2OCW12,A023,R010,Closed Won,514.0,2017-03-14,Central,GTX Basic
6XO4RYXK,6XO4RYXK,A063,R020,Closed Won,1132.0,2017-03-15,East,GTX Plus Basic
18Y7GRPW,18Y7GRPW,A063,R015,Closed Won,5918.0,2017-03-21,East,GTX Plus Pro
127ZPLXQ,127ZPLXQ,A036,R031,Closed Lost,0.0,2017-03-18,West,GTX Pro
U07C2HEG,U07C2HEG,A042,R034,Closed Lost,0.0,2017-03-14,West,MG Special
RNTOJ78L,RNTOJ78L,A035,R025,Closed Lost,0.0,2017-03-13,West,MG Special
NLB4D5BQ,NLB4D5BQ,A030,R003,Closed Won,2955.0,2017-03-24,Central,MG Advanced
FCFDJIEZ,FCFDJIEZ,A021,R024,Closed Won,3742.0,2017-03-21,West,GTX Pro
YZGDW4G1,YZGDW4G1,A037,R012,Closed Won,64.0,2017-03-14,East,MG Special
G8AO5FA2,G8AO5FA2,A037,R016,Closed Lost,0.0,2017-03-27,East,MG Advanced
LXXW3TRW,LXXW3TRW,A061,R028,Closed Won,1164.0,2017-03-18,West,GTX Plus Basic
8KJ3H262,8KJ3H262,A064,R028,Closed Won,65.0,2017-03-07,West,MG Special
88POGNEL,88POGNEL,A009,R008,Closed Lost,0.0,2017-03-07,Central,GTX Plus Basic
UYP3NNU6,UYP3NNU6,A034,R032,Closed Won,441.0,2017-03-16,West,GTX Basic
S1V8684Y,S1V8684Y,A023,R007,Closed Lost,0.0,2017-03-12,Central,GTX Plus Basic
MOPWEMB5,MOPWEMB5,A035,R024,Closed Won,4907.0,2017-03-16,West,GTX Pro
L62MDI48,L62MDI48,A039,R001,Closed Lost,0.0,2017-03-01,Central,MG Advanced
3EL8D4WO,3EL8D4WO,A011,R010,Closed Won,3269.0,2017-03-25,Central,MG Advanced
VOAN1NXG,VOAN1NXG,A043,R020,Closed Won,579.0,2017-03-12,East,GTX Basic
ALW92XQL,ALW92XQL,A039,R008,Closed Lost,0.0,2017-03-25,Central,GTX Basic
TJ6ZA1M3,TJ6ZA1M3,A014,R031,Closed Lost,0.0,2017-03-07,West,GTX Basic
FKAFO8O9,FKAFO8O9,A077,R031,Closed Won,51.0,2017-03-31,West,MG Special
1XBC7M9F,1XBC7M9F,A022,R027,Closed Won,64.0,2017-03-08,West,MG Special
8IXBS90G,8IXBS90G,A020,R014,Closed Won,60.0,2017-03-08,East,MG Special
2X45BEOS,2X45BEOS,A026,R019,Closed Won,1186.0,2017-03-27,East,GTX Plus Basic
EQ8X0QTL,EQ8X0QTL,A080,R013,Closed Won,3577.0,2017-03-09,East,MG Advanced
5QD53WHF,5QD53WHF,A018,R018,Closed Won,1020.0,2017-03-07,East,GTX Plus Basic
79EABK3X,79EABK3X,A083,R026,Closed Won,53.0,2017-03-23,West,MG Special
2DKO9X1T,2DKO9X1T,A060,R006,Closed Lost,0.0,2017-03-10,Central,GTX Basic
IBDEQVBN,IBDEQVBN,A022,R031,Closed Lost,0.0,2017-03-28,West,GTX Basic
QZ3VV4C1,QZ3VV4C1,A070,R031,Closed Won,4719.0,2017-03-08,West,GTX Pro
62AK8UWX,62AK8UWX,A011,R005,Closed Won,546.0,2017-03-22,Central,GTX Basic
5QM4ORNT,5QM4ORNT,A016,R009,Closed Won,1212.0,2017-03-21,Central,GTX Plus Basic
S91N9YBL,S91N9YBL,A070,R024,Closed Lost,0.0,2017-03-08,West,GTX Basic
44H0FJMH,44H0FJMH,A004,R001,Closed Lost,0.0,2017-03-27,Central,GTX Plus Pro
N5AZLQZR,N5AZLQZR,A019,R008,Closed Won,5533.0,2017-03-14,Central,GTX Plus Pro
4T295XQL,4T295XQL,A024,R032,Closed Won,3295.0,2017-03-01,West,MG Advanced
YFS5KLJJ,YFS5KLJJ,A024,R025,Closed Won,45.0,2017-03-31,West,MG Special
S8GLKDB9,S8GLKDB9,A005,R012,Closed Won,56.0,2017-03-04,East,MG Special
01QKN578,01QKN578,A025,R010,Closed Won,4247.0,2017-03-20,Central,GTX Pro
M0JKP0HT,M0JKP0HT,A039,R008,Closed Won,3440.0,2017-03-13,Central,MG Advanced
ZC3KKSUK,ZC3KKSUK,A054,R030,Closed Won,5040.0,2017-03-02,West,GTX Pro
3X8VLQ5G,3X8VLQ5G,A009,R006,Closed Won,469.0,2017-03-12,Central,GTX Basic
EZLXL6GL,EZLXL6GL,A039,R005,Closed Won,58.0,2017-03-07,Central,MG Special
R8PEL8V8,R8PEL8V8,A039,R002,Closed Won,2955.0,2017-03-16,Central,MG Advanced
L1R32S8H,L1R32S8H,A012,R013,Closed Won,5228.0,2017-03-26,East,GTX Plus Pro
J7N8J8NM,J7N8J8NM,A072,R010,Closed Won,3358.0,2017-03-14,Central,MG Advanced
TO7PGVP1,TO7PGVP1,A033,R028,Closed Lost,0.0,2017-03-29,West,GTX Plus Pro
A051G1B4,A051G1B4,A011,R006,Closed Won,517.0,2017-03-31,Central,GTX Basic
NMDMM5YJ,NMDMM5YJ,A019,R005,Closed Won,615.0,2017-03-03,Central,GTX Basic
LWPJEV3U,LWPJEV3U,A016,R009,Closed Lost,0.0,2017-03-10,Central,GTX Basic
I93ZFHEM,I93ZFHEM,A012,R003,Closed Won,62.0,2017-03-08,Central,MG Special
B2VJCVBB,B2VJCVBB,A039,R010,Closed Won,4711.0,2017-03-13,Central,GTX Plus Pro
F90O03ZH,F90O03ZH,A043,R020,Closed Lost,0.0,2017-03-23,East,GTX Pro
PC78RLUX,PC78RLUX,A080,R015,Closed Won,510.0,2017-03-30,East,GTX Basic
X6GL64T5,X6GL64T5,A076,R008,Closed Won,4891.0,2017-03-25,Central,GTX Pro
OWM3BPGW,OWM3BPGW,A033,R026,Closed Won,926.0,2017-03-17,West,GTX Plus Basic
RP5PS9A5,RP5PS9A5,A003,R004,Closed Won,56.0,2017-03-10,Central,MG Special
F2PW7WP2,F2PW7WP2,A052,R012,Closed Won,47.0,2017-03-05,East,MG Special
GK8YD2XW,GK8YD2XW,A057,R010,Closed Lost,0.0,2017-03-23,Central,GTX Basic
U4LRR9E9,U4LRR9E9,A050,R030,Closed Won,6490.0,2017-03-10,West,GTX Plus Pro
9N55D1AH,9N55D1AH,A073,R009,Closed Won,3841.0,2017-03-02,Central,MG Advanced
WI4PODA2,WI4PODA2,A022,R031,Closed Won,5256.0,2017-03-15,West,GTX Plus Pro
VF1V41RI,VF1V41RI,A042,R027,Closed Lost,0.0,2017-03-28,West,MG Special
1B4L7TNG,1B4L7TNG,A065,R027,Closed Lost,0.0,2017-03-25,West,MG Advanced
MZAN11FT,MZAN11FT,A013,R001,Closed Won,625.0,2017-03-01,Central,GTX Basic
0IO00FNS,0IO00FNS,A076,R010,Closed Lost,0.0,2017-03-16,Central,GTX Pro
8S6TNXYB,8S6TNXYB,A013,R010,Closed Won,3952.0,2017-03-22,Central,GTX Pro
MOLGOSGE,MOLGOSGE,A044,R031,Closed Won,5515.0,2017-03-13,West,GTX Plus Pro
FA1VHZSV,FA1VHZSV,A075,R021,Closed Won,57.0,2017-03-16,East,MG Special
PXQEX039,PXQEX039,A045,R003,Closed Won,51.0,2017-03-28,Central,MG Special
RX56S6G3,RX56S6G3,A021,R024,Closed Won,3803.0,2017-03-13,West,MG Advanced
G4F8W039,G4F8W039,A060,R001,Closed Won,5459.0,2017-03-27,Central,GTX Plus Pro
4T31MWVO,4T31MWVO,A066,R001,Closed Won,4148.0,2017-03-23,Central,MG Advanced
83XN082U,83XN082U,A026,R013,Closed Won,5002.0,2017-03-23,East,GTX Plus Pro
J21W3WIW,J21W3WIW,A027,R013,Closed Won,3351.0,2017-03-03,East,MG Advanced
52UPJFYI,52UPJFYI,A016,R008,Closed Won,571.0,2017-03-19,Central,GTX Basic
QOL51JIB,QOL51JIB,A032,R030,Closed Won,601.0,2017-03-10,West,GTX Basic
93AGN8A6,93AGN8A6,A083,R027,Closed Won,576.0,2017-03-13,West,GTX Basic
J7UNJFJL,J7UNJFJL,A025,R007,Closed Won,52.0,2017-03-03,Central,MG Special
A4H5ESTU,A4H5ESTU,A021,R034,Closed Won,1185.0,2017-03-13,West,GTX Plus Basic
8EZ04VQB,8EZ04VQB,A027,R021,Closed Lost,0.0,2017-03-28,East,GTX Plus Basic
4501T63I,4501T63I,A054,R025,Closed Won,56.0,2017-03-14,West,MG Special
FPNGEJRC,FPNGEJRC,A053,R012,Closed Won,54.0,2017-03-29,East,MG Special
S33WRL0Y,S33WRL0Y,A077,R033,Closed Won,4818.0,2017-03-13,West,GTX Pro
Q7IRUJK7,Q7IRUJK7,A011,R001,Closed Won,5087.0,2017-03-01,Central,GTX Plus Pro
DTZPYISJ,DTZPYISJ,A053,R018,Closed Won,1116.0,2017-03-19,East,GTX Plus Basic
Y9HWSG8Z,Y9HWSG8Z,A030,R010,Closed Won,510.0,2017-03-20,Central,GTX Basic
JOQCXC9Z,JOQCXC9Z,A068,R006,Closed Won,565.0,2017-03-16,Central,GTX Basic
AP7PCLAZ,AP7PCLAZ,A024,R032,Closed Won,633.0,2017-03-26,West,GTX Basic
BIE471SO,BIE471SO,A078,R021,Closed Won,3962.0,2017-03-29,East,MG Advanced
UA8AWDG4,UA8AWDG4,A079,R024,Closed Won,3672.0,2017-03-22,West,MG Advanced
FZDRB789,FZDRB789,A032,R033,Closed Won,4586.0,2017-03-18,West,GTX Pro
PC1NUL8Q,PC1NUL8Q,A036,R001,Closed Won,60.0,2017-03-02,Central,MG Special
F1X5ZJ7V,F1X5ZJ7V,A019,R006,Closed Won,572.0,2017-05-04,Central,GTX Basic
IF7MJ88P,IF7MJ88P,A032,R031,Closed Won,550.0,2017-03-01,West,GTX Basic
06B7XWPC,06B7XWPC,A065,R031,Closed Won,4125.0,2017-03-17,West,GTX Pro
12MQ3WM8,12MQ3WM8,A085,R007,Closed Won,3647.0,2017-03-10,Central,MG Advanced
91M6FY8S,91M6FY8S,A019,R005,Closed Won,573.0,2017-03-21,Central,GTX Basic
0LNZRNEU,0LNZRNEU,A082,R012,Closed Won,542.0,2017-03-29,East,GTX Basic
NKOKUS7D,NKOKUS7D,A020,R019,Closed Won,3479.0,2017-03-12,East,MG Advanced
NF6GCTMV,NF6GCTMV,A026,R018,Closed Lost,0.0,2017-03-22,East,MG Advanced
I4UCA7CU,I4UCA7CU,A066,R010,Closed Won,1012.0,2017-03-21,Central,GTX Plus Basic
1LI7ETNZ,1LI7ETNZ,A017,R030,Closed Won,990.0,2017-03-06,West,GTX Plus Basic
N36DEZBR,N36DEZBR,A070,R030,Closed Won,4374.0,2017-03-18,West,GTX Pro
77ZECYVJ,77ZECYVJ,A024,R031,Closed Lost,0.0,2017-03-17,West,GTX Basic
IRB461Y7,IRB461Y7,A077,R031,Closed Won,1054.0,2017-03-30,West,GTX Plus Basic
NM2Q3CGW,NM2Q3CGW,A061,R024,Closed Won,55.0,2017-03-15,West,MG Special
OEEUEIPJ,OEEUEIPJ,A026,R012,Closed Lost,0.0,2017-03-05,East,MG Special
5E14LG51,5E14LG51,A040,R022,Closed Won,1073.0,2017-03-25,East,GTX Plus Basic
TIAGZQ54,TIAGZQ54,A028,R002,Closed Lost,0.0,2017-03-20,Central,MG Advanced
CRX91A45,CRX91A45,A022,R031,Closed Won,586.0,2017-03-16,West,GTX Basic
ZOQ8RC86,ZOQ8RC86,A073,R007,Closed Won,4667.0,2017-05-05,Central,GTX Pro
SV4SOO2K,SV4SOO2K,A036,R024,Closed Won,880.0,2017-03-28,West,GTX Plus Basic
ITHR5WLF,ITHR5WLF,A054,R024,Closed Won,3676.0,2017-03-12,West,MG Advanced
279625VN,279625VN,A025,R001,Closed Lost,0.0,2017-03-25,Central,MG Advanced
RK52YU8S,RK52YU8S,A073,R010,Closed Lost,0.0,2017-03-09,Central,GTX Pro
E8EY51IC,E8EY51IC,A053,R015,Closed Lost,0.0,2017-03-26,East,GTX Plus Basic
HG07LMHI,HG07LMHI,A073,R006,Closed Won,4716.0,2017-03-19,Central,GTX Pro
85XNDIK1,85XNDIK1,A006,R031,Closed Lost,0.0,2017-03-30,West,GTX Basic
2U54WYQ1,2U54WYQ1,A032,R024,Closed Won,4211.0,2017-03-23,West,GTX Pro
VCA1WAB0,VCA1WAB0,A025,R001,Closed Lost,0.0,2017-03-21,Central,MG Advanced
MXNVX2AM,MXNVX2AM,A011,R010,Closed Lost,0.0,2017-03-18,Central,GTX Pro
1G866GH4,1G866GH4,A072,R010,Closed Won,56.0,2017-03-17,Central,MG Special
WDG0B1IR,WDG0B1IR,A060,R008,Closed Lost,0.0,2017-03-23,Central,MG Special
Q5CABPMO,Q5CABPMO,A025,R008,Closed Won,44.0,2017-03-23,Central,MG Special
HHBA93J5,HHBA93J5,A044,R031,Closed Won,532.0,2017-03-27,West,GTX Basic
R0W6A9BG,R0W6A9BG,A073,R004,Closed Lost,0.0,2017-05-10,Central,GTX Basic
P5EGQ0HI,P5EGQ0HI,A085,R004,Closed Lost,0.0,2017-03-20,Central,GTX Basic
L1EJIE5L,L1EJIE5L,A043,R021,Closed Lost,0.0,2017-03-17,East,GTX Pro
S3XI6YB3,S3XI6YB3,A016,R003,Closed Lost,0.0,2017-03-24,Central,GTX Basic
BBC3JB3H,BBC3JB3H,A039,R001,Closed Won,622.0,2017-03-08,Central,GTX Basic
7XVLKX8G,7XVLKX8G,A009,R002,Closed Lost,0.0,2017-03-05,Central,GTX Plus Pro
OX4P78HP,OX4P78HP,A078,R013,Closed Won,1257.0,2017-03-16,East,GTX Plus Basic
72LNJRY9,72LNJRY9,A047,R034,Closed Won,1135.0,2017-03-25,West,GTX Plus Basic
8C2WG2FB,8C2WG2FB,A036,R033,Closed Lost,0.0,2017-03-28,West,MG Advanced
L0345WKB,L0345WKB,A051,R033,Closed Won,4313.0,2017-03-14,West,GTX Pro
S24L8LVR,S24L8LVR,A015,R001,Closed Won,5210.0,2017-03-18,Central,GTX Plus Pro
JXWXEJXE,JXWXEJXE,A059,R004,Closed Won,47.0,2017-03-27,Central,MG Special
W2JCRPLX,W2JCRPLX,A044,R027,Closed Won,3220.0,2017-03-22,West,MG Advanced
1M2I2NXQ,1M2I2NXQ,A020,R014,Closed Won,47.0,2017-03-26,East,MG Special
54EGR0AD,54EGR0AD,A080,R012,Closed Won,63.0,2017-03-25,East,MG Special
VT5Y73GX,VT5Y73GX,A003,R001,Closed Won,56.0,2017-03-15,Central,MG Special
8O9V7UOZ,8O9V7UOZ,A060,R001,Closed Won,65.0,2017-03-01,Central,MG Special
GIIC5H9X,GIIC5H9X,A018,R022,Closed Won,5743.0,2017-03-19,East,GTX Plus Pro
9WMU7YHD,9WMU7YHD,A049,R019,Closed Won,53.0,2017-03-03,East,MG Special
8BQMFR86,8BQMFR86,A002,R013,Closed Won,4974.0,2017-03-30,East,GTX Plus Pro
DDCC6ZPK,DDCC6ZPK,A052,R020,Closed Won,3892.0,2017-03-25,East,MG Advanced
YMGWLEHY,YMGWLEHY,A002,R015,Closed Won,3822.0,2017-03-21,East,GTX Pro
FKS9MVF6,FKS9MVF6,A038,R006,Closed Won,504.0,2017-03-02,Central,GTX Basic
HF8ABDF6,HF8ABDF6,A077,R025,Closed Won,3145.0,2017-03-29,West,MG Advanced
SIRC44NM,SIRC44NM,A024,R024,Closed Won,564.0,2017-03-27,West,GTX Basic
7S6SHJJG,7S6SHJJG,A021,R033,Closed Won,1117.0,2017-03-14,West,GTX Plus Basic
ZE84UHHB,ZE84UHHB,A038,R001,Closed Won,59.0,2017-03-26,Central,MG Special
2R3ZA84D,2R3ZA84D,A023,R010,Closed Won,52.0,2017-03-28,Central,MG Special
LTTYTAXA,LTTYTAXA,A042,R020,Closed Won,4694.0,2017-03-24,East,GTX Pro
ZWFPD71J,ZWFPD71J,A055,R032,Closed Won,5620.0,2017-03-06,West,GTX Pro
T5C527Z9,T5C527Z9,A064,R031,Closed Won,1095.0,2017-03-08,West,GTX Plus Basic
XC4LTIEO,XC4LTIEO,A013,R004,Closed Lost,0.0,2017-05-02,Central,GTX Basic
AEBF9M5T,AEBF9M5T,A059,R004,Closed Won,489.0,2017-03-30,Central,GTX Basic
EV46ES18,EV46ES18,A031,R027,Closed Won,5908.0,2017-03-16,West,GTX Plus Pro
ID3IJHUS,ID3IJHUS,A077,R027,Closed Won,3820.0,2017-03-11,West,MG Advanced
YBJ72HKE,YBJ72HKE,A036,R034,Closed Lost,0.0,2017-03-12,West,GTX Plus Basic
5DEO8EDS,5DEO8EDS,A058,R024,Closed Won,581.0,2017-03-20,West,GTX Basic
WPXAMXD2,WPXAMXD2,A025,R010,Closed Lost,0.0,2017-03-10,Central,GTX Plus Pro
A4BBDK82,A4BBDK82,A030,R006,Closed Won,585.0,2017-03-28,Central,GTX Basic
4XCJP60W,4XCJP60W,A050,R032,Closed Won,572.0,2017-05-06,West,GTX Basic
CDKX2A19,CDKX2A19,A085,R004,Closed Won,3669.0,2017-03-12,Central,MG Advanced
344I60EI,344I60EI,A031,R027,Closed Won,1091.0,2017-03-16,West,GTX Plus Basic
YI30GSB5,YI30GSB5,A057,R007,Closed Lost,0.0,2017-03-31,Central,GTX Plus Basic
0IYQX303,0IYQX303,A018,R021,Closed Won,4905.0,2017-03-17,East,GTX Pro
6IMUQYMN,6IMUQYMN,A075,R013,Closed Won,540.0,2017-03-10,East,GTX Basic
N9GAZ6B6,N9GAZ6B6,A085,R008,Closed Won,49.0,2017-03-20,Central,MG Special
8O3IYWSM,8O3IYWSM,A029,R006,Closed Won,513.0,2017-05-17,Central,GTX Basic
R3OR0J5C,R3OR0J5C,A030,R004,Closed Won,54.0,2017-03-30,Central,MG Special
RXV4UXRE,RXV4UXRE,A080,R012,Closed Won,56.0,2017-03-23,East,MG Special
5AKGNKX1,5AKGNKX1,A045,R001,Closed Won,58.0,2017-03-16,Central,MG Special
KNLMLTJH,KNLMLTJH,A073,R001,Closed Won,58.0,2017-03-27,Central,MG Special
G9GH5KV5,G9GH5KV5,A050,R032,Closed Won,4453.0,2017-03-21,West,GTX Pro
H06UZJH8,H06UZJH8,A055,R031,Closed Lost,0.0,2017-05-08,West,MG Special
K1RXVUG9,K1RXVUG9,A050,R031,Closed Won,619.0,2017-03-14,West,GTX Basic
1QT3STIA,1QT3STIA,A077,R034,Closed Won,5163.0,2017-05-14,West,GTX Plus Pro
070M5M6X,070M5M6X,A033,R034,Closed Won,4071.0,2017-03-25,West,GTX Pro
DFTR2O9K,DFTR2O9K,A018,R021,Closed Won,56.0,2017-05-08,East,MG Special
S9MECO24,S9MECO24,A069,R012,Closed Lost,0.0,2017-03-31,East,MG Advanced
EJSFO67U,EJSFO67U,A084,R020,Closed Won,4375.0,2017-03-29,East,GTX Pro
SKTD4GGU,SKTD4GGU,A031,R032,Closed Won,610.0,2017-03-28,West,GTX Basic
SNAPG5KC,SNAPG5KC,A035,R024,Closed Lost,0.0,2017-05-05,West,MG Advanced
561707V4,561707V4,A077,R024,Closed Won,4554.0,2017-03-17,West,GTX Pro
J28ZRO9G,J28ZRO9G,A044,R016,Closed Won,2880.0,2017-05-18,East,MG Advanced
KZ8Q0AFX,KZ8Q0AFX,A037,R013,Closed Lost,0.0,2017-05-02,East,GTX Plus Basic
AOOFHH6F,AOOFHH6F,A061,R027,Closed Won,60.0,2017-05-18,West,MG Special
5U9Y1P87,5U9Y1P87,A012,R034,Closed Won,688.0,2017-03-21,West,GTX Basic
J0Y91LUA,J0Y91LUA,A032,R034,Closed Won,6142.0,2017-03-22,West,GTX Plus Pro
YBRZQFEO,YBRZQFEO,A033,R034,Closed Won,4939.0,2017-03-31,West,GTX Pro
PHR8KB1Y,PHR8KB1Y,A076,R009,Closed Won,6270.0,2017-05-15,Central,GTX Plus Pro
TBZMXKH4,TBZMXKH4,A001,R016,Closed Won,3833.0,2017-03-29,East,MG Advanced
WNXZ1FGS,WNXZ1FGS,A008,R018,Closed Lost,0.0,2017-03-28,East,GTX Plus Basic
6389JY2H,6389JY2H,A036,R005,Closed Won,57.0,2017-06-02,Central,MG Special
SZ81H1PM,SZ81H1PM,A009,R003,Closed Won,47.0,2017-03-17,Central,MG Special
M842E8JB,M842E8JB,A020,R012,Closed Lost,0.0,2017-03-13,East,MG Special
JRJ7DBW5,JRJ7DBW5,A056,R018,Closed Lost,0.0,2017-03-19,East,MG Advanced
N9C0OCYY,N9C0OCYY,A038,R008,Closed Won,57.0,2017-05-04,Central,MG Special
R7XZAIWS,R7XZAIWS,A028,R006,Closed Won,3257.0,2017-03-14,Central,MG Advanced
FFO5WOHT,FFO5WOHT,A070,R032,Closed Won,511.0,2017-05-08,West,GTX Basic
XHHJ48MJ,XHHJ48MJ,A079,R032,Closed Won,607.0,2017-03-14,West,GTX Basic
YAR5GGA4,YAR5GGA4,A010,R027,Closed Won,5120.0,2017-03-29,West,GTX Plus Pro
NOVPMLOV,NOVPMLOV,A036,R009,Closed Won,1343.0,2017-03-23,Central,GTX Plus Basic
UPHN2I1Q,UPHN2I1Q,A060,R009,Closed Won,55.0,2017-05-14,Central,MG Special
NN9R2Y4W,NN9R2Y4W,A022,R024,Closed Won,49.0,2017-03-30,West,MG Special
977FJ9QQ,977FJ9QQ,A071,R022,Closed Lost,0.0,2017-03-29,East,GTX Basic
A6Y1V5Z0,A6Y1V5Z0,A084,R015,Closed Won,4426.0,2017-06-04,East,GTX Pro
NU8LWEWU,NU8LWEWU,A034,R030,Closed Won,5264.0,2017-05-03,West,GTX Plus Pro
PFHS80CR,PFHS80CR,A013,R006,Closed Lost,0.0,2017-05-20,Central,GTX Pro
904203D6,904203D6,A019,R005,Closed Won,59.0,2017-03-29,Central,MG Special
Z0TSV030,Z0TSV030,A053,R015,Closed Won,617.0,2017-03-30,East,GTX Basic
8C4QM1X6,8C4QM1X6,A011,R008,Closed Won,565.0,2017-06-04,Central,GTX Basic
NOPI41RP,NOPI41RP,A065,R030,Closed Won,511.0,2017-03-01,West,GTX Basic
2536CW3V,2536CW3V,A058,R032,Closed Lost,0.0,2017-05-08,West,GTX Plus Basic
AC5YXLIR,AC5YXLIR,A022,R031,Closed Won,60.0,2017-03-30,West,MG Special
HSGJKH6U,HSGJKH6U,A054,R031,Closed Won,3407.0,2017-03-29,West,MG Advanced
4TZF9N1D,4TZF9N1D,A077,R031,Closed Won,3273.0,2017-03-28,West,MG Advanced
HNKZ2IC6,HNKZ2IC6,A079,R027,Closed Lost,0.0,2017-03-26,West,GTX Plus Basic
BB6TCH8B,BB6TCH8B,A070,R027,Closed Lost,0.0,2017-05-05,West,MG Special
IMTPZV7J,IMTPZV7J,A030,R005,Closed Won,3363.0,2017-05-01,Central,MG Advanced
6NXY7144,6NXY7144,A077,R024,Closed Won,365.0,2017-03-31,West,GTX Basic
KBKHKULU,KBKHKULU,A047,R033,Closed Won,4869.0,2017-03-18,West,GTX Plus Pro
INMJIFTF,INMJIFTF,A052,R013,Closed Won,599.0,2017-06-06,East,GTX Basic
FUVQ5UKB,FUVQ5UKB,A044,R018,Closed Won,3194.0,2017-05-20,East,MG Advanced
O462ARMZ,O462ARMZ,A012,R015,Closed Won,5429.0,2017-06-05,East,GTX Plus Pro
6DCKCXDC,6DCKCXDC,A036,R006,Closed Won,5008.0,2017-05-05,Central,GTX Pro
QVF0JRM5,QVF0JRM5,A016,R006,Closed Won,3459.0,2017-03-28,Central,MG Advanced
7QGG2LO3,7QGG2LO3,A077,R031,Closed Lost,0.0,2017-05-25,West,GTX Pro
Y6HNPIIT,Y6HNPIIT,A036,R031,Closed Won,4559.0,2017-03-07,West,GTX Pro
IBKRO1AN,IBKRO1AN,A046,R031,Closed Won,4221.0,2017-03-28,West,GTX Pro
3TDWLPMV,3TDWLPMV,A076,R004,Closed Lost,0.0,2017-03-11,Central,MG Advanced
JN1ZFD18,JN1ZFD18,A016,R004,Closed Won,56.0,2017-03-06,Central,MG Special
ZE7ILYKB,ZE7ILYKB,A050,R027,Closed Won,5508.0,2017-05-03,West,GTX Pro
SRFVQ0HG,SRFVQ0HG,A011,R005,Closed Lost,0.0,2017-03-24,Central,GTX Plus Basic
D7H1EGS9,D7H1EGS9,A047,R033,Closed Lost,0.0,2017-03-20,West,GTX Basic
1DDW2GQW,1DDW2GQW,A009,R001,Closed Lost,0.0,2017-03-09,Central,MG Advanced
WPGTHV8V,WPGTHV8V,A059,R010,Closed Won,657.0,2017-03-19,Central,GTX Basic
6GNJMYMO,6GNJMYMO,A041,R032,Closed Lost,0.0,2017-05-05,West,GTX Pro
GWAT8UWK,GWAT8UWK,A062,R004,Closed Won,638.0,2017-03-25,Central,GTX Basic
IZD69C5Q,IZD69C5Q,A003,R007,Closed Won,41.0,2017-06-06,Central,MG Special
QFU565JJ,QFU565JJ,A037,R014,Closed Won,5582.0,2017-05-07,East,GTX Plus Pro
Z5BCBTAO,Z5BCBTAO,A045,R003,Closed Won,60.0,2017-05-20,Central,MG Special
2KKRRM1G,2KKRRM1G,A079,R033,Closed Won,1036.0,2017-05-03,West,GTX Plus Basic
RLUGVSNV,RLUGVSNV,A025,R010,Closed Won,943.0,2017-05-12,Central,GTX Plus Basic
ZKSJ1DOK,ZKSJ1DOK,A042,R028,Closed Won,581.0,2017-06-07,West,GTX Basic
K8RQWTP4,K8RQWTP4,A011,R006,Closed Lost,0.0,2017-05-15,Central,MG Special
RSZC6BMW,RSZC6BMW,A072,R005,Closed Won,538.0,2017-05-07,Central,GTX Basic
O7YNBRX0,O7YNBRX0,A018,R021,Closed Won,1100.0,2017-03-28,East,GTX Plus Basic
AAYV8GV4,AAYV8GV4,A038,R001,Closed Lost,0.0,2017-05-05,Central,MG Advanced
EDEBWIOX,EDEBWIOX,A023,R002,Closed Lost,0.0,2017-05-28,Central,MG Advanced
VAH6Y3F6,VAH6Y3F6,A036,R006,Closed Won,1039.0,2017-05-17,Central,GTX Plus Basic
4U431MNA,4U431MNA,A015,R004,Closed Lost,0.0,2017-05-11,Central,MG Special
5HKAT5GS,5HKAT5GS,A074,R021,Closed Won,1076.0,2017-05-10,East,GTX Plus Basic
F5VDTC4M,F5VDTC4M,A044,R025,Closed Lost,0.0,2017-05-06,West,MG Special
UO4KXDBC,UO4KXDBC,A058,R025,Closed Lost,0.0,2017-05-23,West,MG Special
TBIW957T,TBIW957T,A060,R003,Closed Won,53.0,2017-03-16,Central,MG Special
MSEIIH95,MSEIIH95,A067,R003,Closed Won,3046.0,2017-03-23,Central,MG Advanced
V4324HG4,V4324HG4,A001,R012,Closed Lost,0.0,2017-05-06,East,MG Special
N852D2Z8,N852D2Z8,A061,R033,Closed Lost,0.0,2017-03-30,West,GTX Basic
CF1CSNPX,CF1CSNPX,A042,R018,Closed Won,5140.0,2017-03-31,East,GTX Pro
NOXNFJ2L,NOXNFJ2L,A076,R010,Closed Won,1067.0,2017-05-17,Central,GTX Plus Basic
3LJAJVHR,3LJAJVHR,A053,R019,Closed Lost,0.0,2017-05-29,East,GTX Pro
NN6CSUWT,NN6CSUWT,A081,R018,Closed Won,1065.0,2017-03-21,East,GTX Plus Basic
X69POZIN,X69POZIN,A047,R031,Closed Won,481.0,2017-05-06,West,GTX Basic
4FAEDB16,4FAEDB16,A041,R027,Closed Lost,0.0,2017-05-22,West,GTX Basic
CPGCT81C,CPGCT81C,A014,R034,Closed Won,499.0,2017-03-06,West,GTX Basic
TK9T01QM,TK9T01QM,A001,R021,Closed Lost,0.0,2017-05-07,East,GTX Pro
P13DDOTM,P13DDOTM,A005,R014,Closed Won,59.0,2017-03-08,East,MG Special
1PN7TVPX,1PN7TVPX,A036,R024,Closed Lost,0.0,2017-05-01,West,MG Special
9ZKORPL2,9ZKORPL2,A037,R012,Closed Won,45.0,2017-05-09,East,MG Special
1ZCOKNNI,1ZCOKNNI,A065,R033,Closed Won,5743.0,2017-05-14,West,GTX Pro
BVYMJ6TD,BVYMJ6TD,A075,R019,Closed Won,6117.0,2017-05-13,East,GTX Plus Pro
W5ADQ9SH,W5ADQ9SH,A016,R010,Closed Lost,0.0,2017-05-26,Central,GTX Pro
VXX8GJGY,VXX8GJGY,A071,R020,Closed Won,1158.0,2017-03-19,East,GTX Plus Basic
ES9L0DXE,ES9L0DXE,A043,R015,Closed Won,59.0,2017-05-22,East,MG Special
AANB25RH,AANB25RH,A014,R032,Closed Lost,0.0,2017-05-24,West,GTX Plus Basic
36PTGLTW,36PTGLTW,A077,R034,Closed Won,3106.0,2017-03-24,West,MG Advanced
6WTNSL1T,6WTNSL1T,A051,R025,Closed Won,2982.0,2017-03-19,West,MG Advanced
PV1DISEC,PV1DISEC,A036,R033,Closed Won,6101.0,2017-03-16,West,GTX Plus Pro
S6BG03TB,S6BG03TB,A073,R001,Closed Won,5883.0,2017-05-08,Central,GTX Plus Pro
2YOW2BI0,2YOW2BI0,A078,R013,Closed Won,5051.0,2017-05-22,East,GTX Plus Pro
IQ9KYZCG,IQ9KYZCG,A067,R010,Closed Won,1155.0,2017-05-11,Central,GTX Plus Basic
AWDOKG69,AWDOKG69,A007,R015,Closed Lost,0.0,2017-05-10,East,GTX Basic
C4AFMVFM,C4AFMVFM,A010,R030,Closed Won,5616.0,2017-03-06,West,GTX Plus Pro
WK6ERCGR,WK6ERCGR,A031,R030,Closed Won,5116.0,2017-06-06,West,GTX Plus Pro
64DJ954O,64DJ954O,A012,R031,Closed Won,1136.0,2017-03-30,West,GTX Plus Basic
84V18DBW,84V18DBW,A023,R001,Closed Won,1216.0,2017-06-01,Central,GTX Plus Basic
WFY0S4WW,WFY0S4WW,A036,R001,Closed Won,1089.0,2017-05-02,Central,GTX Plus Basic
HA1KXAIS,HA1KXAIS,A012,R019,Closed Won,3908.0,2017-06-04,East,MG Advanced
EAYD98X2,EAYD98X2,A019,R010,Closed Lost,0.0,2017-05-27,Central,GTX Pro
YR4W59KS,YR4W59KS,A023,R010,Closed Lost,0.0,2017-05-18,Central,GTX Pro
SNFW1FD7,SNFW1FD7,A068,R010,Closed Won,3369.0,2017-05-07,Central,MG Advanced
2EOF1QCY,2EOF1QCY,A041,R030,Closed Won,5259.0,2017-05-20,West,GTX Plus Pro
O5O4ZAAC,O5O4ZAAC,A079,R034,Closed Lost,0.0,2017-05-08,West,GTX Plus Basic
YBAKNQ8Z,YBAKNQ8Z,A008,R021,Closed Lost,0.0,2017-03-30,East,MG Advanced
QY6HCHDH,QY6HCHDH,A012,R001,Closed Won,52.0,2017-05-25,Central,MG Special
CZ3XOD03,CZ3XOD03,A001,R022,Closed Won,5772.0,2017-05-11,East,GTX Plus Pro
LQ44KCMI,LQ44KCMI,A074,R019,Closed Lost,0.0,2017-03-13,East,GTX Pro
WVJBVA61,WVJBVA61,A016,R002,Closed Won,3496.0,2017-03-21,Central,MG Advanced
MV9AO6WU,MV9AO6WU,A024,R028,Closed Won,3602.0,2017-03-12,West,MG Advanced
VS2G74XQ,VS2G74XQ,A080,R015,Closed Won,57.0,2017-03-09,East,MG Special
Q37IWCG1,Q37IWCG1,A025,R008,Closed Won,51.0,2017-05-11,Central,MG Special
CUR03RXO,CUR03RXO,A065,R026,Closed Won,3689.0,2017-06-14,West,MG Advanced
81APSLDP,81APSLDP,A077,R030,Closed Won,1170.0,2017-05-03,West,GTX Plus Basic
RBXWRHBJ,RBXWRHBJ,A060,R006,Closed Lost,0.0,2017-03-06,Central,GTX Basic
G2GU9DYX,G2GU9DYX,A057,R006,Closed Won,4736.0,2017-05-06,Central,GTX Pro
05DTWSVC,05DTWSVC,A028,R009,Closed Lost,0.0,2017-05-05,Central,MG Special
2YQHHWJ3,2YQHHWJ3,A085,R003,Closed Lost,0.0,2017-05-22,Central,MG Special
ZW58VIDI,ZW58VIDI,A035,R024,Closed Won,64.0,2017-05-25,West,MG Special
Q7IIF1IP,Q7IIF1IP,A041,R024,Closed Won,55.0,2017-06-05,West,MG Special
AALARPLH,AALARPLH,A032,R024,Closed Won,2970.0,2017-03-13,West,MG Advanced
5FFY13G5,5FFY13G5,A062,R002,Closed Lost,0.0,2017-05-19,Central,MG Special
01X8H9SO,01X8H9SO,A008,R013,Closed Won,5035.0,2017-05-13,East,GTX Pro
VLADQZ43,VLADQZ43,A016,R010,Closed Lost,0.0,2017-05-31,Central,GTX Pro
N9VYMV3W,N9VYMV3W,A025,R010,Closed Won,4774.0,2017-03-10,Central,GTX Pro
2FTB6A7I,2FTB6A7I,A042,R030,Closed Won,5390.0,2017-05-16,West,GTX Plus Pro
7V9A9TXZ,7V9A9TXZ,A011,R007,Closed Won,1190.0,2017-06-06,Central,GTX Plus Basic
HWDRCUYU,HWDRCUYU,A003,R005,Closed Won,5755.0,2017-05-14,Central,GTX Plus Pro
GFV4W89I,GFV4W89I,A061,R025,Closed Won,4933.0,2017-06-13,West,GTX Pro
7A4AC5BC,7A4AC5BC,A059,R003,Closed Won,3642.0,2017-06-04,Central,MG Advanced
3B6HWK65,3B6HWK65,A006,R024,Closed Lost,0.0,2017-05-07,West,MG Special
A3BK99P6,A3BK99P6,A042,R019,Closed Won,2923.0,2017-03-17,East,MG Advanced
NY21X16G,NY21X16G,A085,R010,Closed Won,5035.0,2017-03-10,Central,GTX Pro
O5BC64NW,O5BC64NW,A083,R034,Closed Lost,0.0,2017-05-26,West,GTX Pro
4DW2FDX4,4DW2FDX4,A015,R003,Closed Won,54.0,2017-05-20,Central,MG Special
A66X4Q2J,A66X4Q2J,A045,R003,Closed Won,54.0,2017-05-01,Central,MG Special
IT9YW5RP,IT9YW5RP,A037,R016,Closed Won,592.0,2017-05-26,East,GTX Basic
7IZ2GMYK,7IZ2GMYK,A072,R010,Closed Won,640.0,2017-05-16,Central,GTX Basic
TTY0X4TG,TTY0X4TG,A019,R010,Closed Won,5127.0,2017-05-05,Central,GTX Pro
L8D22SSW,L8D22SSW,A003,R010,Closed Won,3822.0,2017-06-17,Central,MG Advanced
ZDDZ64A2,ZDDZ64A2,A019,R008,Closed Lost,0.0,2017-06-17,Central,MG Advanced
RDJFZGM9,RDJFZGM9,A006,R032,Closed Lost,0.0,2017-06-13,West,MG Special
4563ENEB,4563ENEB,A030,R004,Closed Won,574.0,2017-05-02,Central,GTX Basic
4WP0VJAS,4WP0VJAS,A011,R004,Closed Won,2525.0,2017-06-18,Central,MG Advanced
60UOBOEM,60UOBOEM,A034,R025,Closed Won,30288.0,2017-06-07,West,GTK 500
AJZB6F22,AJZB6F22,A032,R024,Closed Lost,0.0,2017-05-18,West,GTX Plus Pro
W4K39GNG,W4K39GNG,A061,R033,Closed Lost,0.0,2017-03-29,West,GTX Basic
IXOHJYRM,IXOHJYRM,A010,R028,Closed Lost,0.0,2017-05-09,West,GTK 500
RMNHSNW9,RMNHSNW9,A042,R028,Closed Lost,0.0,2017-05-01,West,MG Special
QPFNQYMV,QPFNQYMV,A038,R008,Closed Won,3581.0,2017-05-14,Central,MG Advanced
D77SFTS4,D77SFTS4,A076,R006,Closed Lost,0.0,2017-03-12,Central,GTX Plus Basic
WRBWZRFD,WRBWZRFD,A013,R009,Closed Lost,0.0,2017-05-05,Central,GTX Pro
031BBF1I,031BBF1I,A023,R003,Closed Won,54.0,2017-03-30,Central,MG Special
O11S2R63,O11S2R63,A044,R022,Closed Won,1121.0,2017-06-03,East,GTX Plus Basic
G13DD850,G13DD850,A063,R019,Closed Won,477.0,2017-06-04,East,GTX Basic
WZU2OHYU,WZU2OHYU,A012,R013,Closed Won,515.0,2017-05-05,East,GTX Basic
HVODWXRO,HVODWXRO,A026,R018,Closed Lost,0.0,2017-05-01,East,MG Special
N3JIVUNY,N3JIVUNY,A074,R020,Closed Lost,0.0,2017-05-11,East,MG Advanced
RGCH6CUF,RGCH6CUF,A032,R026,Closed Won,975.0,2017-06-20,West,GTX Plus Basic
JX7WZ9UP,JX7WZ9UP,A070,R026,Closed Won,3376.0,2017-05-01,West,MG Advanced
FDCEBWRI,FDCEBWRI,A021,R030,Closed Won,458.0,2017-03-12,West,GTX Basic
ZL6TJDPG,ZL6TJDPG,A029,R006,Closed Lost,0.0,2017-05-16,Central,GTX Basic
DWBSHB8M,DWBSHB8M,A031,R032,Closed Lost,0.0,2017-05-23,West,GTX Basic
0AJ6LTZ0,0AJ6LTZ0,A031,R032,Closed Won,622.0,2017-03-14,West,GTX Basic
SVMB8M7E,SVMB8M7E,A047,R032,Closed Won,441.0,2017-06-09,West,GTX Basic
6AWEAWCM,6AWEAWCM,A044,R031,Closed Lost,0.0,2017-05-15,West,GTX Pro
4Q4NBPD6,4Q4NBPD6,A059,R007,Closed Won,538.0,2017-05-21,Central,GTX Basic
K8VSDOP8,K8VSDOP8,A032,R034,Closed Won,4667.0,2017-03-29,West,GTX Plus Pro
YNP9PI1X,YNP9PI1X,A011,R009,Closed Won,1018.0,2017-06-15,Central,GTX Plus Basic
3XVY4LEU,3XVY4LEU,A007,R021,Closed Won,4671.0,2017-05-09,East,GTX Pro
8K1OGB0R,8K1OGB0R,A008,R012,Closed Won,4634.0,2017-05-16,East,GTX Pro
RTKUPEX7,RTKUPEX7,A041,R033,Closed Lost,0.0,2017-06-10,West,GTX Plus Basic
QQDO45YR,QQDO45YR,A076,R002,Closed Won,3470.0,2017-05-09,Central,MG Advanced
HT25XIAV,HT25XIAV,A063,R018,Closed Lost,0.0,2017-05-18,East,GTX Plus Basic
88KUDE6J,88KUDE6J,A001,R020,Closed Won,5366.0,2017-05-30,East,GTX Plus Pro
AOOD3MWW,AOOD3MWW,A060,R008,Closed Lost,0.0,2017-05-26,Central,GTX Plus Basic
RZ2PUH86,RZ2PUH86,A034,R031,Closed Won,582.0,2017-05-17,West,GTX Basic
GLVSDQQT,GLVSDQQT,A070,R031,Closed Won,583.0,2017-05-02,West,GTX Basic
107BPCAS,107BPCAS,A015,R009,Closed Lost,0.0,2017-05-16,Central,GTX Basic
OCLEO3CD,OCLEO3CD,A021,R024,Closed Won,6079.0,2017-05-19,West,GTX Plus Pro
FTVCNH87,FTVCNH87,A021,R033,Closed Lost,0.0,2017-05-07,West,GTX Plus Basic
GQCRMEIL,GQCRMEIL,A044,R033,Closed Won,1068.0,2017-06-02,West,GTX Plus Basic
UK2JIE61,UK2JIE61,A009,R001,Closed Won,55.0,2017-05-04,Central,MG Special
AEDL7EC6,AEDL7EC6,A080,R019,Closed Lost,0.0,2017-05-02,East,MG Advanced
OV5X3O5I,OV5X3O5I,A002,R019,Closed Won,493.0,2017-03-27,East,GTX Basic
MMWX1A4H,MMWX1A4H,A059,R010,Closed Lost,0.0,2017-06-20,Central,GTX Plus Basic
LSVMMUJ0,LSVMMUJ0,A012,R010,Closed Won,5559.0,2017-03-25,Central,GTX Pro
97KFQSX1,97KFQSX1,A061,R028,Closed Won,3351.0,2017-05-09,West,MG Advanced
08APB75Q,08APB75Q,A039,R004,Closed Won,501.0,2017-05-13,Central,GTX Basic
6RL97BR9,6RL97BR9,A038,R005,Closed Lost,0.0,2017-05-08,Central,MG Special
TPVFA5B8,TPVFA5B8,A049,R021,Closed Won,532.0,2017-05-07,East,GTX Basic
FHLOUD3V,FHLOUD3V,A065,R024,Closed Lost,0.0,2017-05-24,West,MG Special
4E01ALB0,4E01ALB0,A033,R024,Closed Won,3103.0,2017-05-04,West,MG Advanced
K4HVGBVH,K4HVGBVH,A027,R013,Closed Won,5505.0,2017-05-22,East,GTX Plus Pro
XDLQ71X4,XDLQ71X4,A079,R032,Closed Lost,0.0,2017-05-22,West,GTX Plus Basic
L33YUX9V,L33YUX9V,A057,R005,Closed Won,1068.0,2017-05-15,Central,GTX Plus Basic
QT7LRWTN,QT7LRWTN,A010,R024,Closed Won,3357.0,2017-05-04,West,MG Advanced
Q1JKHY7H,Q1JKHY7H,A049,R012,Closed Lost,0.0,2017-05-06,East,MG Special
BY0O646G,BY0O646G,A065,R033,Closed Lost,0.0,2017-05-27,West,GTX Basic
5831YZMT,5831YZMT,A024,R033,Closed Won,532.0,2017-06-23,West,GTX Basic
AZUBCO7L,AZUBCO7L,A012,R018,Closed Lost,0.0,2017-05-06,East,MG Advanced
FOWAY95L,FOWAY95L,A025,R010,Closed Won,5786.0,2017-05-05,Central,GTX Plus Pro
KGZL60NI,KGZL60NI,A065,R026,Closed Lost,0.0,2017-05-11,West,GTX Plus Basic
SRZMNS79,SRZMNS79,A068,R006,Closed Won,1131.0,2017-05-19,Central,GTX Plus Basic
0XMB83YO,0XMB83YO,A061,R032,Closed Won,5401.0,2017-05-15,West,GTX Plus Pro
4TEO0LE1,4TEO0LE1,A045,R007,Closed Won,1062.0,2017-03-28,Central,GTX Plus Basic
5P82H5AA,5P82H5AA,A084,R021,Closed Won,3695.0,2017-03-23,East,MG Advanced
BN8UTT8O,BN8UTT8O,A012,R014,Closed Lost,0.0,2017-06-04,East,MG Special
V751HK8R,V751HK8R,A023,R003,Closed Won,60.0,2017-06-03,Central,MG Special
H4TBCR80,H4TBCR80,A034,R024,Closed Lost,0.0,2017-05-28,West,GTX Pro
QWL218JV,QWL218JV,A064,R024,Closed Won,2919.0,2017-06-13,West,MG Advanced
12M4HB7G,12M4HB7G,A056,R019,Closed Won,623.0,2017-05-01,East,GTX Basic
1XVTUE5J,1XVTUE5J,A074,R013,Closed Lost,0.0,2017-03-31,East,MG Special
3VKO28KR,3VKO28KR,A062,R010,Closed Lost,0.0,2017-05-04,Central,MG Advanced
5IES0B4B,5IES0B4B,A061,R030,Closed Won,49.0,2017-05-04,West,MG Special
HUFYU0AT,HUFYU0AT,A066,R006,Closed Lost,0.0,2017-05-24,Central,GTX Basic
GMI6XZ4O,GMI6XZ4O,A011,R006,Closed Won,612.0,2017-05-04,Central,GTX Basic
YOQCQ4UO,YOQCQ4UO,A036,R032,Closed Won,534.0,2017-03-18,West,GTX Basic
KOZTDBJ5,KOZTDBJ5,A012,R032,Closed Won,1103.0,2017-06-07,West,GTX Plus Basic
8NMPO9K3,8NMPO9K3,A013,R004,Closed Won,582.0,2017-05-10,Central,GTX Basic
PU7GV4MK,PU7GV4MK,A012,R007,Closed Lost,0.0,2017-05-13,Central,MG Advanced
RCQDGE4W,RCQDGE4W,A009,R007,Closed Won,6292.0,2017-05-04,Central,GTX Plus Pro
ZT832XIR,ZT832XIR,A025,R009,Closed Lost,0.0,2017-06-25,Central,MG Special
I995O4XJ,I995O4XJ,A034,R025,Closed Won,63.0,2017-05-24,West,MG Special
EOXZGSX9,EOXZGSX9,A029,R003,Closed Won,3522.0,2017-05-13,Central,MG Advanced
PW5OGY78,PW5OGY78,A044,R024,Closed Lost,0.0,2017-05-29,West,MG Special
NJCSG7MX,NJCSG7MX,A054,R024,Closed Won,532.0,2017-05-04,West,GTX Basic
ZYRF768H,ZYRF768H,A040,R012,Closed Lost,0.0,2017-05-04,East,MG Special
5Q8BQ64R,5Q8BQ64R,A043,R016,Closed Won,3645.0,2017-05-22,East,MG Advanced
ZNNBFAKF,ZNNBFAKF,A079,R033,Closed Lost,0.0,2017-05-10,West,GTX Pro
L47EPGVT,L47EPGVT,A030,R001,Closed Won,4760.0,2017-03-01,Central,GTX Plus Pro
9GENDMWA,9GENDMWA,A002,R013,Closed Won,603.0,2017-05-25,East,GTX Basic
DHACLHPS,DHACLHPS,A005,R018,Closed Lost,0.0,2017-05-22,East,GTX Basic
GKLE0CDI,GKLE0CDI,A080,R018,Closed Won,3249.0,2017-03-02,East,MG Advanced
E9DJS1D8,E9DJS1D8,A019,R010,Closed Lost,0.0,2017-03-17,Central,GTX Pro
22ZJM20V,22ZJM20V,A067,R010,Closed Lost,0.0,2017-05-18,Central,GTX Pro
C47Z92AG,C47Z92AG,A085,R010,Closed Lost,0.0,2017-05-09,Central,GTX Pro
XT9YNOV2,XT9YNOV2,A001,R020,Closed Won,5724.0,2017-06-11,East,GTX Plus Pro
TMZQX7F8,TMZQX7F8,A034,R026,Closed Lost,0.0,2017-05-02,West,GTX Plus Basic
5JHSTFEZ,5JHSTFEZ,A054,R026,Closed Lost,0.0,2017-05-11,West,GTX Plus Basic
BAOSO1I2,BAOSO1I2,A022,R031,Closed Won,516.0,2017-05-02,West,GTX Basic
IZDF2RTL,IZDF2RTL,A057,R007,Closed Won,1050.0,2017-05-27,Central,GTX Plus Basic
F61DLVRS,F61DLVRS,A054,R034,Closed Won,4519.0,2017-05-23,West,GTX Plus Pro
80F0J70G,80F0J70G,A025,R009,Closed Lost,0.0,2017-05-25,Central,GTX Basic
S9W53L4L,S9W53L4L,A019,R009,Closed Won,672.0,2017-06-05,Central,GTX Basic
12OQKSVK,12OQKSVK,A049,R021,Closed Won,896.0,2017-03-20,East,GTX Plus Basic
VC94R5H8,VC94R5H8,A044,R024,Closed Won,587.0,2017-03-23,West,GTX Basic
XTKIX6I4,XTKIX6I4,A065,R024,Closed Won,3426.0,2017-06-13,West,MG Advanced
MSE1UXKU,MSE1UXKU,A052,R019,Closed Won,5021.0,2017-03-20,East,GTX Pro
HM334UL2,HM334UL2,A057,R010,Closed Won,1126.0,2017-03-30,Central,GTX Plus Basic
L4124UJG,L4124UJG,A074,R020,Closed Won,5473.0,2017-05-15,East,GTX Pro
DR2QE1RW,DR2QE1RW,A070,R028,Closed Lost,0.0,2017-05-30,West,MG Special
FD8YL177,FD8YL177,A058,R028,Closed Won,51.0,2017-05-09,West,MG Special
UU21EYFN,UU21EYFN,A065,R032,Closed Won,563.0,2017-03-06,West,GTX Basic
OBDRD0AD,OBDRD0AD,A039,R004,Closed Lost,0.0,2017-05-26,Central,GTX Basic
NSGEM06J,NSGEM06J,A053,R021,Closed Lost,0.0,2017-05-14,East,GTX Basic
QSQ42Q6M,QSQ42Q6M,A042,R021,Closed Won,2928.0,2017-06-15,East,MG Advanced
PCBA3KAV,PCBA3KAV,A081,R021,Closed Won,3618.0,2017-06-05,East,MG Advanced
ZBBMGEV4,ZBBMGEV4,A038,R010,Closed Won,1189.0,2017-05-16,Central,GTX Plus Basic
TYSORYA9,TYSORYA9,A018,R020,Closed Lost,0.0,2017-05-07,East,GTX Basic
ULVXOPG3,ULVXOPG3,A035,R028,Closed Won,60.0,2017-05-22,West,MG Special
G0R305KO,G0R305KO,A067,R006,Closed Lost,0.0,2017-05-11,Central,GTX Plus Basic
ZDZGCWX7,ZDZGCWX7,A010,R032,Closed Won,545.0,2017-06-22,West,GTX Basic
PQJZ5Z3R,PQJZ5Z3R,A046,R032,Closed Won,3035.0,2017-05-12,West,MG Advanced
7KXTF2Q6,7KXTF2Q6,A044,R031,Closed Won,584.0,2017-06-23,West,GTX Basic
WZVE1NTM,WZVE1NTM,A061,R027,Closed Lost,0.0,2017-05-15,West,MG Special
M6UEZLOQ,M6UEZLOQ,A010,R034,Closed Won,1069.0,2017-06-23,West,GTX Plus Basic
D6T5MM04,D6T5MM04,A077,R034,Closed Won,1035.0,2017-06-22,West,GTX Plus Basic
9GCJGVY7,9GCJGVY7,A026,R014,Closed Lost,0.0,2017-03-02,East,GTX Pro
5QBQMEY5,5QBQMEY5,A061,R024,Closed Won,4510.0,2017-03-24,West,GTX Pro
9JKVM4BK,9JKVM4BK,A075,R012,Closed Lost,0.0,2017-06-05,East,GTX Plus Basic
14PBBHSE,14PBBHSE,A084,R012,Closed Won,49.0,2017-05-08,East,MG Special
P1KS5YFX,P1KS5YFX,A060,R001,Closed Won,59.0,2017-06-07,Central,MG Special
7R4VL3Q8,7R4VL3Q8,A042,R019,Closed Won,4705.0,2017-03-04,East,GTX Pro
3MNZF5ZK,3MNZF5ZK,A085,R002,Closed Won,5148.0,2017-06-03,Central,GTX Plus Pro
52SANIGE,52SANIGE,A026,R013,Closed Won,4833.0,2017-05-08,East,GTX Pro
73SY9EU8,73SY9EU8,A049,R018,Closed Won,4664.0,2017-05-31,East,GTX Pro
HVM656P3,HVM656P3,A056,R020,Closed Won,475.0,2017-05-12,East,GTX Basic
U2SW8DT1,U2SW8DT1,A046,R026,Closed Won,3807.0,2017-06-13,West,MG Advanced
XMH4CH4Q,XMH4CH4Q,A066,R006,Closed Won,518.0,2017-05-21,Central,GTX Basic
UNLIS3RY,UNLIS3RY,A014,R032,Closed Won,1050.0,2017-05-09,West,GTX Plus Basic
GVFQXZLL,GVFQXZLL,A079,R034,Closed Won,4596.0,2017-05-24,West,GTX Pro
NRYC7T45,NRYC7T45,A079,R033,Closed Won,618.0,2017-05-05,West,GTX Basic
ZVR3I3F0,ZVR3I3F0,A064,R033,Closed Won,3460.0,2017-05-02,West,MG Advanced
2TKQ8B78,2TKQ8B78,A052,R018,Closed Won,5751.0,2017-05-21,East,GTX Plus Pro
OZ5O64KJ,OZ5O64KJ,A045,R010,Closed Won,5639.0,2017-05-28,Central,GTX Plus Pro
WXCW16QT,WXCW16QT,A005,R020,Closed Lost,0.0,2017-06-02,East,GTX Plus Pro
UCXCUP1U,UCXCUP1U,A082,R015,Closed Won,4766.0,2017-05-18,East,GTX Plus Pro
9ERRIZKG,9ERRIZKG,A061,R032,Closed Lost,0.0,2017-05-09,West,GTX Plus Basic
CKLYIFLY,CKLYIFLY,A064,R031,Closed Won,589.0,2017-05-11,West,GTX Basic
6VDLCBYU,6VDLCBYU,A023,R007,Closed Lost,0.0,2017-05-31,Central,GTX Plus Pro
XYBPUC2H,XYBPUC2H,A036,R005,Closed Lost,0.0,2017-05-16,Central,GTX Basic
I3MC9XZC,I3MC9XZC,A048,R012,Closed Won,533.0,2017-05-18,East,GTX Basic
L5T2HKKO,L5T2HKKO,A013,R001,Closed Lost,0.0,2017-05-05,Central,GTX Basic
6CEEGQ8I,6CEEGQ8I,A016,R001,Closed Won,63.0,2017-05-30,Central,MG Special
P2LY9NFN,P2LY9NFN,A005,R019,Closed Won,4942.0,2017-05-08,East,GTX Pro
94GCWI08,94GCWI08,A015,R010,Closed Won,4650.0,2017-06-12,Central,GTX Pro
GUMQTC3J,GUMQTC3J,A045,R010,Closed Won,4829.0,2017-06-16,Central,GTX Pro
U64RT0UF,U64RT0UF,A002,R020,Closed Won,987.0,2017-05-29,East,GTX Plus Basic
RWGSCFHR,RWGSCFHR,A027,R020,Closed Won,4246.0,2017-03-02,East,GTX Plus Pro
GEBVQH17,GEBVQH17,A040,R020,Closed Won,5702.0,2017-05-06,East,GTX Plus Pro
3OVJXUSB,3OVJXUSB,A063,R020,Closed Won,2981.0,2017-06-14,East,MG Advanced
KQPY8LLI,KQPY8LLI,A036,R008,Closed Lost,0.0,2017-05-13,Central,MG Advanced
DC7COE9W,DC7COE9W,A044,R026,Closed Won,2873.0,2017-05-01,West,MG Advanced
3LED0EK3,3LED0EK3,A073,R006,Closed Lost,0.0,2017-05-11,Central,MG Advanced
G4MKT3AE,G4MKT3AE,A071,R014,Closed Lost,0.0,2017-05-07,East,MG Special
GQ125FX0,GQ125FX0,A030,R003,Closed Won,528.0,2017-06-03,Central,GTX Basic
JO52QXJ0,JO52QXJ0,A062,R003,Closed Won,1199.0,2017-06-18,Central,GTX Plus Basic
PQ2VF873,PQ2VF873,A083,R033,Closed Lost,0.0,2017-03-01,West,GTX Pro
N6H58J55,N6H58J55,A068,R001,Closed Lost,0.0,2017-05-13,Central,GTX Basic
WR6Q2X53,WR6Q2X53,A068,R010,Closed Lost,0.0,2017-05-08,Central,GTX Plus Pro
8O1WNJBA,8O1WNJBA,A007,R015,Closed Lost,0.0,2017-03-23,East,GTX Basic
X1LAD57Y,X1LAD57Y,A052,R015,Closed Lost,0.0,2017-03-04,East,GTX Plus Pro
E2NXQUWO,E2NXQUWO,A026,R015,Closed Won,3507.0,2017-03-06,East,MG Advanced
MEZLJGRB,MEZLJGRB,A021,R030,Closed Lost,0.0,2017-05-20,West,GTX Basic
M1QKPX6R,M1QKPX6R,A033,R030,Closed Won,4542.0,2017-05-21,West,GTX Pro
X6LO8WPD,X6LO8WPD,A029,R006,Closed Won,505.0,2017-05-28,Central,GTX Basic
S8WV5MUC,S8WV5MUC,A010,R031,Closed Lost,0.0,2017-05-07,West,GTX Plus Basic
R7JI95HZ,R7JI95HZ,A065,R027,Closed Lost,0.0,2017-05-31,West,GTX Pro
CVKLHZEO,CVKLHZEO,A028,R005,Closed Won,455.0,2017-05-13,Central,GTX Basic
8KJZJFJ1,8KJZJFJ1,A037,R021,Closed Won,537.0,2017-03-03,East,GTX Basic
W560QFJL,W560QFJL,A053,R021,Closed Won,1090.0,2017-03-04,East,GTX Plus Basic
TA3PW6ZQ,TA3PW6ZQ,A066,R003,Closed Lost,0.0,2017-05-24,Central,MG Advanced
2DVE0XCM,2DVE0XCM,A028,R003,Closed Won,60.0,2017-03-17,Central,MG Special
L3UMWAX7,L3UMWAX7,A022,R024,Closed Lost,0.0,2017-05-17,West,GTX Plus Basic
VOTOT8MK,VOTOT8MK,A056,R019,Closed Won,6509.0,2017-06-15,East,GTX Plus Pro
Y3ULGUD8,Y3ULGUD8,A059,R002,Closed Won,1079.0,2017-05-18,Central,GTX Plus Basic
7350YGG4,7350YGG4,A063,R013,Closed Won,1111.0,2017-05-29,East,GTX Plus Basic
2J16RN99,2J16RN99,A049,R020,Closed Lost,0.0,2017-05-21,East,GTX Pro
BRQRF65L,BRQRF65L,A018,R020,Closed Won,462.0,2017-03-02,East,GTX Basic
LB6XW39X,LB6XW39X,A078,R020,Closed Won,555.0,2017-03-04,East,GTX Basic
WS9CXY7E,WS9CXY7E,A013,R008,Closed Won,6719.0,2017-03-01,Central,GTX Plus Pro
CK0MDHHM,CK0MDHHM,A022,R026,Closed Won,3281.0,2017-06-02,West,MG Advanced
RNUH1SI8,RNUH1SI8,A042,R030,Closed Won,3398.0,2017-05-07,West,MG Advanced
D54HETSI,D54HETSI,A036,R031,Closed Lost,0.0,2017-05-14,West,GTX Pro
JOQQZ5RH,JOQQZ5RH,A016,R007,Closed Won,608.0,2017-03-01,Central,GTX Basic
90V75MDV,90V75MDV,A029,R009,Closed Lost,0.0,2017-05-17,Central,GTX Pro
LIIBOUUQ,LIIBOUUQ,A018,R021,Closed Won,1187.0,2017-05-30,East,GTX Plus Basic
UDYSM42B,UDYSM42B,A037,R012,Closed Won,5855.0,2017-06-22,East,GTX Plus Pro
F835LA4P,F835LA4P,A009,R010,Closed Won,5068.0,2017-05-10,Central,GTX Pro
75Q82XU7,75Q82XU7,A027,R020,Closed Lost,0.0,2017-06-13,East,GTX Plus Basic
2U6QQHCC,2U6QQHCC,A041,R030,Closed Won,4066.0,2017-06-19,West,GTX Plus Pro
MMKMJ0WC,MMKMJ0WC,A039,R006,Closed Won,4494.0,2017-06-07,Central,GTX Pro
CZIXINO2,CZIXINO2,A024,R032,Closed Lost,0.0,2017-05-04,West,GTX Basic
HV7Y6184,HV7Y6184,A050,R032,Closed Lost,0.0,2017-05-28,West,GTX Pro
KIHC1QJQ,KIHC1QJQ,A054,R032,Closed Won,540.0,2017-05-09,West,GTX Basic
VBWQO6BM,VBWQO6BM,A013,R009,Closed Lost,0.0,2017-05-14,Central,MG Advanced
LTZCN1RA,LTZCN1RA,A016,R003,Closed Won,54.0,2017-05-19,Central,MG Special
YO32O3T9,YO32O3T9,A047,R033,Closed Lost,0.0,2017-05-28,West,GTX Pro
8638OV6W,8638OV6W,A081,R013,Closed Lost,0.0,2017-05-26,East,MG Special
TTJXSO57,TTJXSO57,A036,R010,Closed Lost,0.0,2017-05-20,Central,GTX Pro
K4VP5HK4,K4VP5HK4,A002,R020,Closed Won,3602.0,2017-05-08,East,MG Advanced
10R46CSK,10R46CSK,A003,R004,Closed Won,2904.0,2017-05-07,Central,MG Advanced
VBA34LWX,VBA34LWX,A065,R027,Closed Won,571.0,2017-05-31,West,GTX Basic
DLJN7WG0,DLJN7WG0,A028,R007,Closed Lost,0.0,2017-05-30,Central,MG Special
FJCCTOPN,FJCCTOPN,A081,R021,Closed Won,492.0,2017-06-18,East,GTX Basic
LR6USOHL,LR6USOHL,A081,R021,Closed Won,4545.0,2017-05-27,East,GTX Pro
5VAV2TUY,5VAV2TUY,A009,R003,Closed Won,5614.0,2017-03-25,Central,GTX Plus Pro
HTD2ME9C,HTD2ME9C,A003,R001,Closed Won,5370.0,2017-06-12,Central,GTX Plus Pro
GHUCMUPL,GHUCMUPL,A082,R022,Closed Won,550.0,2017-05-02,East,GTX Basic
1LKY3B4X,1LKY3B4X,A080,R019,Closed Won,1011.0,2017-03-02,East,GTX Plus Basic
7Y5E0RDL,7Y5E0RDL,A069,R013,Closed Won,56.0,2017-06-18,East,MG Special
BEQIZZ7W,BEQIZZ7W,A011,R010,Closed Won,1217.0,2017-03-04,Central,GTX Plus Basic
44F8ZE41,44F8ZE41,A008,R020,Closed Lost,0.0,2017-05-19,East,GTX Basic
YJIH415V,YJIH415V,A042,R020,Closed Won,3222.0,2017-05-10,East,MG Advanced
K3DQJ796,K3DQJ796,A005,R015,Closed Lost,0.0,2017-05-14,East,GTX Basic
6QF3D2RI,6QF3D2RI,A048,R015,Closed Lost,0.0,2017-05-05,East,GTX Basic
G9565UWZ,G9565UWZ,A053,R015,Closed Won,3348.0,2017-03-01,East,MG Advanced
RFKIN7FG,RFKIN7FG,A013,R006,Closed Lost,0.0,2017-05-25,Central,GTX Basic
2BWZLXZ8,2BWZLXZ8,A051,R032,Closed Won,4216.0,2017-03-05,West,GTX Pro
2QHRL8CW,2QHRL8CW,A066,R005,Closed Won,404.0,2017-05-28,Central,GTX Basic
RFYAI0WA,RFYAI0WA,A037,R014,Closed Lost,0.0,2017-06-08,East,GTX Plus Pro
WH0DJCGL,WH0DJCGL,A081,R014,Closed Lost,0.0,2017-06-14,East,MG Special
LCW83256,LCW83256,A069,R014,Closed Won,5260.0,2017-03-04,East,GTX Pro
IHFM8QXN,IHFM8QXN,A042,R024,Closed Lost,0.0,2017-03-07,West,GTX Plus Basic
QCY951QA,QCY951QA,A018,R012,Closed Won,51.0,2017-05-06,East,MG Special
09BVA55J,09BVA55J,A061,R033,Closed Won,598.0,2017-06-25,West,GTX Basic
2R9HXKXT,2R9HXKXT,A044,R022,Closed Lost,0.0,2017-05-25,East,GTX Plus Basic
JLK8KCNN,JLK8KCNN,A081,R022,Closed Won,42.0,2017-05-24,East,MG Special
SZQUBIMH,SZQUBIMH,A075,R019,Closed Won,4689.0,2017-06-07,East,GTX Pro
8ZYVKQ27,8ZYVKQ27,A067,R002,Closed Won,5154.0,2017-06-26,Central,GTX Plus Pro
25A51PWG,25A51PWG,A030,R010,Closed Lost,0.0,2017-05-16,Central,GTX Pro
4B4XCPHT,4B4XCPHT,A082,R020,Closed Won,5010.0,2017-05-05,East,GTX Pro
5JFOA4XC,5JFOA4XC,A023,R008,Closed Won,3215.0,2017-06-14,Central,MG Advanced
N5FOEJZ9,N5FOEJZ9,A050,R032,Closed Lost,0.0,2017-06-03,West,GTX Basic
QTNPGKJ7,QTNPGKJ7,A035,R031,Closed Won,3169.0,2017-06-26,West,GTX Pro
EBRWSMI0,EBRWSMI0,A061,R027,Closed Lost,0.0,2017-06-27,West,GTX Plus Basic
4PKHDQOQ,4PKHDQOQ,A025,R007,Closed Won,5015.0,2017-06-03,Central,GTX Plus Pro
3Y9SB2QK,3Y9SB2QK,A014,R034,Closed Won,571.0,2017-03-01,West,GTX Basic
5MZ0O77T,5MZ0O77T,A008,R021,Closed Won,4839.0,2017-05-16,East,GTX Pro
2EILEDKF,2EILEDKF,A048,R021,Closed Won,3315.0,2017-03-05,East,MG Advanced
J4NX9TK5,J4NX9TK5,A076,R003,Closed Won,60.0,2017-05-24,Central,MG Special
5ITSLO0E,5ITSLO0E,A073,R001,Closed Won,999.0,2017-03-04,Central,GTX Plus Basic
QGW0TI1U,QGW0TI1U,A067,R010,Closed Lost,0.0,2017-06-11,Central,GTX Basic
WJC5J533,WJC5J533,A023,R004,Closed Won,5401.0,2017-06-04,Central,GTX Plus Pro
XGLMCTLG,XGLMCTLG,A060,R005,Closed Won,551.0,2017-06-18,Central,GTX Basic
X6RLT30X,X6RLT30X,A049,R021,Closed Lost,0.0,2017-05-23,East,GTX Plus Pro
IVT0S1N1,IVT0S1N1,A022,R024,Closed Won,600.0,2017-03-20,West,GTX Basic
JEPGSQC9,JEPGSQC9,A005,R012,Closed Lost,0.0,2017-05-05,East,GTX Plus Pro
EEDHCEVZ,EEDHCEVZ,A071,R022,Closed Lost,0.0,2017-05-22,East,MG Special
NHDTSMX2,NHDTSMX2,A069,R019,Closed Won,4711.0,2017-03-02,East,GTX Pro
E36CR33F,E36CR33F,A075,R013,Closed Lost,0.0,2017-06-08,East,MG Advanced
PNL17RE9,PNL17RE9,A082,R013,Closed Won,5133.0,2017-06-28,East,GTX Pro
VMEVOJVL,VMEVOJVL,A069,R018,Closed Lost,0.0,2017-05-17,East,GTX Plus Pro
5EKN0BFN,5EKN0BFN,A081,R018,Closed Won,4848.0,2017-05-15,East,GTX Plus Pro
R4LH95QS,R4LH95QS,A049,R018,Closed Won,4475.0,2017-03-03,East,GTX Pro
52CROFH2,52CROFH2,A003,R010,Closed Lost,0.0,2017-03-05,Central,GTX Basic
REDGEUCP,REDGEUCP,A028,R010,Closed Won,3763.0,2017-03-10,Central,GTX Pro
6KT5HAR6,6KT5HAR6,A059,R010,Closed Won,5006.0,2017-03-05,Central,GTX Pro
48AJ0X9E,48AJ0X9E,A072,R008,Closed Won,4498.0,2017-06-15,Central,GTX Pro
RA1UBXY9,RA1UBXY9,A076,R008,Closed Won,4375.0,2017-03-24,Central,GTX Pro
WGI2GSKJ,WGI2GSKJ,A041,R026,Closed Lost,0.0,2017-05-27,West,GTX Plus Basic
W4BNO6UL,W4BNO6UL,A021,R026,Closed Won,3763.0,2017-06-04,West,MG Advanced
S50A0C2S,S50A0C2S,A041,R032,Closed Lost,0.0,2017-03-14,West,GTX Pro
3H80RIHV,3H80RIHV,A065,R032,Closed Won,5491.0,2017-05-10,West,GTX Plus Pro
KATNS4R4,KATNS4R4,A004,R004,Closed Lost,0.0,2017-05-22,Central,GTX Basic
L5U7OT6O,L5U7OT6O,A079,R027,Closed Won,5503.0,2017-06-17,West,GTX Plus Pro
QKVUGRN9,QKVUGRN9,A057,R005,Closed Lost,0.0,2017-05-30,Central,GTX Plus Basic
FNY6F0KF,FNY6F0KF,A067,R005,Closed Won,58.0,2017-05-15,Central,MG Special
1W23LEWK,1W23LEWK,A028,R009,Closed Won,1051.0,2017-05-27,Central,GTX Plus Basic
JHJEQ1U3,JHJEQ1U3,A013,R009,Closed Won,5604.0,2017-03-07,Central,GTX Plus Pro
CPJAA632,CPJAA632,A078,R021,Closed Won,3273.0,2017-05-15,East,MG Advanced
GVC0RLQE,GVC0RLQE,A061,R024,Closed Lost,0.0,2017-05-11,West,GTX Plus Basic
9OLYBVNE,9OLYBVNE,A061,R033,Closed Won,1220.0,2017-06-02,West,GTX Plus Basic
R8N49PHN,R8N49PHN,A064,R033,Closed Won,5497.0,2017-03-02,West,GTX Plus Pro
P5EVJUKQ,P5EVJUKQ,A013,R001,Closed Won,1056.0,2017-06-10,Central,GTX Plus Basic
XF4648CO,XF4648CO,A042,R022,Closed Lost,0.0,2017-06-16,East,GTX Basic
24UTFDPK,24UTFDPK,A048,R019,Closed Won,572.0,2017-03-12,East,GTX Basic
ERYLM04D,ERYLM04D,A025,R002,Closed Won,3668.0,2017-05-23,Central,MG Advanced
IQ9W1X36,IQ9W1X36,A043,R013,Closed Won,50.0,2017-03-02,East,MG Special
GSR9PIF0,GSR9PIF0,A063,R018,Closed Won,3509.0,2017-05-22,East,MG Advanced
8477482V,8477482V,A030,R010,Closed Won,5643.0,2017-06-28,Central,GTX Pro
VFZOL6CB,VFZOL6CB,A014,R028,Closed Won,47.0,2017-03-10,West,MG Special
75ZOJ3O7,75ZOJ3O7,A024,R026,Closed Won,3312.0,2017-03-08,West,MG Advanced
1QQR82TP,1QQR82TP,A032,R030,Closed Lost,0.0,2017-06-23,West,GTX Plus Pro
DR6MQSWL,DR6MQSWL,A046,R032,Closed Won,480.0,2017-03-11,West,GTX Basic
KAV5TU8X,KAV5TU8X,A050,R032,Closed Won,3208.0,2017-05-06,West,MG Advanced
UQ86UOWY,UQ86UOWY,A079,R031,Closed Lost,0.0,2017-05-04,West,GTX Basic
A82DG6R5,A82DG6R5,A042,R031,Closed Won,5782.0,2017-05-04,West,GTX Plus Pro
37FKT2ZP,37FKT2ZP,A057,R004,Closed Won,5827.0,2017-05-23,Central,GTX Plus Pro
MVXB9PS5,MVXB9PS5,A051,R034,Closed Lost,0.0,2017-06-17,West,GTX Basic
M2TZSYTN,M2TZSYTN,A004,R005,Closed Won,516.0,2017-06-16,Central,GTX Basic
KGJL5GHX,KGJL5GHX,A012,R005,Closed Won,956.0,2017-06-06,Central,GTX Plus Basic
IF7DSONM,IF7DSONM,A066,R005,Closed Won,52.0,2017-03-15,Central,MG Special
RR4FWSVB,RR4FWSVB,A072,R005,Closed Won,3025.0,2017-05-11,Central,MG Advanced
C5IWM5VJ,C5IWM5VJ,A071,R021,Closed Won,5618.0,2017-06-10,East,GTX Pro
9WZ3I1TF,9WZ3I1TF,A074,R014,Closed Won,4867.0,2017-05-09,East,GTX Pro
IO4GTLAB,IO4GTLAB,A042,R033,Closed Won,929.0,2017-03-14,West,GTX Plus Basic
06T2UPDG,06T2UPDG,A015,R002,Closed Lost,0.0,2017-06-05,Central,MG Special
9L6ADU5C,9L6ADU5C,A078,R013,Closed Lost,0.0,2017-05-11,East,MG Advanced
U185INDA,U185INDA,A072,R010,Closed Won,5010.0,2017-05-05,Central,GTX Pro
2AGLONC4,2AGLONC4,A007,R020,Closed Won,5621.0,2017-05-15,East,GTX Pro
TBDUMBLA,TBDUMBLA,A040,R020,Closed Won,3233.0,2017-05-02,East,MG Advanced
0AXGVKN8,0AXGVKN8,A001,R015,Closed Won,55.0,2017-05-28,East,MG Special
TAPNNL1W,TAPNNL1W,A005,R015,Closed Won,3278.0,2017-03-07,East,MG Advanced
R9ZAKBFE,R9ZAKBFE,A016,R008,Closed Won,1155.0,2017-03-10,Central,GTX Plus Basic
Y40ADYX7,Y40ADYX7,A032,R026,Closed Won,3550.0,2017-03-11,West,MG Advanced
R7GVZT8J,R7GVZT8J,A066,R006,Closed Lost,0.0,2017-05-10,Central,MG Advanced
RSEDY99J,RSEDY99J,A036,R006,Closed Won,1055.0,2017-06-16,Central,GTX Plus Basic
D5NZQIWU,D5NZQIWU,A065,R027,Closed Lost,0.0,2017-06-20,West,GTX Plus Basic
Z0BGG6IJ,Z0BGG6IJ,A079,R027,Closed Won,595.0,2017-05-05,West,GTX Basic
ZCA1IRGD,ZCA1IRGD,A076,R005,Closed Won,3063.0,2017-05-06,Central,MG Advanced
NPB8ZLEO,NPB8ZLEO,A044,R024,Closed Lost,0.0,2017-05-13,West,MG Advanced
HJIO57TA,HJIO57TA,A048,R012,Closed Won,3246.0,2017-06-06,East,MG Advanced
U6N053E1,U6N053E1,A062,R001,Closed Won,423.0,2017-03-02,Central,GTX Basic
MTKCJVFO,MTKCJVFO,A037,R019,Closed Won,542.0,2017-06-18,East,GTX Basic
KIP060D0,KIP060D0,A052,R019,Closed Won,5040.0,2017-03-08,East,GTX Pro
YOISPUC6,YOISPUC6,A042,R013,Closed Lost,0.0,2017-05-21,East,GTX Plus Basic
2MHTTXX0,2MHTTXX0,A057,R010,Closed Lost,0.0,2017-06-17,Central,GTX Plus Pro
QU4FNKZL,QU4FNKZL,A067,R010,Closed Won,5423.0,2017-05-09,Central,GTX Pro
GZUKDP7F,GZUKDP7F,A009,R010,Closed Won,3295.0,2017-06-13,Central,MG Advanced
S519S1EK,S519S1EK,A056,R020,Closed Won,568.0,2017-06-02,East,GTX Basic
AL554AUI,AL554AUI,A078,R020,Closed Won,640.0,2017-05-26,East,GTX Basic
MCWDHOBT,MCWDHOBT,A055,R028,Closed Won,4612.0,2017-05-19,West,GTX Pro
GDZV8N5W,GDZV8N5W,A016,R008,Closed Lost,0.0,2017-05-26,Central,GTX Pro
F4FLJ0WW,F4FLJ0WW,A032,R030,Closed Lost,0.0,2017-05-26,West,GTX Plus Basic
P3VM7655,P3VM7655,A019,R006,Closed Won,3281.0,2017-05-06,Central,MG Advanced
5QU60VGE,5QU60VGE,A024,R032,Closed Lost,0.0,2017-03-12,West,GTX Basic
3CLBPMYZ,3CLBPMYZ,A046,R032,Closed Lost,0.0,2017-03-08,West,GTX Plus Basic
G17JEA75,G17JEA75,A058,R032,Closed Won,59.0,2017-03-11,West,MG Special
BGU0JJ9X,BGU0JJ9X,A062,R007,Closed Won,1081.0,2017-06-30,Central,GTX Plus Basic
U02OIJGK,U02OIJGK,A085,R007,Closed Won,962.0,2017-05-09,Central,GTX Plus Basic
3N7ZXGMF,3N7ZXGMF,A011,R009,Closed Won,1123.0,2017-03-06,Central,GTX Plus Basic
0QHI3KG5,0QHI3KG5,A078,R021,Closed Won,3075.0,2017-06-10,East,MG Advanced
0WWDVOM3,0WWDVOM3,A012,R025,Closed Won,50.0,2017-05-09,West,MG Special
QPPUCKFM,QPPUCKFM,A014,R025,Closed Won,47.0,2017-03-06,West,MG Special
VGE4M1C9,VGE4M1C9,A029,R003,Closed Lost,0.0,2017-03-08,Central,MG Special
56XQOTXV,56XQOTXV,A003,R003,Closed Won,4494.0,2017-05-17,Central,GTX Plus Pro
1JC9DMNJ,1JC9DMNJ,A036,R024,Closed Lost,0.0,2017-05-06,West,MG Special
AK2LRFXF,AK2LRFXF,A064,R024,Closed Won,61.0,2017-03-11,West,MG Special
UCK7JRXG,UCK7JRXG,A032,R024,Closed Won,3418.0,2017-05-13,West,MG Advanced
WM30CUBE,WM30CUBE,A044,R016,Closed Won,3336.0,2017-06-02,East,MG Advanced
8DWOWB6Y,8DWOWB6Y,A003,R001,Closed Lost,0.0,2017-03-16,Central,GTX Basic
BGNB966A,BGNB966A,A049,R022,Closed Won,4766.0,2017-03-13,East,GTX Plus Pro
4Q4CLZCH,4Q4CLZCH,A056,R013,Closed Lost,0.0,2017-06-10,East,MG Advanced
YQ24IWRQ,YQ24IWRQ,A026,R018,Closed Won,592.0,2017-05-27,East,GTX Basic
Z30RS0CL,Z30RS0CL,A040,R020,Closed Lost,0.0,2017-06-01,East,GTX Basic
FRB34F3W,FRB34F3W,A033,R028,Closed Lost,0.0,2017-05-24,West,MG Special
CGEHFK9N,CGEHFK9N,A073,R008,Closed Lost,0.0,2017-05-29,Central,GTX Pro
4A189ZAB,4A189ZAB,A019,R008,Closed Won,5142.0,2017-06-08,Central,GTX Pro
0HELH2Q0,0HELH2Q0,A010,R030,Closed Lost,0.0,2017-05-29,West,GTX Plus Basic
HG5P21RO,HG5P21RO,A030,R004,Closed Lost,0.0,2017-05-08,Central,MG Advanced
MGP9HCUL,MGP9HCUL,A054,R027,Closed Lost,0.0,2017-06-16,West,GTX Plus Basic
XX84TIMO,XX84TIMO,A022,R034,Closed Lost,0.0,2017-06-26,West,GTX Plus Basic
2JFS8EGS,2JFS8EGS,A050,R034,Closed Lost,0.0,2017-05-03,West,MG Special
GBMHNLRO,GBMHNLRO,A019,R005,Closed Won,660.0,2017-03-15,Central,GTX Basic
NAVG0P26,NAVG0P26,A060,R005,Closed Won,443.0,2017-05-26,Central,GTX Basic
DK955UBP,DK955UBP,A011,R009,Closed Lost,0.0,2017-05-20,Central,MG Special
0OOZE4GN,0OOZE4GN,A084,R014,Closed Lost,0.0,2017-03-03,East,GTX Plus Pro
3P0T15VX,3P0T15VX,A071,R014,Closed Lost,0.0,2017-05-18,East,MG Special
GK0A4IQW,GK0A4IQW,A016,R003,Closed Won,61.0,2017-06-18,Central,MG Special
UXJSIAVS,UXJSIAVS,A079,R033,Closed Won,4846.0,2017-03-14,West,GTX Plus Pro
KR4K652E,KR4K652E,A015,R001,Closed Won,574.0,2017-06-04,Central,GTX Basic
J2SR2H1Y,J2SR2H1Y,A026,R019,Closed Lost,0.0,2017-06-18,East,GTX Basic
4U5VTUJL,4U5VTUJL,A069,R019,Closed Lost,0.0,2017-05-22,East,GTX Pro
VTT447YT,VTT447YT,A013,R002,Closed Won,497.0,2017-05-03,Central,GTX Basic
8JJY9B08,8JJY9B08,A078,R013,Closed Lost,0.0,2017-05-04,East,GTX Basic
STTAXKIU,STTAXKIU,A044,R013,Closed Won,5159.0,2017-05-30,East,GTX Plus Pro
PX4OW5SC,PX4OW5SC,A011,R010,Closed Lost,0.0,2017-05-02,Central,MG Special
87MEZS8G,87MEZS8G,A013,R010,Closed Won,4311.0,2017-05-13,Central,GTX Pro
SLIWHUIM,SLIWHUIM,A026,R020,Closed Won,609.0,2017-05-22,East,GTX Basic
XBVFZ1IR,XBVFZ1IR,A009,R008,Closed Won,1008.0,2017-06-24,Central,GTX Plus Basic
7B3J333S,7B3J333S,A085,R008,Closed Won,4458.0,2017-06-22,Central,GTX Pro
3N9I1WH7,3N9I1WH7,A054,R026,Closed Won,2964.0,2017-05-26,West,MG Advanced
TMW4J6NA,TMW4J6NA,A047,R030,Closed Lost,0.0,2017-06-04,West,GTX Plus Pro
ZI1MPYF3,ZI1MPYF3,A014,R030,Closed Won,3813.0,2017-06-05,West,MG Advanced
L6KOBEBZ,L6KOBEBZ,A060,R006,Closed Won,528.0,2017-05-27,Central,GTX Basic
Z2S4KUPO,Z2S4KUPO,A058,R031,Closed Won,1173.0,2017-03-10,West,GTX Plus Basic
GIW1PN4L,GIW1PN4L,A042,R031,Closed Won,3893.0,2017-06-19,West,GTX Pro
E57F5Z2K,E57F5Z2K,A065,R031,Closed Won,4678.0,2017-03-15,West,GTX Pro
38KKSE72,38KKSE72,A004,R004,Closed Won,530.0,2017-06-01,Central,GTX Basic
0GJ586J0,0GJ586J0,A070,R027,Closed Lost,0.0,2017-03-14,West,MG Special
4V0S4BA3,4V0S4BA3,A032,R027,Closed Won,29617.0,2017-06-27,West,GTK 500
1LTD5TKV,1LTD5TKV,A039,R007,Closed Won,1028.0,2017-05-09,Central,GTX Plus Basic
VBM56CIF,VBM56CIF,A016,R007,Closed Won,2863.0,2017-06-28,Central,MG Advanced
PDH2NPE1,PDH2NPE1,A011,R005,Closed Won,4109.0,2017-06-28,Central,MG Advanced
OV60VIBB,OV60VIBB,A003,R009,Closed Lost,0.0,2017-05-08,Central,GTX Basic
2OAIXF3A,2OAIXF3A,A042,R021,Closed Won,1106.0,2017-03-13,East,GTX Plus Basic
FBSEA94D,FBSEA94D,A008,R014,Closed Won,53.0,2017-06-30,East,MG Special
EOB01PRO,EOB01PRO,A029,R003,Closed Won,47.0,2017-05-14,Central,MG Special
5QC9H4C2,5QC9H4C2,A042,R012,Closed Won,3749.0,2017-05-23,East,MG Advanced
3HGQ3BOY,3HGQ3BOY,A052,R012,Closed Won,4204.0,2017-05-27,East,MG Advanced
CO6ZPH1W,CO6ZPH1W,A074,R019,Closed Won,3986.0,2017-06-15,East,MG Advanced
M3WTE943,M3WTE943,A018,R018,Closed Won,5105.0,2017-06-05,East,GTX Pro
X914SMX7,X914SMX7,A028,R010,Closed Won,516.0,2017-06-22,Central,GTX Basic
1MCE2AOV,1MCE2AOV,A060,R010,Closed Won,4407.0,2017-06-02,Central,GTX Pro
8061HKKB,8061HKKB,A081,R020,Closed Won,3087.0,2017-06-19,East,MG Advanced
T1HIH384,T1HIH384,A038,R008,Closed Won,5331.0,2017-05-15,Central,GTX Plus Pro
FM2NX2GB,FM2NX2GB,A012,R026,Closed Won,4069.0,2017-05-05,West,MG Advanced
SJ45HNHM,SJ45HNHM,A035,R030,Closed Won,463.0,2017-06-29,West,GTX Basic
NYGZJYCJ,NYGZJYCJ,A022,R030,Closed Won,5625.0,2017-05-26,West,GTX Plus Pro
6MMFIIGE,6MMFIIGE,A060,R004,Closed Won,524.0,2017-06-15,Central,GTX Basic
IJ817GQJ,IJ817GQJ,A010,R027,Closed Lost,0.0,2017-05-12,West,GTX Basic
PCRRS6JP,PCRRS6JP,A028,R005,Closed Lost,0.0,2017-05-28,Central,MG Special
NKL5SWX3,NKL5SWX3,A082,R021,Closed Won,1161.0,2017-06-01,East,GTX Plus Basic
WVG1CIHX,WVG1CIHX,A049,R021,Closed Won,6046.0,2017-06-03,East,GTX Plus Pro
7GRNFO6D,7GRNFO6D,A019,R003,Closed Won,49.0,2017-05-18,Central,MG Special
G0QKNVIJ,G0QKNVIJ,A013,R001,Closed Won,51.0,2017-05-28,Central,MG Special
6HRIX06M,6HRIX06M,A036,R001,Closed Won,3415.0,2017-06-26,Central,MG Advanced
AM5YTMH3,AM5YTMH3,A042,R022,Closed Won,1053.0,2017-03-10,East,GTX Plus Basic
2L5ZWLI7,2L5ZWLI7,A002,R019,Closed Lost,0.0,2017-05-25,East,GTX Plus Basic
6B6Q8C5S,6B6Q8C5S,A018,R019,Closed Won,5068.0,2017-03-15,East,GTX Pro
DF4KYH5H,DF4KYH5H,A048,R019,Closed Won,4256.0,2017-06-30,East,GTX Pro
JTDV6H65,JTDV6H65,A073,R010,Closed Lost,0.0,2017-05-08,Central,MG Advanced
O8JF46GT,O8JF46GT,A028,R010,Closed Won,657.0,2017-03-12,Central,GTX Basic
RK5Y67V6,RK5Y67V6,A066,R010,Closed Won,60.0,2017-03-08,Central,MG Special
COWOZH43,COWOZH43,A053,R020,Closed Lost,0.0,2017-05-29,East,GTX Basic
DGIYD342,DGIYD342,A036,R028,Closed Lost,0.0,2017-05-10,West,GTX Plus Pro
JSSGVBVS,JSSGVBVS,A063,R015,Closed Lost,0.0,2017-05-05,East,GTX Basic
V28NVD6A,V28NVD6A,A056,R015,Closed Won,629.0,2017-05-01,East,GTX Basic
I1IAVDQM,I1IAVDQM,A036,R008,Closed Lost,0.0,2017-05-23,Central,MG Advanced
4MC584U5,4MC584U5,A073,R008,Closed Won,4082.0,2017-06-02,Central,MG Advanced
MCYLHUCZ,MCYLHUCZ,A060,R004,Closed Won,1044.0,2017-05-31,Central,GTX Plus Basic
5E4DTWHV,5E4DTWHV,A038,R007,Closed Lost,0.0,2017-06-11,Central,MG Advanced
1VUBYV53,1VUBYV53,A058,R034,Closed Won,1025.0,2017-03-21,West,GTX Plus Basic
W03CXYET,W03CXYET,A068,R005,Closed Won,465.0,2017-06-17,Central,GTX Basic
LZVFFQLN,LZVFFQLN,A045,R005,Closed Won,50.0,2017-06-14,Central,MG Special
MFV0C5RN,MFV0C5RN,A075,R021,Closed Won,5548.0,2017-03-09,East,GTX Plus Pro
A1WZEK7U,A1WZEK7U,A042,R021,Closed Won,3558.0,2017-06-03,East,MG Advanced
516FJUNB,516FJUNB,A064,R025,Closed Won,3959.0,2017-03-07,West,MG Advanced
PE8DK02A,PE8DK02A,A059,R003,Closed Won,49.0,2017-03-17,Central,MG Special
10NTPQUY,10NTPQUY,A076,R003,Closed Won,50.0,2017-06-16,Central,MG Special
X2EXSMPR,X2EXSMPR,A077,R024,Closed Won,523.0,2017-03-08,West,GTX Basic
JCFQVIEG,JCFQVIEG,A083,R024,Closed Won,1086.0,2017-06-01,West,GTX Plus Basic
XIWKGJOW,XIWKGJOW,A032,R024,Closed Won,4445.0,2017-03-09,West,GTX Pro
DHGLWIDZ,DHGLWIDZ,A074,R012,Closed Won,4756.0,2017-06-24,East,GTX Pro
74VGCEEW,74VGCEEW,A027,R012,Closed Won,67.0,2017-06-19,East,MG Special
MXTAIS4Q,MXTAIS4Q,A040,R016,Closed Won,3783.0,2017-06-09,East,MG Advanced
YP8QKKEZ,YP8QKKEZ,A017,R033,Closed Lost,0.0,2017-05-31,West,GTX Basic
3TSOEM5K,3TSOEM5K,A058,R033,Closed Lost,0.0,2017-06-27,West,GTX Plus Pro
G7RCJBVL,G7RCJBVL,A019,R001,Closed Lost,0.0,2017-05-31,Central,MG Advanced
G20IQSA3,G20IQSA3,A013,R001,Closed Won,522.0,2017-03-12,Central,GTX Basic
Q16BQCEL,Q16BQCEL,A043,R022,Closed Won,1001.0,2017-03-18,East,GTX Plus Basic
9924I5ZF,9924I5ZF,A003,R002,Closed Won,5728.0,2017-05-25,Central,GTX Plus Pro
SLLJT3T1,SLLJT3T1,A011,R010,Closed Won,4856.0,2017-06-19,Central,GTX Plus Pro
AAEUN73V,AAEUN73V,A009,R010,Closed Won,5570.0,2017-05-26,Central,GTX Pro
32LY2D1K,32LY2D1K,A013,R010,Closed Won,3647.0,2017-05-26,Central,MG Advanced
S2UWELRW,S2UWELRW,A049,R020,Closed Won,487.0,2017-06-11,East,GTX Basic
5VQRLIEZ,5VQRLIEZ,A018,R020,Closed Won,1166.0,2017-06-12,East,GTX Plus Basic
6U0CT07B,6U0CT07B,A062,R006,Closed Won,595.0,2017-06-06,Central,GTX Basic
DFN1V29L,DFN1V29L,A012,R032,Closed Won,49.0,2017-06-04,West,MG Special
VBZ862OS,VBZ862OS,A077,R031,Closed Won,599.0,2017-03-19,West,GTX Basic
VFKKSJT2,VFKKSJT2,A042,R031,Closed Won,4506.0,2017-05-15,West,GTX Pro
FJMFXCTD,FJMFXCTD,A070,R031,Closed Won,4512.0,2017-05-06,West,GTX Pro
LGLIB8TR,LGLIB8TR,A030,R004,Closed Lost,0.0,2017-05-01,Central,GTX Basic
JREGYB42,JREGYB42,A050,R034,Closed Won,1102.0,2017-05-06,West,GTX Plus Basic
9PWM6RYC,9PWM6RYC,A058,R025,Closed Lost,0.0,2017-06-10,West,GTX Basic
EMUA57Q2,EMUA57Q2,A012,R003,Closed Won,54.0,2017-05-12,Central,MG Special
DB3N4CHN,DB3N4CHN,A036,R003,Closed Won,62.0,2017-03-17,Central,MG Special
OF7GY5F4,OF7GY5F4,A071,R012,Closed Won,61.0,2017-03-09,East,MG Special
CVFJUYPM,CVFJUYPM,A064,R033,Closed Lost,0.0,2017-05-23,West,GTX Pro
L5807I4N,L5807I4N,A046,R033,Closed Won,4277.0,2017-03-16,West,GTX Pro
Q1ZKBGV5,Q1ZKBGV5,A029,R001,Closed Won,46.0,2017-05-23,Central,MG Special
9JKODCAU,9JKODCAU,A060,R001,Closed Won,54.0,2017-06-22,Central,MG Special
LELWKXDX,LELWKXDX,A018,R022,Closed Won,6173.0,2017-06-08,East,GTX Plus Pro
DA95Q0VE,DA95Q0VE,A026,R019,Closed Lost,0.0,2017-03-21,East,MG Advanced
5HMZH1Z9,5HMZH1Z9,A069,R018,Closed Lost,0.0,2017-06-11,East,GTX Pro
05QMFSF0,05QMFSF0,A072,R010,Closed Lost,0.0,2017-05-16,Central,GTX Pro
JE245P8R,JE245P8R,A045,R010,Closed Won,1149.0,2017-05-28,Central,GTX Plus Basic
SFQMEZIW,SFQMEZIW,A063,R015,Closed Lost,0.0,2017-05-04,East,GTX Basic
B8RR21XP,B8RR21XP,A019,R006,Closed Lost,0.0,2017-03-16,Central,GTX Plus Basic
U85VV1BU,U85VV1BU,A032,R031,Closed Won,568.0,2017-05-22,West,GTX Basic
V6HB68BL,V6HB68BL,A041,R031,Closed Won,567.0,2017-05-30,West,GTX Basic
H9JPB7GW,H9JPB7GW,A028,R004,Closed Won,542.0,2017-03-09,Central,GTX Basic
8LFNU39A,8LFNU39A,A013,R007,Closed Lost,0.0,2017-05-28,Central,GTX Basic
SWPTTVQZ,SWPTTVQZ,A025,R007,Closed Won,1062.0,2017-03-16,Central,GTX Plus Basic
GKJLM1UR,GKJLM1UR,A021,R034,Closed Won,1057.0,2017-03-13,West,GTX Plus Basic
8L1ZHTPL,8L1ZHTPL,A029,R005,Closed Won,1020.0,2017-06-01,Central,GTX Plus Basic
4XX690SP,4XX690SP,A033,R033,Closed Won,535.0,2017-05-11,West,GTX Basic
JSDGELLK,JSDGELLK,A011,R001,Closed Won,522.0,2017-06-13,Central,GTX Basic
LV1754PS,LV1754PS,A057,R001,Closed Won,544.0,2017-05-14,Central,GTX Basic
JIYYV11P,JIYYV11P,A028,R001,Closed Won,3081.0,2017-06-07,Central,MG Advanced
6TB7XA83,6TB7XA83,A015,R002,Closed Won,51.0,2017-05-18,Central,MG Special
U5UM9W8V,U5UM9W8V,A082,R013,Closed Lost,0.0,2017-05-09,East,GTX Plus Basic
POB32WHJ,POB32WHJ,A001,R018,Closed Lost,0.0,2017-05-06,East,GTX Plus Basic
4T8KR12S,4T8KR12S,A068,R010,Closed Won,1076.0,2017-03-20,Central,GTX Plus Basic
JA0D4V57,JA0D4V57,A079,R030,Closed Won,3685.0,2017-05-09,West,MG Advanced
6CKB8I8U,6CKB8I8U,A036,R006,Closed Lost,0.0,2017-05-13,Central,GTX Plus Basic
HKBAON9X,HKBAON9X,A031,R032,Closed Won,3997.0,2017-05-18,West,GTX Pro
7S1N6QHI,7S1N6QHI,A079,R032,Closed Won,51.0,2017-03-18,West,MG Special
CHI2T3IH,CHI2T3IH,A070,R032,Closed Won,3164.0,2017-03-21,West,MG Advanced
X7HK448T,X7HK448T,A025,R004,Closed Won,496.0,2017-06-22,Central,GTX Basic
1YYN3PBU,1YYN3PBU,A022,R027,Closed Lost,0.0,2017-05-13,West,MG Advanced
R4L36Y0P,R4L36Y0P,A066,R007,Closed Won,579.0,2017-03-26,Central,GTX Basic
CPTEPYPZ,CPTEPYPZ,A077,R034,Closed Lost,0.0,2017-05-20,West,GTX Basic
AJJ7VJWA,AJJ7VJWA,A004,R009,Closed Lost,0.0,2017-05-02,Central,GTX Pro
8BR6E4S6,8BR6E4S6,A073,R009,Closed Lost,0.0,2017-05-27,Central,GTX Pro
YNKWBEEN,YNKWBEEN,A042,R021,Closed Won,521.0,2017-06-27,East,GTX Basic
SARVIBLS,SARVIBLS,A027,R021,Closed Won,3889.0,2017-03-07,East,MG Advanced
M4ZNQTEQ,M4ZNQTEQ,A056,R014,Closed Won,3340.0,2017-03-12,East,MG Advanced
K0GWTWYL,K0GWTWYL,A023,R003,Closed Lost,0.0,2017-03-20,Central,MG Special
TCSQO748,TCSQO748,A010,R024,Closed Lost,0.0,2017-05-11,West,GTX Pro
ITCY8YV0,ITCY8YV0,A006,R033,Closed Won,5876.0,2017-06-11,West,GTX Pro
SAUAOZVO,SAUAOZVO,A072,R001,Closed Won,5092.0,2017-05-29,Central,GTX Plus Pro
1XHLB0Q5,1XHLB0Q5,A048,R022,Closed Lost,0.0,2017-05-09,East,GTX Plus Basic
OJVA8ZEK,OJVA8ZEK,A001,R018,Closed Won,966.0,2017-06-08,East,GTX Plus Basic
UAX3F7D4,UAX3F7D4,A053,R018,Closed Won,6024.0,2017-03-21,East,GTX Plus Pro
7PDUWDGT,7PDUWDGT,A012,R018,Closed Won,3759.0,2017-03-14,East,MG Advanced
QWJ2TRQM,QWJ2TRQM,A068,R010,Closed Lost,0.0,2017-05-24,Central,GTX Pro
3AU5SZ3V,3AU5SZ3V,A018,R020,Closed Won,4443.0,2017-03-23,East,GTX Pro
BVOO33UA,BVOO33UA,A010,R026,Closed Won,3397.0,2017-06-28,West,MG Advanced
SC7XGQVA,SC7XGQVA,A064,R030,Closed Lost,0.0,2017-03-15,West,GTX Plus Pro
UY45Y7AM,UY45Y7AM,A070,R030,Closed Lost,0.0,2017-05-14,West,MG Special
M92Y63Q3,M92Y63Q3,A016,R006,Closed Won,59.0,2017-05-05,Central,MG Special
JXAYTFNI,JXAYTFNI,A009,R004,Closed Lost,0.0,2017-05-12,Central,GTX Basic
BMM5D5R4,BMM5D5R4,A015,R004,Closed Lost,0.0,2017-05-21,Central,GTX Basic
PSGTTYUT,PSGTTYUT,A057,R004,Closed Won,494.0,2017-06-06,Central,GTX Basic
JRC2PMKX,JRC2PMKX,A011,R004,Closed Won,1060.0,2017-05-16,Central,GTX Plus Basic
6M5LV1ZE,6M5LV1ZE,A062,R007,Closed Lost,0.0,2017-05-26,Central,MG Special
IBZQBCSU,IBZQBCSU,A075,R014,Closed Lost,0.0,2017-05-19,East,MG Special
YABTM1G5,YABTM1G5,A016,R003,Closed Lost,0.0,2017-05-30,Central,GTX Basic
FPTH6URQ,FPTH6URQ,A022,R024,Closed Won,624.0,2017-05-11,West,GTX Basic
S3XE14XP,S3XE14XP,A032,R024,Closed Won,565.0,2017-05-08,West,GTX Basic
U6Q0T9KV,U6Q0T9KV,A044,R024,Closed Won,642.0,2017-06-14,West,GTX Basic
HRWHRCH8,HRWHRCH8,A002,R012,Closed Won,48.0,2017-03-14,East,MG Special
8B29CRQL,8B29CRQL,A020,R012,Closed Won,60.0,2017-05-19,East,MG Special
3KM8WN7L,3KM8WN7L,A042,R022,Closed Won,522.0,2017-05-18,East,GTX Basic
S0XILDHQ,S0XILDHQ,A074,R019,Closed Won,4701.0,2017-03-18,East,GTX Plus Pro
ZVR3CS7N,ZVR3CS7N,A062,R010,Closed Lost,0.0,2017-05-20,Central,GTX Plus Pro
AZH0INTS,AZH0INTS,A064,R028,Closed Won,4987.0,2017-03-13,West,GTX Pro
9AMJKJX6,9AMJKJX6,A038,R006,Closed Won,579.0,2017-05-31,Central,GTX Basic
3NQBMKOK,3NQBMKOK,A042,R031,Closed Won,494.0,2017-06-29,West,GTX Basic
VBG91TQH,VBG91TQH,A039,R007,Closed Won,545.0,2017-06-11,Central,GTX Basic
QZE24X2H,QZE24X2H,A079,R034,Closed Won,584.0,2017-06-01,West,GTX Basic
WSPBQ5YR,WSPBQ5YR,A015,R005,Closed Won,3714.0,2017-06-09,Central,MG Advanced
YJJ1BLPQ,YJJ1BLPQ,A023,R009,Closed Won,3423.0,2017-05-15,Central,MG Advanced
XUGTSB00,XUGTSB00,A059,R009,Closed Won,3167.0,2017-03-19,Central,MG Advanced
3DKK3JF3,3DKK3JF3,A001,R021,Closed Lost,0.0,2017-05-29,East,GTX Basic
I0TSIELX,I0TSIELX,A077,R025,Closed Won,987.0,2017-05-29,West,GTX Plus Basic
420PORSF,420PORSF,A044,R014,Closed Lost,0.0,2017-06-06,East,MG Advanced
DVCPCBMJ,DVCPCBMJ,A016,R003,Closed Lost,0.0,2017-05-21,Central,MG Advanced
UMZ986GC,UMZ986GC,A019,R003,Closed Won,3428.0,2017-05-24,Central,MG Advanced
UPQRP36U,UPQRP36U,A027,R012,Closed Lost,0.0,2017-05-22,East,MG Special
RZI9HX5X,RZI9HX5X,A036,R033,Closed Won,1149.0,2017-05-31,West,GTX Plus Basic
WFJPWN9O,WFJPWN9O,A029,R001,Closed Won,6023.0,2017-06-11,Central,GTX Plus Pro
2WH4NUR9,2WH4NUR9,A007,R019,Closed Lost,0.0,2017-06-04,East,GTX Basic
S93L97VV,S93L97VV,A062,R002,Closed Won,47.0,2017-03-17,Central,MG Special
HRU8FNE1,HRU8FNE1,A018,R013,Closed Won,542.0,2017-03-10,East,GTX Basic
JDFN8AZI,JDFN8AZI,A078,R013,Closed Won,4980.0,2017-03-16,East,GTX Pro
11EK1VP7,11EK1VP7,A025,R010,Closed Won,4978.0,2017-05-28,Central,GTX Pro
50HQRWGJ,50HQRWGJ,A075,R020,Closed Won,5256.0,2017-06-10,East,GTX Pro
N90VSHI2,N90VSHI2,A036,R028,Closed Won,4327.0,2017-06-07,West,GTX Pro
21PRD9FN,21PRD9FN,A020,R015,Closed Won,5022.0,2017-05-15,East,GTX Pro
ITIQJARB,ITIQJARB,A004,R008,Closed Won,4887.0,2017-03-11,Central,GTX Plus Pro
EAUV9J9L,EAUV9J9L,A066,R008,Closed Won,3724.0,2017-03-21,Central,MG Advanced
XWEZ1WNK,XWEZ1WNK,A079,R030,Closed Won,535.0,2017-03-11,West,GTX Basic
JTSUYWUD,JTSUYWUD,A006,R031,Closed Lost,0.0,2017-05-24,West,GTX Plus Pro
CJ5U6GX3,CJ5U6GX3,A064,R027,Closed Won,3969.0,2017-03-15,West,MG Advanced
HDUV7VJN,HDUV7VJN,A072,R005,Closed Won,6805.0,2017-03-13,Central,GTX Plus Pro
5OCY2XME,5OCY2XME,A039,R009,Closed Won,1190.0,2017-06-12,Central,GTX Plus Basic
1YB00UYY,1YB00UYY,A012,R014,Closed Won,4821.0,2017-05-29,East,GTX Plus Pro
Y23HQJRG,Y23HQJRG,A043,R012,Closed Won,53.0,2017-05-06,East,MG Special
9HXSC391,9HXSC391,A075,R019,Closed Won,3087.0,2017-05-22,East,MG Advanced
ENOMNCOJ,ENOMNCOJ,A004,R002,Closed Won,59.0,2017-06-03,Central,MG Special
CG4TWLUR,CG4TWLUR,A008,R013,Closed Won,857.0,2017-06-02,East,GTX Plus Basic
0FIG6ZP2,0FIG6ZP2,A048,R018,Closed Won,1142.0,2017-06-27,East,GTX Plus Basic
IA62KQBO,IA62KQBO,A026,R020,Closed Won,566.0,2017-05-14,East,GTX Basic
C54ZXDLT,C54ZXDLT,A078,R015,Closed Won,4291.0,2017-03-18,East,MG Advanced
X96MMTCI,X96MMTCI,A058,R026,Closed Won,1039.0,2017-06-16,West,GTX Plus Basic
P4RDU8QM,P4RDU8QM,A077,R026,Closed Won,3151.0,2017-05-19,West,MG Advanced
7C9Q2ZA3,7C9Q2ZA3,A030,R006,Closed Won,590.0,2017-03-24,Central,GTX Basic
YZ1EYM3Y,YZ1EYM3Y,A059,R006,Closed Won,3217.0,2017-03-18,Central,MG Advanced
M7J5BV9Q,M7J5BV9Q,A083,R032,Closed Won,597.0,2017-03-11,West,GTX Basic
MDRX39D8,MDRX39D8,A051,R031,Closed Won,4918.0,2017-05-11,West,GTX Pro
7GRFWF1U,7GRFWF1U,A061,R031,Closed Won,5266.0,2017-03-19,West,GTX Pro
EHP6OQ69,EHP6OQ69,A023,R004,Closed Lost,0.0,2017-05-14,Central,MG Advanced
4R1NMA9E,4R1NMA9E,A064,R027,Closed Lost,0.0,2017-05-17,West,GTX Basic
CDA8Y12G,CDA8Y12G,A006,R027,Closed Won,61.0,2017-05-07,West,MG Special
RYLLRATF,RYLLRATF,A022,R027,Closed Won,3470.0,2017-05-31,West,MG Advanced
KEF5O2Q6,KEF5O2Q6,A003,R005,Closed Lost,0.0,2017-06-26,Central,GTX Basic
Y38ULZPM,Y38ULZPM,A051,R025,Closed Won,48.0,2017-05-28,West,MG Special
YFP8IZ98,YFP8IZ98,A001,R014,Closed Won,61.0,2017-06-22,East,MG Special
U9CDTLZM,U9CDTLZM,A006,R024,Closed Lost,0.0,2017-05-26,West,MG Special
V5AN4BZF,V5AN4BZF,A063,R012,Closed Lost,0.0,2017-05-29,East,GTX Basic
58J6HCYK,58J6HCYK,A079,R033,Closed Lost,0.0,2017-06-05,West,GTX Basic
GDGR4C37,GDGR4C37,A055,R033,Closed Lost,0.0,2017-05-27,West,GTX Plus Basic
COOYICXU,COOYICXU,A038,R001,Closed Lost,0.0,2017-05-22,Central,GTX Basic
UALNIVAY,UALNIVAY,A036,R001,Closed Lost,0.0,2017-05-11,Central,GTX Plus Pro
E5UW8AGQ,E5UW8AGQ,A068,R001,Closed Won,595.0,2017-06-11,Central,GTX Basic
EWA9JFBA,EWA9JFBA,A085,R001,Closed Won,51.0,2017-06-01,Central,MG Special
99DK6OHX,99DK6OHX,A053,R022,Closed Lost,0.0,2017-06-08,East,MG Special
MK57PHV1,MK57PHV1,A042,R019,Closed Won,4624.0,2017-05-25,East,GTX Pro
ZGZSYIJV,ZGZSYIJV,A023,R010,Closed Lost,0.0,2017-05-15,Central,GTX Plus Basic
6LI7FXQT,6LI7FXQT,A004,R010,Closed Lost,0.0,2017-05-28,Central,MG Special
D01U0UR8,D01U0UR8,A025,R010,Closed Won,571.0,2017-06-17,Central,GTX Basic
9LFX3HBC,9LFX3HBC,A047,R028,Closed Won,3333.0,2017-03-25,West,MG Advanced
JP3IMU5X,JP3IMU5X,A039,R008,Closed Won,4853.0,2017-05-16,Central,GTX Plus Pro
5I8WOI8P,5I8WOI8P,A072,R008,Closed Won,51.0,2017-06-08,Central,MG Special
7C9BUYV0,7C9BUYV0,A010,R030,Closed Lost,0.0,2017-05-23,West,GTX Basic
GMVW87C4,GMVW87C4,A010,R032,Closed Won,5035.0,2017-06-17,West,GTX Pro
NY9ARKRE,NY9ARKRE,A011,R007,Closed Won,51.0,2017-06-01,Central,MG Special
XO3XXR9X,XO3XXR9X,A014,R034,Closed Won,4342.0,2017-06-09,West,GTX Pro
8QBIFURM,8QBIFURM,A011,R003,Closed Lost,0.0,2017-03-13,Central,MG Advanced
ZWAJWK40,ZWAJWK40,A075,R012,Closed Won,48.0,2017-06-22,East,MG Special
WQ0C723A,WQ0C723A,A042,R033,Closed Won,5215.0,2017-05-18,West,GTX Plus Pro
RCQ32MXL,RCQ32MXL,A068,R001,Closed Lost,0.0,2017-05-12,Central,GTX Plus Basic
396WP6JS,396WP6JS,A030,R001,Closed Won,58.0,2017-03-19,Central,MG Special
57689GK9,57689GK9,A023,R002,Closed Won,3587.0,2017-03-20,Central,MG Advanced
S2WDGIHL,S2WDGIHL,A076,R002,Closed Won,2915.0,2017-05-29,Central,MG Advanced
8VG88HMH,8VG88HMH,A044,R018,Closed Won,4762.0,2017-06-28,East,GTX Pro
TF7HCU69,TF7HCU69,A027,R015,Closed Won,1062.0,2017-06-12,East,GTX Plus Basic
0EX7ML4W,0EX7ML4W,A023,R008,Closed Lost,0.0,2017-05-10,Central,GTX Plus Pro
5BSHJG7W,5BSHJG7W,A042,R031,Closed Lost,0.0,2017-05-30,West,GTX Basic
HW38EMKM,HW38EMKM,A042,R034,Closed Lost,0.0,2017-03-20,West,GTX Plus Pro
B5QCN9H7,B5QCN9H7,A048,R012,Closed Lost,0.0,2017-05-29,East,MG Special
X7M4GO0J,X7M4GO0J,A082,R012,Closed Won,1074.0,2017-06-28,East,GTX Plus Basic
JYI35PPE,JYI35PPE,A051,R033,Closed Lost,0.0,2017-05-05,West,MG Special
6XHE52MV,6XHE52MV,A038,R001,Closed Lost,0.0,2017-05-30,Central,MG Special
0YN6EALP,0YN6EALP,A062,R001,Closed Won,57.0,2017-03-17,Central,MG Special
A4LUP6W6,A4LUP6W6,A084,R019,Closed Won,586.0,2017-05-22,East,GTX Basic
KUK2H5MD,KUK2H5MD,A060,R002,Closed Won,1184.0,2017-06-13,Central,GTX Plus Basic
HTW9348H,HTW9348H,A063,R020,Closed Lost,0.0,2017-05-19,East,GTX Basic
A6CE8BHR,A6CE8BHR,A047,R030,Closed Lost,0.0,2017-06-08,West,GTX Plus Basic
UI1UION3,UI1UION3,A041,R030,Closed Won,526.0,2017-06-10,West,GTX Basic
ZPX96Q40,ZPX96Q40,A012,R030,Closed Won,5344.0,2017-06-12,West,GTX Plus Pro
I0CYLPNE,I0CYLPNE,A044,R030,Closed Won,4125.0,2017-05-22,West,GTX Pro
FGH181PC,FGH181PC,A014,R032,Closed Won,528.0,2017-06-06,West,GTX Basic
8OBC9CQE,8OBC9CQE,A064,R032,Closed Won,3254.0,2017-03-26,West,MG Advanced
G3KFZ8KX,G3KFZ8KX,A033,R031,Closed Lost,0.0,2017-05-07,West,GTX Pro
2Y84YR3K,2Y84YR3K,A041,R031,Closed Won,516.0,2017-05-24,West,GTX Basic
97QHOOWD,97QHOOWD,A079,R031,Closed Won,538.0,2017-03-27,West,GTX Basic
YL7XWUYO,YL7XWUYO,A011,R004,Closed Won,459.0,2017-06-17,Central,GTX Basic
VO8TFB31,VO8TFB31,A010,R034,Closed Lost,0.0,2017-06-26,West,GTX Basic
Q949MQ5W,Q949MQ5W,A070,R034,Closed Won,5137.0,2017-05-22,West,GTX Pro
HZU0L5GS,HZU0L5GS,A045,R005,Closed Won,3330.0,2017-06-04,Central,MG Advanced
8RF8XVYF,8RF8XVYF,A013,R003,Closed Won,589.0,2017-05-10,Central,GTX Basic
ZILYYA1V,ZILYYA1V,A032,R024,Closed Won,45.0,2017-03-30,West,MG Special
NH0WGTR4,NH0WGTR4,A025,R001,Closed Lost,0.0,2017-05-25,Central,MG Special
WBJX6O2D,WBJX6O2D,A053,R019,Closed Won,5664.0,2017-06-11,East,GTX Plus Pro
1IHNDN80,1IHNDN80,A068,R002,Closed Lost,0.0,2017-05-02,Central,MG Advanced
T14K7M5G,T14K7M5G,A037,R013,Closed Won,1074.0,2017-06-11,East,GTX Plus Basic
XPP2Q5WQ,XPP2Q5WQ,A029,R010,Closed Lost,0.0,2017-05-02,Central,GTX Plus Basic
FM4LX5O0,FM4LX5O0,A073,R010,Closed Lost,0.0,2017-05-26,Central,GTX Pro
HG07756D,HG07756D,A024,R028,Closed Won,481.0,2017-03-31,West,GTX Basic
E7YSM99K,E7YSM99K,A046,R028,Closed Won,1101.0,2017-06-02,West,GTX Plus Basic
4D1FP59D,4D1FP59D,A076,R008,Closed Won,522.0,2017-06-23,Central,GTX Basic
TK29F68V,TK29F68V,A079,R026,Closed Won,49.0,2017-06-13,West,MG Special
N3H82NHO,N3H82NHO,A051,R032,Closed Won,4865.0,2017-06-02,West,GTX Pro
GTANESSU,GTANESSU,A039,R004,Closed Won,991.0,2017-05-22,Central,GTX Plus Basic
LA0O6BHX,LA0O6BHX,A019,R004,Closed Won,4509.0,2017-05-27,Central,GTX Plus Pro
RRKQ0P07,RRKQ0P07,A050,R027,Closed Won,5169.0,2017-05-03,West,GTX Pro
J4V3VKQ5,J4V3VKQ5,A065,R034,Closed Won,491.0,2017-03-27,West,GTX Basic
17U8549G,17U8549G,A046,R034,Closed Won,4281.0,2017-06-15,West,GTX Pro
G281LUYF,G281LUYF,A023,R009,Closed Lost,0.0,2017-05-08,Central,GTX Plus Basic
4NAK1XFV,4NAK1XFV,A074,R014,Closed Lost,0.0,2017-05-18,East,MG Special
Y34MVXP3,Y34MVXP3,A043,R014,Closed Won,3443.0,2017-06-27,East,MG Advanced
N8G3G1UF,N8G3G1UF,A030,R003,Closed Won,60.0,2017-05-29,Central,MG Special
SDXZB8MC,SDXZB8MC,A036,R003,Closed Won,53.0,2017-06-20,Central,MG Special
PFUE2JYB,PFUE2JYB,A024,R024,Closed Won,56.0,2017-05-26,West,MG Special
4A8SFEJ2,4A8SFEJ2,A061,R033,Closed Won,665.0,2017-03-17,West,GTX Basic
HEG8WPQF,HEG8WPQF,A038,R001,Closed Won,1140.0,2017-05-09,Central,GTX Plus Basic
0FST40LV,0FST40LV,A068,R001,Closed Won,52.0,2017-05-25,Central,MG Special
I7WERQ6B,I7WERQ6B,A076,R001,Closed Won,52.0,2017-06-08,Central,MG Special
T7UYHDUN,T7UYHDUN,A018,R022,Closed Lost,0.0,2017-03-24,East,GTX Plus Pro
V0EIMVES,V0EIMVES,A045,R002,Closed Won,5121.0,2017-05-13,Central,GTX Plus Pro
DL4SZAGH,DL4SZAGH,A060,R002,Closed Won,3611.0,2017-03-31,Central,MG Advanced
RVIU1YQ8,RVIU1YQ8,A048,R013,Closed Won,50.0,2017-03-24,East,MG Special
ZNSWDHTJ,ZNSWDHTJ,A060,R010,Closed Won,618.0,2017-05-15,Central,GTX Basic
A2G8VYZY,A2G8VYZY,A029,R010,Closed Won,1247.0,2017-03-17,Central,GTX Plus Basic
Y9B94N72,Y9B94N72,A020,R015,Closed Won,55.0,2017-05-03,East,MG Special
34MBPHRL,34MBPHRL,A064,R026,Closed Won,1157.0,2017-06-17,West,GTX Plus Basic
K73K8IQ3,K73K8IQ3,A036,R031,Closed Won,537.0,2017-05-22,West,GTX Basic
8L5WBK75,8L5WBK75,A014,R031,Closed Won,4955.0,2017-03-30,West,GTX Pro
Z1RN8D42,Z1RN8D42,A064,R031,Closed Won,5606.0,2017-06-02,West,GTX Pro
JV1NCDKP,JV1NCDKP,A039,R005,Closed Won,57.0,2017-05-11,Central,MG Special
ECCVMNUZ,ECCVMNUZ,A070,R025,Closed Won,66.0,2017-05-20,West,MG Special
A3GVFKYP,A3GVFKYP,A014,R033,Closed Won,5113.0,2017-06-27,West,GTX Pro
COTHR6F7,COTHR6F7,A070,R033,Closed Won,4595.0,2017-05-22,West,GTX Pro
3OAEEV0S,3OAEEV0S,A027,R019,Closed Won,3503.0,2017-03-21,East,MG Advanced
RTH5O6ZW,RTH5O6ZW,A049,R019,Closed Won,3600.0,2017-06-13,East,MG Advanced
GH6U8WWN,GH6U8WWN,A048,R018,Closed Won,425.0,2017-03-19,East,GTX Basic
GVNI96XB,GVNI96XB,A019,R010,Closed Won,4565.0,2017-06-20,Central,GTX Pro
KC324LPK,KC324LPK,A059,R010,Closed Won,4754.0,2017-05-22,Central,GTX Pro
2Y2R082L,2Y2R082L,A015,R010,Closed Won,62.0,2017-05-06,Central,MG Special
HALGOQ5D,HALGOQ5D,A002,R020,Closed Won,4688.0,2017-05-30,East,GTX Pro
1R38Y0C1,1R38Y0C1,A031,R028,Closed Won,3386.0,2017-03-20,West,MG Advanced
3QQW8VJ2,3QQW8VJ2,A078,R015,Closed Won,3869.0,2017-06-06,East,GTX Pro
8JS4BWQ7,8JS4BWQ7,A068,R008,Closed Won,615.0,2017-03-24,Central,GTX Basic
78TOITP2,78TOITP2,A023,R008,Closed Won,55.0,2017-05-18,Central,MG Special
BSA76OL5,BSA76OL5,A039,R007,Closed Lost,0.0,2017-05-17,Central,GTX Basic
YHNBSXPN,YHNBSXPN,A035,R034,Closed Won,1019.0,2017-03-25,West,GTX Plus Basic
TW6D3KT4,TW6D3KT4,A006,R034,Closed Won,2798.0,2017-05-12,West,MG Advanced
Z8RI8RLU,Z8RI8RLU,A068,R005,Closed Won,502.0,2017-06-03,Central,GTX Basic
FT0L8HZZ,FT0L8HZZ,A039,R005,Closed Won,3323.0,2017-03-16,Central,MG Advanced
AW0GW33Q,AW0GW33Q,A012,R021,Closed Lost,0.0,2017-06-11,East,GTX Plus Basic
IJLPV177,IJLPV177,A050,R025,Closed Lost,0.0,2017-03-30,West,MG Special
9UVKASFY,9UVKASFY,A050,R024,Closed Lost,0.0,2017-05-27,West,GTX Plus Pro
KKSMEP2A,KKSMEP2A,A024,R024,Closed Lost,0.0,2017-06-21,West,MG Advanced
E96ZTKHC,E96ZTKHC,A061,R024,Closed Won,542.0,2017-03-17,West,GTX Basic
RZ08GKZY,RZ08GKZY,A022,R033,Closed Won,5172.0,2017-05-22,West,GTX Pro
EK0ZZHKT,EK0ZZHKT,A048,R019,Closed Lost,0.0,2017-06-24,East,MG Advanced
9U6RAS0M,9U6RAS0M,A074,R019,Closed Won,538.0,2017-03-31,East,GTX Basic
3S31RHE5,3S31RHE5,A002,R019,Closed Won,4497.0,2017-05-18,East,GTX Pro
GOM8T4Y4,GOM8T4Y4,A011,R010,Closed Won,1178.0,2017-05-09,Central,GTX Plus Basic
7Z5AVSH6,7Z5AVSH6,A073,R010,Closed Won,4969.0,2017-06-21,Central,GTX Pro
E7OPE1O8,E7OPE1O8,A057,R010,Closed Won,60.0,2017-03-20,Central,MG Special
647E6ED0,647E6ED0,A019,R010,Closed Won,2875.0,2017-06-05,Central,MG Advanced
PEX6S873,PEX6S873,A010,R028,Closed Lost,0.0,2017-05-19,West,GTK 500
M9OTPNII,M9OTPNII,A020,R015,Closed Won,6177.0,2017-05-20,East,GTX Plus Pro
EZRICI17,EZRICI17,A060,R008,Closed Lost,0.0,2017-06-28,Central,MG Advanced
BAXENBTS,BAXENBTS,A024,R031,Closed Lost,0.0,2017-05-06,West,GTX Pro
086279IX,086279IX,A042,R031,Closed Won,4369.0,2017-06-14,West,GTX Pro
6EEC9HQQ,6EEC9HQQ,A079,R031,Closed Won,4878.0,2017-05-21,West,GTX Pro
MHN0SWM2,MHN0SWM2,A028,R004,Closed Won,4527.0,2017-06-21,Central,GTX Plus Pro
8SKE4TT5,8SKE4TT5,A077,R034,Closed Lost,0.0,2017-05-30,West,GTX Plus Basic
IGELOJ42,IGELOJ42,A009,R005,Closed Won,6102.0,2017-06-03,Central,GTX Plus Pro
0LMA8GMJ,0LMA8GMJ,A008,R014,Closed Won,4983.0,2017-05-10,East,GTX Plus Pro
E40RN3MN,E40RN3MN,A039,R003,Closed Won,47.0,2017-03-25,Central,MG Special
093R7PK9,093R7PK9,A083,R024,Closed Won,52.0,2017-06-11,West,MG Special
I8A9OXP2,I8A9OXP2,A027,R012,Closed Won,5031.0,2017-06-25,East,GTX Pro
7IFEKEMG,7IFEKEMG,A005,R012,Closed Won,53.0,2017-06-06,East,MG Special
K2KK9SW2,K2KK9SW2,A038,R001,Closed Won,550.0,2017-05-02,Central,GTX Basic
8SIG4C8X,8SIG4C8X,A018,R022,Closed Won,5223.0,2017-06-06,East,GTX Pro
K4ETVW4H,K4ETVW4H,A002,R022,Closed Won,53.0,2017-05-12,East,MG Special
YA2NDY1H,YA2NDY1H,A007,R019,Closed Won,4519.0,2017-05-17,East,GTX Pro
G6DYTQQE,G6DYTQQE,A075,R013,Closed Won,4833.0,2017-06-01,East,GTX Pro
RZZ9K7UN,RZZ9K7UN,A082,R018,Closed Won,5407.0,2017-06-29,East,GTX Plus Pro
3918OU6O,3918OU6O,A060,R010,Closed Lost,0.0,2017-05-02,Central,GTX Basic
YZ9ZKK3P,YZ9ZKK3P,A024,R026,Closed Won,56.0,2017-05-08,West,MG Special
E1921PBZ,E1921PBZ,A024,R031,Closed Won,468.0,2017-05-23,West,GTX Basic
0E761F02,0E761F02,A042,R031,Closed Won,579.0,2017-05-02,West,GTX Basic
HDBNC8W1,HDBNC8W1,A073,R004,Closed Won,3185.0,2017-06-11,Central,MG Advanced
KP6NOWM7,KP6NOWM7,A010,R027,Closed Won,54.0,2017-06-03,West,MG Special
HPYLUU5P,HPYLUU5P,A051,R034,Closed Won,62.0,2017-06-26,West,MG Special
I7AH5FW0,I7AH5FW0,A015,R005,Closed Lost,0.0,2017-05-23,Central,GTX Basic
RSFYKC1F,RSFYKC1F,A003,R005,Closed Won,619.0,2017-06-25,Central,GTX Basic
RMW0TRSZ,RMW0TRSZ,A031,R025,Closed Lost,0.0,2017-05-20,West,MG Special
GNENBXRW,GNENBXRW,A035,R025,Closed Lost,0.0,2017-05-17,West,MG Special
L20NI94X,L20NI94X,A077,R025,Closed Lost,0.0,2017-06-05,West,MG Advanced
CG65AS6X,CG65AS6X,A077,R024,Closed Won,4408.0,2017-03-29,West,GTX Pro
9XV6GX8D,9XV6GX8D,A010,R033,Closed Won,605.0,2017-06-07,West,GTX Basic
IDIMBX0N,IDIMBX0N,A028,R001,Closed Won,6064.0,2017-03-26,Central,GTX Plus Pro
W75XU368,W75XU368,A056,R019,Closed Won,641.0,2017-06-17,East,GTX Basic
WIY2Q0Q5,WIY2Q0Q5,A075,R019,Closed Won,491.0,2017-05-17,East,GTX Basic
7V1FQBL9,7V1FQBL9,A056,R013,Closed Lost,0.0,2017-05-03,East,GTX Pro
4PXSBQU8,4PXSBQU8,A011,R010,Closed Won,47.0,2017-05-27,Central,MG Special
QRKHWNRB,QRKHWNRB,A022,R028,Closed Won,63.0,2017-06-25,West,MG Special
1YGNHE69,1YGNHE69,A069,R015,Closed Won,3291.0,2017-05-18,East,MG Advanced
TAEUD0HP,TAEUD0HP,A064,R026,Closed Won,1188.0,2017-06-10,West,GTX Plus Basic
72TBO2HA,72TBO2HA,A010,R031,Closed Lost,0.0,2017-05-08,West,GTX Basic
FCW4SAAP,FCW4SAAP,A061,R031,Closed Won,478.0,2017-06-11,West,GTX Basic
DEH0MYSO,DEH0MYSO,A033,R031,Closed Won,60.0,2017-05-24,West,MG Special
PEVJ6O6R,PEVJ6O6R,A063,R021,Closed Won,4064.0,2017-03-27,East,GTX Pro
T02CX0BY,T02CX0BY,A052,R021,Closed Won,2550.0,2017-03-31,East,MG Advanced
SSX3QRTB,SSX3QRTB,A005,R014,Closed Lost,0.0,2017-05-08,East,MG Special
UBX7TMQG,UBX7TMQG,A019,R003,Closed Lost,0.0,2017-05-10,Central,GTX Plus Pro
RR5AMWPQ,RR5AMWPQ,A028,R003,Closed Lost,0.0,2017-05-16,Central,MG Special
FHLNW3WH,FHLNW3WH,A067,R003,Closed Won,3378.0,2017-06-21,Central,MG Advanced
IAVMELUO,IAVMELUO,A027,R016,Closed Won,6135.0,2017-05-30,East,GTX Pro
PRMMZX9O,PRMMZX9O,A051,R033,Closed Won,999.0,2017-06-02,West,GTX Plus Basic
ZZFES7ID,ZZFES7ID,A064,R033,Closed Won,52.0,2017-06-05,West,MG Special
G7PNQB9M,G7PNQB9M,A076,R001,Closed Lost,0.0,2017-05-25,Central,GTX Plus Basic
Z0R5O2VW,Z0R5O2VW,A020,R019,Closed Lost,0.0,2017-05-24,East,GTX Plus Pro
VS0TWECS,VS0TWECS,A056,R019,Closed Won,530.0,2017-06-18,East,GTX Basic
XN7EV14M,XN7EV14M,A045,R002,Closed Won,538.0,2017-05-09,Central,GTX Basic
P5BRH80Z,P5BRH80Z,A060,R002,Closed Won,53.0,2017-03-27,Central,MG Special
CQVDJR45,CQVDJR45,A062,R010,Closed Won,5416.0,2017-06-12,Central,GTX Pro
QUFCX2MF,QUFCX2MF,A061,R028,Closed Lost,0.0,2017-05-27,West,MG Special
RW13VT8T,RW13VT8T,A049,R015,Closed Won,4995.0,2017-05-11,East,GTX Plus Pro
5LJ47CVS,5LJ47CVS,A065,R030,Closed Lost,0.0,2017-06-22,West,GTX Basic
87XTACKH,87XTACKH,A004,R006,Closed Won,1137.0,2017-05-26,Central,GTX Plus Basic
0Z2CQ0MQ,0Z2CQ0MQ,A065,R032,Closed Won,453.0,2017-03-28,West,GTX Basic
4SK6YLB0,4SK6YLB0,A036,R032,Closed Won,1065.0,2017-05-27,West,GTX Plus Basic
EVVX3PQ5,EVVX3PQ5,A064,R032,Closed Won,4373.0,2017-05-04,West,GTX Pro
9Y3JDP1B,9Y3JDP1B,A046,R032,Closed Won,2560.0,2017-06-19,West,MG Advanced
ACB3QZAY,ACB3QZAY,A064,R031,Closed Lost,0.0,2017-06-04,West,GTX Pro
COWC9H9T,COWC9H9T,A034,R027,Closed Won,1171.0,2017-03-31,West,GTX Plus Basic
ZTHMJWYZ,ZTHMJWYZ,A044,R027,Closed Won,53.0,2017-06-22,West,MG Special
MMGWAWBA,MMGWAWBA,A073,R007,Closed Won,6553.0,2017-06-02,Central,GTX Plus Pro
8LPO6YCO,8LPO6YCO,A003,R007,Closed Won,3542.0,2017-05-07,Central,MG Advanced
CDUIUYY2,CDUIUYY2,A023,R005,Closed Won,3619.0,2017-06-11,Central,MG Advanced
9328IHHL,9328IHHL,A007,R016,Closed Won,3589.0,2017-05-18,East,MG Advanced
ZFB7CBR6,ZFB7CBR6,A054,R033,Closed Won,6262.0,2017-05-13,West,GTX Plus Pro
6RJE18RW,6RJE18RW,A001,R019,Closed Won,1161.0,2017-03-24,East,GTX Plus Basic
GK86H0SK,GK86H0SK,A074,R019,Closed Won,4975.0,2017-03-28,East,GTX Pro
QXU90OP8,QXU90OP8,A084,R013,Closed Won,586.0,2017-03-22,East,GTX Basic
NXXSU27K,NXXSU27K,A071,R013,Closed Won,41.0,2017-03-25,East,MG Special
06YL7WVJ,06YL7WVJ,A059,R010,Closed Won,929.0,2017-03-21,Central,GTX Plus Basic
K4Y8R0FX,K4Y8R0FX,A068,R010,Closed Won,65.0,2017-06-04,Central,MG Special
F8O0IY28,F8O0IY28,A082,R020,Closed Won,574.0,2017-03-30,East,GTX Basic
8T8J06EL,8T8J06EL,A012,R008,Closed Lost,0.0,2017-06-26,Central,GTX Pro
3AE6GW2D,3AE6GW2D,A068,R008,Closed Lost,0.0,2017-05-09,Central,GTX Pro
T0SEVT4K,T0SEVT4K,A046,R026,Closed Won,3028.0,2017-06-16,West,MG Advanced
36VPT9RZ,36VPT9RZ,A064,R030,Closed Won,403.0,2017-03-26,West,GTX Basic
R2RL1Y49,R2RL1Y49,A065,R032,Closed Lost,0.0,2017-05-16,West,GTX Basic
7Q7SA3EK,7Q7SA3EK,A042,R032,Closed Won,3290.0,2017-06-07,West,MG Advanced
6JI36HIE,6JI36HIE,A065,R031,Closed Lost,0.0,2017-06-23,West,MG Advanced
B5CBSTM5,B5CBSTM5,A031,R031,Closed Won,3550.0,2017-03-29,West,MG Advanced
SNBYNW8H,SNBYNW8H,A057,R005,Closed Won,3657.0,2017-06-23,Central,MG Advanced
IEN6RBZI,IEN6RBZI,A084,R021,Closed Won,1046.0,2017-06-24,East,GTX Plus Basic
9P026O47,9P026O47,A076,R003,Closed Won,50.0,2017-05-27,Central,MG Special
AJLNEUVY,AJLNEUVY,A025,R003,Closed Won,2871.0,2017-03-27,Central,MG Advanced
LJIAOC0Q,LJIAOC0Q,A005,R012,Closed Won,52.0,2017-06-04,East,MG Special
2BYD4WQ7,2BYD4WQ7,A025,R001,Closed Lost,0.0,2017-05-19,Central,MG Special
HP6DSCMH,HP6DSCMH,A042,R022,Closed Won,564.0,2017-06-12,East,GTX Basic
FM4S93O6,FM4S93O6,A020,R019,Closed Lost,0.0,2017-05-23,East,GTX Plus Pro
GGPSSI5Q,GGPSSI5Q,A026,R018,Closed Won,3780.0,2017-06-02,East,MG Advanced
4D95LU0H,4D95LU0H,A015,R010,Closed Won,491.0,2017-06-24,Central,GTX Basic
KA79LTFF,KA79LTFF,A019,R010,Closed Won,604.0,2017-03-30,Central,GTX Basic
OBBVVO9O,OBBVVO9O,A064,R028,Closed Lost,0.0,2017-05-27,West,GTK 500
83HX5CIJ,83HX5CIJ,A065,R032,Closed Lost,0.0,2017-03-23,West,GTX Basic
SGV1FR3O,SGV1FR3O,A010,R032,Closed Won,568.0,2017-06-23,West,GTX Basic
TJ6U9HZ3,TJ6U9HZ3,A064,R031,Closed Won,601.0,2017-06-24,West,GTX Basic
1N99TLIA,1N99TLIA,A006,R034,Closed Lost,0.0,2017-06-02,West,MG Advanced
JYE2QFGE,JYE2QFGE,A028,R009,Closed Won,5616.0,2017-05-06,Central,GTX Plus Pro
IEOMRMWW,IEOMRMWW,A084,R021,Closed Lost,0.0,2017-06-28,East,GTX Pro
ZW7N89K3,ZW7N89K3,A022,R025,Closed Lost,0.0,2017-05-18,West,GTX Pro
MIU04JC2,MIU04JC2,A015,R003,Closed Lost,0.0,2017-06-21,Central,MG Special
VF2OKZY5,VF2OKZY5,A061,R024,Closed Lost,0.0,2017-06-12,West,MG Advanced
QSBKLWSW,QSBKLWSW,A053,R012,Closed Won,542.0,2017-06-29,East,GTX Basic
0GTJE2VQ,0GTJE2VQ,A027,R016,Closed Won,497.0,2017-06-14,East,GTX Basic
H91G4MYP,H91G4MYP,A041,R033,Closed Won,5443.0,2017-05-22,West,GTX Pro
DDBH2FPP,DDBH2FPP,A057,R001,Closed Won,1037.0,2017-06-16,Central,GTX Plus Basic
N8F2PFQP,N8F2PFQP,A002,R022,Closed Won,992.0,2017-04-03,East,GTX Plus Basic
WELHHO3U,WELHHO3U,A066,R002,Closed Won,966.0,2017-03-30,Central,GTX Plus Basic
CUAYGT78,CUAYGT78,A084,R018,Closed Lost,0.0,2017-06-26,East,MG Advanced
9KDR9PQX,9KDR9PQX,A075,R015,Closed Lost,0.0,2017-04-01,East,GTX Plus Pro
8A5HA974,8A5HA974,A076,R006,Closed Lost,0.0,2017-04-01,Central,GTX Basic
M1L0IWB6,M1L0IWB6,A059,R006,Closed Won,3232.0,2017-05-11,Central,MG Advanced
I2U6MKUT,I2U6MKUT,A026,R021,Closed Won,548.0,2017-05-29,East,GTX Basic
RK6UFTI8,RK6UFTI8,A056,R016,Closed Lost,0.0,2017-03-26,East,MG Advanced
ECOU1XXZ,ECOU1XXZ,A059,R001,Closed Won,52.0,2017-05-30,Central,MG Special
OTDDPHWJ,OTDDPHWJ,A028,R010,Closed Lost,0.0,2017-05-28,Central,GTX Pro
20N9WSRC,20N9WSRC,A029,R010,Closed Lost,0.0,2017-05-23,Central,GTX Pro
IJ4GXGCU,IJ4GXGCU,A039,R010,Closed Won,5109.0,2017-03-30,Central,GTX Pro
U0G8KIPB,U0G8KIPB,A011,R008,Closed Won,49.0,2017-06-21,Central,MG Special
2YVVZN5L,2YVVZN5L,A045,R006,Closed Lost,0.0,2017-05-03,Central,GTX Plus Basic
TGW7OYMD,TGW7OYMD,A042,R032,Closed Won,447.0,2017-06-25,West,GTX Basic
XJ9RQU4K,XJ9RQU4K,A039,R004,Closed Won,3430.0,2017-06-14,Central,MG Advanced
4TRMURKI,4TRMURKI,A012,R009,Closed Lost,0.0,2017-06-18,Central,GTX Basic
TJXY9DQG,TJXY9DQG,A018,R021,Closed Won,3245.0,2017-06-10,East,MG Advanced
DV9ZB9KL,DV9ZB9KL,A004,R003,Closed Lost,0.0,2017-03-27,Central,GTX Basic
J712QVSG,J712QVSG,A059,R003,Closed Won,61.0,2017-03-26,Central,MG Special
LCBVIPRA,LCBVIPRA,A031,R024,Closed Won,60.0,2017-06-29,West,MG Special
88R08IL1,88R08IL1,A042,R012,Closed Lost,0.0,2017-04-01,East,MG Special
WNMF0OHM,WNMF0OHM,A015,R001,Closed Won,5060.0,2017-04-01,Central,GTX Plus Pro
I0D1O3GX,I0D1O3GX,A078,R022,Closed Lost,0.0,2017-04-01,East,GTX Basic
7LNGJB3S,7LNGJB3S,A042,R019,Closed Won,585.0,2017-04-01,East,GTX Basic
AVD2WQZY,AVD2WQZY,A069,R013,Closed Lost,0.0,2017-06-11,East,GTX Pro
UD9V38LV,UD9V38LV,A002,R020,Closed Lost,0.0,2017-05-19,East,GTX Pro
JMTO8BPQ,JMTO8BPQ,A036,R008,Closed Lost,0.0,2017-04-03,Central,GTX Pro
06YBVWXZ,06YBVWXZ,A012,R032,Closed Lost,0.0,2017-04-03,West,GTX Pro
1VCAS7FL,1VCAS7FL,A012,R004,Closed Lost,0.0,2017-04-05,Central,MG Special
G2TASA8C,G2TASA8C,A019,R004,Closed Lost,0.0,2017-06-15,Central,MG Special
CRW2CCMB,CRW2CCMB,A050,R027,Closed Won,572.0,2017-06-05,West,GTX Basic
7FER10E1,7FER10E1,A031,R027,Closed Won,54.0,2017-06-08,West,MG Special
K96NUCWR,K96NUCWR,A019,R005,Closed Lost,0.0,2017-04-01,Central,GTX Basic
SE609QTE,SE609QTE,A066,R003,Closed Won,60.0,2017-05-05,Central,MG Special
CT9XECID,CT9XECID,A085,R003,Closed Won,3251.0,2017-04-01,Central,MG Advanced
SUO8VZQ8,SUO8VZQ8,A047,R024,Closed Won,5930.0,2017-06-14,West,GTX Plus Pro
9LX9MAPU,9LX9MAPU,A049,R012,Closed Won,941.0,2017-04-01,East,GTX Plus Basic
PHP5V833,PHP5V833,A009,R001,Closed Lost,0.0,2017-05-18,Central,GTX Basic
7XEB6TFB,7XEB6TFB,A062,R001,Closed Won,56.0,2017-06-06,Central,MG Special
KV9LW061,KV9LW061,A011,R001,Closed Won,3445.0,2017-04-04,Central,MG Advanced
8RZ1A49O,8RZ1A49O,A004,R002,Closed Won,54.0,2017-03-31,Central,MG Special
V4EKF9RF,V4EKF9RF,A049,R013,Closed Won,3498.0,2017-03-31,East,MG Advanced
VJ1EK4A3,VJ1EK4A3,A075,R018,Closed Won,540.0,2017-04-02,East,GTX Basic
65B8HSTW,65B8HSTW,A027,R018,Closed Won,4986.0,2017-04-02,East,GTX Pro
KIJB458K,KIJB458K,A072,R010,Closed Lost,0.0,2017-04-03,Central,GTX Plus Pro
8PHJ7N4E,8PHJ7N4E,A016,R010,Closed Won,5214.0,2017-05-15,Central,GTX Plus Pro
EDAJ0YEW,EDAJ0YEW,A039,R010,Closed Won,4794.0,2017-03-30,Central,GTX Pro
9X5HUUJ5,9X5HUUJ5,A042,R030,Closed Lost,0.0,2017-04-02,West,GTX Plus Basic
21S1ETXM,21S1ETXM,A061,R031,Closed Lost,0.0,2017-04-03,West,GTX Plus Basic
54JFGNXN,54JFGNXN,A009,R004,Closed Won,648.0,2017-05-27,Central,GTX Basic
WLXPA3LB,WLXPA3LB,A019,R004,Closed Won,3040.0,2017-06-30,Central,MG Advanced
3WQMBMSN,3WQMBMSN,A073,R007,Closed Won,1185.0,2017-06-30,Central,GTX Plus Basic
XIKWT7HM,XIKWT7HM,A023,R007,Closed Won,48.0,2017-03-26,Central,MG Special
J9QQVBQX,J9QQVBQX,A041,R034,Closed Lost,0.0,2017-04-01,West,GTX Plus Basic
I51MJ7PP,I51MJ7PP,A010,R034,Closed Won,1021.0,2017-06-30,West,GTX Plus Basic
V690FQG4,V690FQG4,A061,R034,Closed Won,1264.0,2017-05-26,West,GTX Plus Basic
OSB9S3PI,OSB9S3PI,A085,R005,Closed Lost,0.0,2017-05-23,Central,MG Special
JWRSTAU8,JWRSTAU8,A059,R005,Closed Won,503.0,2017-06-12,Central,GTX Basic
YYAZ4JBY,YYAZ4JBY,A026,R021,Closed Won,4440.0,2017-04-03,East,GTX Pro
8SEGAAT7,8SEGAAT7,A038,R003,Closed Lost,0.0,2017-04-03,Central,GTX Plus Basic
4L36DJTM,4L36DJTM,A057,R003,Closed Won,52.0,2017-04-02,Central,MG Special
7Z3S4XV9,7Z3S4XV9,A044,R024,Closed Lost,0.0,2017-04-03,West,GTX Basic
SQOW8W0G,SQOW8W0G,A037,R012,Closed Lost,0.0,2017-05-05,East,GTX Basic
W3LGBNI2,W3LGBNI2,A027,R012,Closed Lost,0.0,2017-04-06,East,MG Special
J2B3UZXA,J2B3UZXA,A027,R012,Closed Won,499.0,2017-03-26,East,GTX Basic
VH78FLDN,VH78FLDN,A010,R033,Closed Lost,0.0,2017-04-03,West,GTX Pro
KZKMLY96,KZKMLY96,A012,R033,Closed Won,1159.0,2017-03-29,West,GTX Plus Basic
9BGKQZ3H,9BGKQZ3H,A016,R001,Closed Lost,0.0,2017-04-03,Central,MG Special
H6NJKV4F,H6NJKV4F,A002,R022,Closed Won,5479.0,2017-05-20,East,GTX Plus Pro
L69Q015M,L69Q015M,A084,R018,Closed Won,4555.0,2017-05-19,East,GTX Pro
RX3F3VIU,RX3F3VIU,A036,R010,Closed Lost,0.0,2017-04-02,Central,MG Special
R5I9AAFG,R5I9AAFG,A021,R028,Closed Lost,0.0,2017-05-25,West,MG Special
JQ3HJFNA,JQ3HJFNA,A037,R015,Closed Won,1026.0,2017-03-28,East,GTX Plus Basic
XCC1C1GG,XCC1C1GG,A066,R008,Closed Won,503.0,2017-04-03,Central,GTX Basic
WI1HQSIS,WI1HQSIS,A068,R008,Closed Won,1144.0,2017-06-14,Central,GTX Plus Basic
LCTI4CFV,LCTI4CFV,A028,R008,Closed Won,55.0,2017-06-16,Central,MG Special
8GMDSXYY,8GMDSXYY,A042,R027,Closed Won,3181.0,2017-04-06,West,MG Advanced
QLTDWAEM,QLTDWAEM,A062,R007,Closed Won,54.0,2017-06-19,Central,MG Special
UB8M6I5R,UB8M6I5R,A064,R034,Closed Won,3959.0,2017-06-30,West,GTX Pro
EBTJPEEY,EBTJPEEY,A068,R009,Closed Won,571.0,2017-05-31,Central,GTX Basic
ATW70WX1,ATW70WX1,A018,R021,Closed Lost,0.0,2017-04-05,East,GTX Pro
9DBMY3OF,9DBMY3OF,A042,R024,Closed Lost,0.0,2017-04-04,West,GTX Basic
HRV9DSYF,HRV9DSYF,A006,R024,Closed Won,545.0,2017-04-03,West,GTX Basic
MNC7Q3JJ,MNC7Q3JJ,A046,R024,Closed Won,554.0,2017-06-21,West,GTX Basic
E3WWC6FJ,E3WWC6FJ,A080,R012,Closed Won,68.0,2017-04-02,East,MG Special
QKKZQJ46,QKKZQJ46,A082,R012,Closed Won,52.0,2017-06-16,East,MG Special
M52B4VC5,M52B4VC5,A029,R001,Closed Lost,0.0,2017-04-04,Central,MG Special
Z72Y3C3C,Z72Y3C3C,A019,R001,Closed Won,54.0,2017-04-04,Central,MG Special
FQPPZ9NQ,FQPPZ9NQ,A020,R019,Closed Won,3822.0,2017-05-25,East,MG Advanced
DUHS8KVY,DUHS8KVY,A071,R018,Closed Won,971.0,2017-04-05,East,GTX Plus Basic
M72CT8RN,M72CT8RN,A020,R018,Closed Won,6024.0,2017-04-05,East,GTX Plus Pro
XBFTCRLN,XBFTCRLN,A066,R010,Closed Won,4820.0,2017-04-04,Central,GTX Pro
3ZILMRQK,3ZILMRQK,A043,R020,Closed Lost,0.0,2017-05-28,East,GTX Plus Pro
FZ72CGOI,FZ72CGOI,A056,R015,Closed Lost,0.0,2017-06-25,East,GTX Pro
72HZ4LDT,72HZ4LDT,A026,R015,Closed Won,2940.0,2017-04-02,East,MG Advanced
4X3LNCWH,4X3LNCWH,A017,R026,Closed Won,49.0,2017-04-04,West,MG Special
CMPFB2PS,CMPFB2PS,A013,R006,Closed Lost,0.0,2017-04-02,Central,GTX Basic
61HW4ELT,61HW4ELT,A024,R032,Closed Lost,0.0,2017-05-31,West,GTX Plus Basic
F481S8G3,F481S8G3,A041,R032,Closed Won,545.0,2017-05-22,West,GTX Basic
677XNEFB,677XNEFB,A079,R027,Closed Won,58.0,2017-06-18,West,MG Special
7L0S5EON,7L0S5EON,A068,R007,Closed Lost,0.0,2017-04-03,Central,MG Advanced
A3D8MRDX,A3D8MRDX,A019,R009,Closed Won,4280.0,2017-05-12,Central,GTX Pro
YE6R6I1K,YE6R6I1K,A074,R021,Closed Won,2880.0,2017-05-29,East,MG Advanced
JXUXBANJ,JXUXBANJ,A079,R025,Closed Won,25288.0,2017-04-05,West,GTK 500
UWPUJESS,UWPUJESS,A036,R003,Closed Lost,0.0,2017-05-25,Central,MG Special
HSTXUOVW,HSTXUOVW,A035,R024,Closed Lost,0.0,2017-05-06,West,MG Special
2ZT298DY,2ZT298DY,A032,R033,Closed Lost,0.0,2017-04-04,West,GTX Basic
Z769EPTS,Z769EPTS,A036,R033,Closed Lost,0.0,2017-05-14,West,GTX Basic
GOIVV4OG,GOIVV4OG,A085,R002,Closed Won,3267.0,2017-05-29,Central,MG Advanced
CJOU1RYX,CJOU1RYX,A002,R018,Closed Won,5182.0,2017-06-09,East,GTX Plus Pro
5OVTFUNQ,5OVTFUNQ,A009,R010,Closed Lost,0.0,2017-04-05,Central,GTX Pro
0RNYAI6O,0RNYAI6O,A067,R010,Closed Lost,0.0,2017-04-07,Central,MG Special
NSI9TMQ1,NSI9TMQ1,A082,R015,Closed Lost,0.0,2017-05-31,East,GTX Pro
2QQD7411,2QQD7411,A079,R030,Closed Won,540.0,2017-05-25,West,GTX Basic
XR57MBVC,XR57MBVC,A024,R030,Closed Won,3492.0,2017-05-01,West,MG Advanced
8BY9YRL9,8BY9YRL9,A015,R006,Closed Won,5991.0,2017-06-26,Central,GTX Plus Pro
7PWQUE7O,7PWQUE7O,A047,R027,Closed Lost,0.0,2017-04-02,West,GTX Basic
ELCQKUQU,ELCQKUQU,A044,R027,Closed Lost,0.0,2017-04-06,West,MG Advanced
CVPH0J04,CVPH0J04,A070,R027,Closed Won,4968.0,2017-06-26,West,GTX Pro
H8CLNRM2,H8CLNRM2,A044,R034,Closed Won,5006.0,2017-05-26,West,GTX Pro
MJBD6V39,MJBD6V39,A013,R005,Closed Lost,0.0,2017-05-01,Central,MG Special
GQQ01OO5,GQQ01OO5,A084,R021,Closed Lost,0.0,2017-05-15,East,GTX Plus Pro
B85LVFR1,B85LVFR1,A049,R021,Closed Won,5363.0,2017-04-05,East,GTX Pro
U8XA7JCO,U8XA7JCO,A015,R003,Closed Won,49.0,2017-06-28,Central,MG Special
2GR73FEV,2GR73FEV,A021,R033,Closed Lost,0.0,2017-04-03,West,GTX Plus Basic
AV4ZPXE3,AV4ZPXE3,A017,R033,Closed Won,4253.0,2017-04-03,West,MG Advanced
X8QV83G1,X8QV83G1,A011,R001,Closed Lost,0.0,2017-04-08,Central,MG Special
T1ZYZ70B,T1ZYZ70B,A011,R001,Closed Lost,0.0,2017-06-08,Central,MG Special
RO6QLRCX,RO6QLRCX,A056,R019,Closed Won,422.0,2017-05-30,East,GTX Basic
6FT804V9,6FT804V9,A036,R002,Closed Lost,0.0,2017-04-06,Central,GTX Basic
SKTAI2GS,SKTAI2GS,A011,R002,Closed Won,1056.0,2017-04-08,Central,GTX Plus Basic
YIGSYPWD,YIGSYPWD,A005,R013,Closed Lost,0.0,2017-04-07,East,GTX Pro
9IP0C0IR,9IP0C0IR,A026,R013,Closed Lost,0.0,2017-05-28,East,GTX Pro
E06J9PDT,E06J9PDT,A019,R010,Closed Lost,0.0,2017-04-06,Central,GTX Pro
3OLESA9M,3OLESA9M,A038,R010,Closed Lost,0.0,2017-04-03,Central,MG Advanced
3O7PIS8O,3O7PIS8O,A076,R010,Closed Won,3665.0,2017-04-09,Central,MG Advanced
FAV4HHP4,FAV4HHP4,A018,R020,Closed Won,4329.0,2017-06-03,East,GTX Pro
LOMFB71Q,LOMFB71Q,A023,R008,Closed Lost,0.0,2017-04-03,Central,MG Special
C334XDK8,C334XDK8,A032,R026,Closed Won,58.0,2017-04-08,West,MG Special
R707GGNA,R707GGNA,A079,R030,Closed Won,7356.0,2017-06-26,West,GTX Plus Pro
EP81D4IN,EP81D4IN,A021,R030,Closed Won,4066.0,2017-06-25,West,GTX Pro
UWZ7DFKY,UWZ7DFKY,A012,R004,Closed Won,55.0,2017-06-06,Central,MG Special
7SH51ME1,7SH51ME1,A083,R027,Closed Won,3738.0,2017-06-27,West,MG Advanced
QPH1YUAN,QPH1YUAN,A036,R034,Closed Lost,0.0,2017-04-04,West,GTX Basic
7PV7V1RP,7PV7V1RP,A046,R034,Closed Lost,0.0,2017-05-26,West,MG Advanced
C2WEF4XH,C2WEF4XH,A079,R034,Closed Won,888.0,2017-05-15,West,GTX Plus Basic
5G645WYV,5G645WYV,A004,R005,Closed Won,5447.0,2017-04-07,Central,GTX Plus Pro
5M3Z5DS4,5M3Z5DS4,A029,R009,Closed Won,5972.0,2017-04-05,Central,GTX Plus Pro
CR20TBUT,CR20TBUT,A010,R025,Closed Won,4855.0,2017-04-02,West,GTX Pro
M5E8U8HP,M5E8U8HP,A078,R014,Closed Won,3395.0,2017-05-29,East,MG Advanced
9VEB4KWV,9VEB4KWV,A005,R012,Closed Lost,0.0,2017-04-07,East,MG Special
9S7VQ79A,9S7VQ79A,A032,R033,Closed Won,1084.0,2017-03-30,West,GTX Plus Basic
1MQFYGEE,1MQFYGEE,A038,R002,Closed Won,3670.0,2017-06-03,Central,MG Advanced
4G10PCOZ,4G10PCOZ,A037,R018,Closed Lost,0.0,2017-04-02,East,GTX Plus Basic
DLZYL69K,DLZYL69K,A027,R018,Closed Won,5304.0,2017-06-02,East,GTX Plus Pro
KYQ50DTU,KYQ50DTU,A073,R010,Closed Lost,0.0,2017-04-06,Central,GTX Plus Pro
FRIVBOOA,FRIVBOOA,A013,R010,Closed Won,3844.0,2017-06-16,Central,GTX Pro
7ASDRLM5,7ASDRLM5,A001,R020,Closed Won,549.0,2017-05-11,East,GTX Basic
0HB6OUIN,0HB6OUIN,A012,R008,Closed Lost,0.0,2017-05-20,Central,GTX Pro
UWK0KA56,UWK0KA56,A066,R008,Closed Lost,0.0,2017-04-05,Central,MG Advanced
CCVCBR83,CCVCBR83,A036,R006,Closed Won,553.0,2017-04-05,Central,GTX Basic
SV2VJ3VH,SV2VJ3VH,A054,R032,Closed Lost,0.0,2017-05-05,West,GTX Plus Basic
ASL3FJZP,ASL3FJZP,A022,R032,Closed Won,3523.0,2017-04-07,West,MG Advanced
0S4K915N,0S4K915N,A044,R031,Closed Lost,0.0,2017-05-20,West,GTX Basic
8IJOC37Z,8IJOC37Z,A036,R031,Closed Won,424.0,2017-06-28,West,GTX Basic
28BIO7F9,28BIO7F9,A045,R007,Closed Won,490.0,2017-06-02,Central,GTX Basic
9B5T5QTA,9B5T5QTA,A044,R034,Closed Lost,0.0,2017-04-04,West,GTX Pro
9ZDFLOKA,9ZDFLOKA,A033,R034,Closed Won,48.0,2017-04-07,West,MG Special
8FXUNDUS,8FXUNDUS,A036,R005,Closed Won,3982.0,2017-05-26,Central,MG Advanced
MLC5KY2R,MLC5KY2R,A024,R025,Closed Lost,0.0,2017-06-11,West,MG Advanced
98YPUABG,98YPUABG,A065,R024,Closed Lost,0.0,2017-04-06,West,GTX Plus Pro
181X64EU,181X64EU,A032,R024,Closed Won,1176.0,2017-04-09,West,GTX Plus Basic
XLKL4EI0,XLKL4EI0,A002,R016,Closed Lost,0.0,2017-04-10,East,GTX Basic
5RUF6451,5RUF6451,A043,R016,Closed Won,589.0,2017-04-04,East,GTX Basic
G67668KN,G67668KN,A064,R033,Closed Lost,0.0,2017-05-16,West,GTX Plus Pro
4SAUJMOI,4SAUJMOI,A075,R022,Closed Lost,0.0,2017-04-01,East,GTX Basic
B2H3P25L,B2H3P25L,A078,R022,Closed Lost,0.0,2017-04-07,East,GTX Plus Pro
DF19VWL4,DF19VWL4,A071,R019,Closed Won,4276.0,2017-04-06,East,GTX Pro
ZIZXHX09,ZIZXHX09,A063,R019,Closed Won,3390.0,2017-04-07,East,MG Advanced
70GGNRPB,70GGNRPB,A004,R002,Closed Lost,0.0,2017-04-11,Central,GTX Basic
0VYX8TN3,0VYX8TN3,A015,R002,Closed Lost,0.0,2017-04-09,Central,MG Special
JPJ3A9T8,JPJ3A9T8,A019,R002,Closed Won,541.0,2017-05-19,Central,GTX Basic
1A86ZD0B,1A86ZD0B,A026,R013,Closed Won,5189.0,2017-06-26,East,GTX Plus Pro
PMQ4M2UX,PMQ4M2UX,A026,R018,Closed Lost,0.0,2017-04-07,East,GTX Pro
OFQCCQ6I,OFQCCQ6I,A078,R018,Closed Won,6920.0,2017-06-23,East,GTX Plus Pro
3Z2BQVQ7,3Z2BQVQ7,A012,R010,Closed Lost,0.0,2017-04-01,Central,GTX Basic
57FO8KSQ,57FO8KSQ,A039,R010,Closed Lost,0.0,2017-04-07,Central,GTX Plus Basic
3VQOFPW7,3VQOFPW7,A029,R010,Closed Lost,0.0,2017-05-17,Central,MG Advanced
HMKFBTYR,HMKFBTYR,A004,R010,Closed Won,600.0,2017-06-20,Central,GTX Basic
RMO3I92N,RMO3I92N,A008,R020,Closed Lost,0.0,2017-04-11,East,GTX Plus Basic
2AV40FHB,2AV40FHB,A044,R020,Closed Lost,0.0,2017-04-01,East,GTX Pro
OUR875IK,OUR875IK,A078,R020,Closed Won,564.0,2017-04-06,East,GTX Basic
LUFY70BU,LUFY70BU,A032,R028,Closed Lost,0.0,2017-04-04,West,GTK 500
1OUHMFJV,1OUHMFJV,A081,R015,Closed Won,1037.0,2017-05-31,East,GTX Plus Basic
GMNQUFQZ,GMNQUFQZ,A036,R032,Closed Won,500.0,2017-04-01,West,GTX Basic
YWF7W7H8,YWF7W7H8,A036,R004,Closed Won,5728.0,2017-04-07,Central,GTX Plus Pro
120BESB3,120BESB3,A042,R027,Closed Lost,0.0,2017-04-09,West,MG Advanced
HPSSENGT,HPSSENGT,A067,R007,Closed Lost,0.0,2017-04-06,Central,GTX Pro
8TXOC3S3,8TXOC3S3,A062,R005,Closed Lost,0.0,2017-04-11,Central,MG Advanced
N55VF08D,N55VF08D,A023,R005,Closed Won,54.0,2017-05-20,Central,MG Special
265SZR01,265SZR01,A077,R025,Closed Won,501.0,2017-06-19,West,GTX Basic
NKO2JRRS,NKO2JRRS,A074,R014,Closed Won,6155.0,2017-04-08,East,GTX Plus Pro
WW3NDCO2,WW3NDCO2,A081,R014,Closed Won,4668.0,2017-04-08,East,GTX Plus Pro
DGPI60HG,DGPI60HG,A085,R003,Closed Won,5017.0,2017-06-09,Central,GTX Plus Pro
06DUY829,06DUY829,A059,R003,Closed Won,59.0,2017-04-08,Central,MG Special
HOG5OE78,HOG5OE78,A021,R024,Closed Lost,0.0,2017-04-08,West,GTX Pro
PLM5WEY4,PLM5WEY4,A054,R024,Closed Won,3316.0,2017-04-06,West,MG Advanced
EWQVZB85,EWQVZB85,A054,R033,Closed Won,6227.0,2017-04-10,West,GTX Plus Pro
SFFFNT6B,SFFFNT6B,A073,R001,Closed Lost,0.0,2017-04-07,Central,MG Special
99AAJPQN,99AAJPQN,A012,R001,Closed Won,58.0,2017-06-15,Central,MG Special
JW2FHT1G,JW2FHT1G,A015,R001,Closed Won,3626.0,2017-04-08,Central,MG Advanced
08KE6ZQN,08KE6ZQN,A075,R022,Closed Won,2819.0,2017-04-01,East,MG Advanced
0WVCRCOU,0WVCRCOU,A078,R019,Closed Lost,0.0,2017-04-01,East,GTX Pro
V5QIL0HU,V5QIL0HU,A082,R019,Closed Lost,0.0,2017-04-07,East,GTX Pro
F52YEFJ8,F52YEFJ8,A029,R008,Closed Lost,0.0,2017-04-02,Central,GTX Plus Pro
OZDJFUHH,OZDJFUHH,A021,R026,Closed Won,901.0,2017-04-09,West,GTX Plus Basic
BUPUP2TV,BUPUP2TV,A017,R026,Closed Won,3438.0,2017-06-04,West,MG Advanced
HTQO5XIW,HTQO5XIW,A022,R030,Closed Won,589.0,2017-04-08,West,GTX Basic
XCBKZWDX,XCBKZWDX,A055,R032,Closed Lost,0.0,2017-06-20,West,MG Special
W7F056RK,W7F056RK,A070,R032,Closed Won,5073.0,2017-04-01,West,GTX Pro
9LZICBEV,9LZICBEV,A036,R031,Closed Lost,0.0,2017-04-01,West,MG Advanced
YAKIMBKC,YAKIMBKC,A044,R031,Closed Won,609.0,2017-04-02,West,GTX Basic
FHU2WQ2K,FHU2WQ2K,A032,R031,Closed Won,55.0,2017-04-01,West,MG Special
VF651O1V,VF651O1V,A021,R027,Closed Lost,0.0,2017-04-12,West,MG Special
ISHAZTWG,ISHAZTWG,A033,R034,Closed Lost,0.0,2017-04-12,West,GTX Plus Basic
0XIPT9AX,0XIPT9AX,A012,R034,Closed Won,5637.0,2017-04-10,West,GTX Plus Pro
UURLD9W8,UURLD9W8,A054,R034,Closed Won,5793.0,2017-04-11,West,GTX Plus Pro
Y975VCYM,Y975VCYM,A048,R021,Closed Lost,0.0,2017-04-12,East,MG Special
OPYWK3XE,OPYWK3XE,A041,R025,Closed Lost,0.0,2017-04-05,West,GTX Basic
2VTBUOXA,2VTBUOXA,A014,R025,Closed Lost,0.0,2017-05-30,West,MG Advanced
6YEF304L,6YEF304L,A036,R025,Closed Won,520.0,2017-04-07,West,GTX Basic
6AALZVSE,6AALZVSE,A024,R025,Closed Won,4080.0,2017-04-02,West,MG Advanced
JF9CTPPZ,JF9CTPPZ,A038,R003,Closed Won,526.0,2017-06-30,Central,GTX Basic
LAH7932Y,LAH7932Y,A062,R003,Closed Won,57.0,2017-05-17,Central,MG Special
CLOSEH5L,CLOSEH5L,A077,R024,Closed Lost,0.0,2017-04-09,West,MG Advanced
ZT6XPQR0,ZT6XPQR0,A079,R024,Closed Won,54.0,2017-06-28,West,MG Special
MUHI7FIM,MUHI7FIM,A070,R024,Closed Won,3367.0,2017-04-12,West,MG Advanced
1WSLRC69,1WSLRC69,A014,R033,Closed Won,430.0,2017-04-06,West,GTX Basic
ZZJ4I52J,ZZJ4I52J,A036,R001,Closed Won,518.0,2017-05-05,Central,GTX Basic
IGVGV1O5,IGVGV1O5,A074,R022,Closed Lost,0.0,2017-04-12,East,GTX Plus Basic
O5OCDKVH,O5OCDKVH,A084,R013,Closed Lost,0.0,2017-04-11,East,GTX Plus Basic
TNUCQKW6,TNUCQKW6,A048,R018,Closed Lost,0.0,2017-04-03,East,GTX Pro
T4NRIY5R,T4NRIY5R,A004,R010,Closed Won,5798.0,2017-04-08,Central,GTX Plus Pro
5PA21ZHE,5PA21ZHE,A003,R010,Closed Won,4685.0,2017-04-10,Central,GTX Pro
MCR8YCCY,MCR8YCCY,A028,R010,Closed Won,3228.0,2017-06-17,Central,MG Advanced
N4PVP6C0,N4PVP6C0,A037,R020,Closed Lost,0.0,2017-04-03,East,GTX Basic
8INCUUGJ,8INCUUGJ,A054,R028,Closed Won,452.0,2017-06-22,West,GTX Basic
CKSNW8DU,CKSNW8DU,A012,R008,Closed Lost,0.0,2017-04-11,Central,GTX Plus Basic
JFB4WY8C,JFB4WY8C,A019,R006,Closed Won,565.0,2017-04-08,Central,GTX Basic
BP7JRV1O,BP7JRV1O,A076,R006,Closed Won,1184.0,2017-06-05,Central,GTX Plus Basic
OREPAY0O,OREPAY0O,A035,R032,Closed Won,1150.0,2017-06-22,West,GTX Plus Basic
XBSZ29VJ,XBSZ29VJ,A064,R031,Closed Won,1110.0,2017-05-24,West,GTX Plus Basic
8BRN98H6,8BRN98H6,A085,R004,Closed Lost,0.0,2017-04-10,Central,MG Advanced
VZS17M7X,VZS17M7X,A041,R027,Closed Won,3817.0,2017-04-06,West,MG Advanced
49USIHDH,49USIHDH,A060,R007,Closed Lost,0.0,2017-04-10,Central,MG Advanced
A89TBOY5,A89TBOY5,A004,R005,Closed Lost,0.0,2017-04-06,Central,MG Advanced
26XU4887,26XU4887,A036,R009,Closed Won,531.0,2017-04-10,Central,GTX Basic
QQTQFG9A,QQTQFG9A,A071,R021,Closed Lost,0.0,2017-04-04,East,GTX Plus Pro
7O00H1TC,7O00H1TC,A052,R021,Closed Lost,0.0,2017-04-02,East,MG Advanced
LGTIXQ46,LGTIXQ46,A006,R025,Closed Won,51.0,2017-04-07,West,MG Special
KJBYGG1S,KJBYGG1S,A049,R014,Closed Won,5106.0,2017-05-12,East,GTX Pro
IXBUR07V,IXBUR07V,A028,R003,Closed Lost,0.0,2017-04-13,Central,MG Advanced
B6UWHOD4,B6UWHOD4,A066,R003,Closed Won,60.0,2017-04-02,Central,MG Special
FJ6QV5XK,FJ6QV5XK,A079,R024,Closed Lost,0.0,2017-04-09,West,GTX Pro
4DUMR5WD,4DUMR5WD,A084,R016,Closed Lost,0.0,2017-04-09,East,GTX Plus Pro
AW3L4BTT,AW3L4BTT,A036,R033,Closed Lost,0.0,2017-04-02,West,GTX Plus Basic
RH805ELL,RH805ELL,A035,R033,Closed Won,5079.0,2017-06-29,West,GTX Pro
7RI58VF7,7RI58VF7,A068,R001,Closed Won,460.0,2017-06-20,Central,GTX Basic
R15SXOZA,R15SXOZA,A040,R022,Closed Lost,0.0,2017-06-24,East,GTX Plus Basic
H00Y9555,H00Y9555,A016,R002,Closed Won,3343.0,2017-04-10,Central,MG Advanced
RJYMI03Q,RJYMI03Q,A078,R013,Closed Won,5125.0,2017-05-28,East,GTX Plus Pro
5PJJCTJ9,5PJJCTJ9,A004,R010,Closed Won,3263.0,2017-04-11,Central,MG Advanced
J60KKQ4B,J60KKQ4B,A021,R028,Closed Won,976.0,2017-04-08,West,GTX Plus Basic
X2QRD0DC,X2QRD0DC,A056,R015,Closed Won,4746.0,2017-04-09,East,GTX Pro
4KIZ9WJ0,4KIZ9WJ0,A013,R008,Closed Lost,0.0,2017-04-03,Central,GTX Plus Basic
6RQCLF28,6RQCLF28,A011,R008,Closed Won,507.0,2017-04-11,Central,GTX Basic
T8WC5X1B,T8WC5X1B,A044,R030,Closed Lost,0.0,2017-04-14,West,GTX Basic
HO6M5P37,HO6M5P37,A021,R030,Closed Won,5693.0,2017-04-09,West,GTX Pro
0J21WQH1,0J21WQH1,A021,R032,Closed Lost,0.0,2017-04-14,West,GTX Plus Basic
N88UFF5K,N88UFF5K,A046,R031,Closed Lost,0.0,2017-04-03,West,GTX Basic
OV08QE7X,OV08QE7X,A010,R031,Closed Won,488.0,2017-04-10,West,GTX Basic
WJLJIWYS,WJLJIWYS,A058,R031,Closed Won,605.0,2017-05-20,West,GTX Basic
QJ25CASO,QJ25CASO,A077,R027,Closed Lost,0.0,2017-05-15,West,GTX Plus Pro
GJQXUDI3,GJQXUDI3,A025,R007,Closed Won,949.0,2017-04-11,Central,GTX Plus Basic
OOGOZGGV,OOGOZGGV,A022,R034,Closed Won,882.0,2017-04-04,West,GTX Plus Basic
C9XJ9KHD,C9XJ9KHD,A032,R034,Closed Won,1096.0,2017-06-22,West,GTX Plus Basic
IWAKTMEB,IWAKTMEB,A020,R021,Closed Lost,0.0,2017-04-10,East,GTX Basic
AKT5EF0X,AKT5EF0X,A020,R021,Closed Won,572.0,2017-08-04,East,GTX Basic
89064N0X,89064N0X,A007,R014,Closed Lost,0.0,2017-04-07,East,MG Advanced
V7YVW4U0,V7YVW4U0,A043,R014,Closed Won,3731.0,2017-04-12,East,GTX Pro
TBJ99S41,TBJ99S41,A045,R003,Closed Lost,0.0,2017-04-12,Central,MG Special
QWLH0WD8,QWLH0WD8,A036,R033,Closed Won,1214.0,2017-06-13,West,GTX Plus Basic
JZTX4MXK,JZTX4MXK,A070,R033,Closed Won,4444.0,2017-04-03,West,GTX Pro
4AHNCJ2Y,4AHNCJ2Y,A057,R001,Closed Won,524.0,2017-06-27,Central,GTX Basic
JK75NQBD,JK75NQBD,A008,R019,Closed Won,997.0,2017-05-20,East,GTX Plus Basic
U1BDEL90,U1BDEL90,A002,R013,Closed Won,2794.0,2017-04-10,East,MG Advanced
A9C9YCSN,A9C9YCSN,A057,R010,Closed Won,53.0,2017-04-09,Central,MG Special
524GC3WL,524GC3WL,A029,R010,Closed Won,3141.0,2017-04-13,Central,MG Advanced
T4ZW6SS4,T4ZW6SS4,A063,R020,Closed Lost,0.0,2017-04-15,East,MG Special
FH4VP5CL,FH4VP5CL,A005,R020,Closed Won,1109.0,2017-06-26,East,GTX Plus Basic
K9MMOXUC,K9MMOXUC,A040,R020,Closed Won,5691.0,2017-04-14,East,GTX Plus Pro
LV5SEMZQ,LV5SEMZQ,A050,R028,Closed Won,52.0,2017-04-07,West,MG Special
50B2JN7F,50B2JN7F,A036,R008,Closed Lost,0.0,2017-04-10,Central,MG Special
JXS3KFKM,JXS3KFKM,A003,R008,Closed Won,532.0,2017-04-05,Central,GTX Basic
QODSAVWU,QODSAVWU,A039,R008,Closed Won,5615.0,2017-04-04,Central,GTX Pro
UH3P961U,UH3P961U,A032,R030,Closed Lost,0.0,2017-04-04,West,GTX Basic
3BQTRX5Y,3BQTRX5Y,A022,R032,Closed Lost,0.0,2017-05-26,West,GTX Pro
YTL8VNGT,YTL8VNGT,A041,R032,Closed Won,565.0,2017-04-12,West,GTX Basic
BL4SKUCN,BL4SKUCN,A059,R004,Closed Lost,0.0,2017-04-11,Central,GTX Basic
W355HYRD,W355HYRD,A027,R021,Closed Lost,0.0,2017-04-05,East,GTX Pro
5UE0TE1R,5UE0TE1R,A080,R021,Closed Won,3991.0,2017-04-14,East,GTX Pro
RFNRVNXJ,RFNRVNXJ,A043,R014,Closed Won,5763.0,2017-05-20,East,GTX Pro
UTZDDOU7,UTZDDOU7,A013,R003,Closed Lost,0.0,2017-04-14,Central,MG Special
2ZXKC707,2ZXKC707,A010,R024,Closed Lost,0.0,2017-04-11,West,MG Advanced
VNCFE4LQ,VNCFE4LQ,A041,R024,Closed Won,456.0,2017-04-15,West,GTX Basic
28QWFYSP,28QWFYSP,A007,R016,Closed Lost,0.0,2017-04-05,East,MG Special
VIV0OXU6,VIV0OXU6,A016,R001,Closed Won,582.0,2017-04-11,Central,GTX Basic
KVF0HK8S,KVF0HK8S,A016,R001,Closed Won,59.0,2017-04-12,Central,MG Special
JLT2LLR3,JLT2LLR3,A018,R022,Closed Won,3259.0,2017-04-09,East,MG Advanced
2LF1TSPZ,2LF1TSPZ,A026,R013,Closed Lost,0.0,2017-05-10,East,GTX Basic
FBJHTF91,FBJHTF91,A042,R013,Closed Lost,0.0,2017-04-11,East,GTX Plus Basic
Z50GQV8I,Z50GQV8I,A075,R013,Closed Won,593.0,2017-04-11,East,GTX Basic
O2CPAAF0,O2CPAAF0,A056,R013,Closed Won,5197.0,2017-06-26,East,GTX Pro
CEOTU8PX,CEOTU8PX,A015,R010,Closed Lost,0.0,2017-04-15,Central,GTX Pro
2S3DHZFO,2S3DHZFO,A045,R010,Closed Lost,0.0,2017-06-21,Central,GTX Pro
ZE1ZKD7Q,ZE1ZKD7Q,A067,R010,Closed Lost,0.0,2017-04-12,Central,MG Special
Y9XOOWHS,Y9XOOWHS,A023,R010,Closed Won,3031.0,2017-06-18,Central,MG Advanced
5FIGO7XN,5FIGO7XN,A027,R020,Closed Lost,0.0,2017-04-15,East,GTX Pro
EFO8XWXE,EFO8XWXE,A082,R020,Closed Won,5244.0,2017-05-25,East,GTX Pro
62R8ERQ0,62R8ERQ0,A033,R028,Closed Lost,0.0,2017-04-10,West,MG Special
HYCELUAD,HYCELUAD,A052,R015,Closed Won,5946.0,2017-06-20,East,GTX Plus Pro
MJZP9WYC,MJZP9WYC,A031,R026,Closed Lost,0.0,2017-04-08,West,GTX Plus Basic
JNYS6BIJ,JNYS6BIJ,A046,R030,Closed Lost,0.0,2017-04-11,West,GTX Plus Pro
LUT9KYJA,LUT9KYJA,A064,R030,Closed Won,4335.0,2017-06-06,West,GTX Pro
DIWC1AHU,DIWC1AHU,A023,R006,Closed Lost,0.0,2017-04-06,Central,GTX Plus Pro
ILYP3YGW,ILYP3YGW,A045,R006,Closed Won,5063.0,2017-04-06,Central,GTX Pro
0XC4DR3F,0XC4DR3F,A068,R006,Closed Won,5032.0,2017-04-10,Central,GTX Pro
3ZM8BJQO,3ZM8BJQO,A046,R032,Closed Won,4398.0,2017-05-31,West,GTX Pro
AM5J5QPK,AM5J5QPK,A061,R032,Closed Won,4449.0,2017-04-06,West,GTX Pro
DRFUPEOU,DRFUPEOU,A006,R031,Closed Lost,0.0,2017-05-10,West,GTX Plus Pro
I19TOSXS,I19TOSXS,A073,R004,Closed Lost,0.0,2017-04-06,Central,GTX Basic
DWO4HD34,DWO4HD34,A039,R004,Closed Lost,0.0,2017-04-15,Central,MG Advanced
4YH4JR1Q,4YH4JR1Q,A025,R004,Closed Won,50.0,2017-05-31,Central,MG Special
NUA0OE6Z,NUA0OE6Z,A032,R027,Closed Won,605.0,2017-06-03,West,GTX Basic
GDOHDB6U,GDOHDB6U,A061,R027,Closed Won,57.0,2017-04-08,West,MG Special
I58DG1XE,I58DG1XE,A010,R027,Closed Won,2882.0,2017-06-10,West,MG Advanced
YA3O04NX,YA3O04NX,A030,R007,Closed Won,3011.0,2017-06-05,Central,MG Advanced
C2X9D7JO,C2X9D7JO,A058,R034,Closed Won,1181.0,2017-04-11,West,GTX Plus Basic
SBLP2LJB,SBLP2LJB,A003,R009,Closed Won,1067.0,2017-06-11,Central,GTX Plus Basic
3CWKBXEN,3CWKBXEN,A018,R021,Closed Lost,0.0,2017-04-13,East,GTX Basic
ZG82F4GH,ZG82F4GH,A037,R021,Closed Lost,0.0,2017-04-09,East,GTX Basic
64KS4KGN,64KS4KGN,A039,R003,Closed Won,54.0,2017-04-06,Central,MG Special
637HKAFD,637HKAFD,A054,R033,Closed Won,564.0,2017-06-29,West,GTX Basic
U9E3G8UT,U9E3G8UT,A013,R001,Closed Lost,0.0,2017-04-06,Central,GTX Plus Basic
FB1AO8SL,FB1AO8SL,A003,R001,Closed Won,57.0,2017-04-14,Central,MG Special
79LGX9EX,79LGX9EX,A080,R019,Closed Won,5558.0,2017-06-30,East,GTX Pro
LOAYKUEO,LOAYKUEO,A073,R002,Closed Lost,0.0,2017-04-10,Central,GTX Plus Pro
EM4XNIPW,EM4XNIPW,A063,R013,Closed Lost,0.0,2017-04-07,East,GTX Basic
E6WG7J0I,E6WG7J0I,A008,R013,Closed Won,1083.0,2017-04-10,East,GTX Plus Basic
37FL55S0,37FL55S0,A073,R010,Closed Won,5647.0,2017-04-06,Central,GTX Pro
RSXFS096,RSXFS096,A082,R020,Closed Lost,0.0,2017-08-07,East,GTX Basic
5QSU8PQU,5QSU8PQU,A063,R020,Closed Won,4648.0,2017-06-19,East,GTX Pro
N58V2ML8,N58V2ML8,A056,R020,Closed Won,50.0,2017-04-14,East,MG Special
SFI9TVH3,SFI9TVH3,A036,R008,Closed Lost,0.0,2017-04-07,Central,MG Advanced
0G65AQVC,0G65AQVC,A042,R030,Closed Lost,0.0,2017-05-30,West,GTX Basic
F91QWQ1G,F91QWQ1G,A064,R030,Closed Lost,0.0,2017-04-07,West,GTX Pro
XEP9GSSY,XEP9GSSY,A015,R006,Closed Lost,0.0,2017-08-07,Central,GTX Basic
0000I7AO,0000I7AO,A057,R006,Closed Won,505.0,2017-05-12,Central,GTX Basic
A0VM9Q5M,A0VM9Q5M,A017,R031,Closed Lost,0.0,2017-04-15,West,GTX Pro
P9SDPJJO,P9SDPJJO,A033,R031,Closed Won,450.0,2017-04-06,West,GTX Basic
NW6OPA4M,NW6OPA4M,A006,R031,Closed Won,4983.0,2017-05-21,West,GTX Plus Pro
ZZQB2NPD,ZZQB2NPD,A059,R004,Closed Won,1140.0,2017-06-19,Central,GTX Plus Basic
KG5JIU81,KG5JIU81,A022,R027,Closed Lost,0.0,2017-04-07,West,GTX Plus Basic
4XGA0K6N,4XGA0K6N,A041,R027,Closed Won,3188.0,2017-06-22,West,MG Advanced
MV1LBCP5,MV1LBCP5,A063,R021,Closed Lost,0.0,2017-04-06,East,GTX Basic
UIFIWKNI,UIFIWKNI,A078,R021,Closed Won,1091.0,2017-08-02,East,GTX Plus Basic
MBGVOGCY,MBGVOGCY,A005,R021,Closed Won,5095.0,2017-04-12,East,GTX Plus Pro
2WQ5FUPR,2WQ5FUPR,A012,R021,Closed Won,51.0,2017-08-02,East,MG Special
DA6LGJ66,DA6LGJ66,A033,R025,Closed Won,62.0,2017-06-19,West,MG Special
OJSYLHMZ,OJSYLHMZ,A083,R024,Closed Won,550.0,2017-06-28,West,GTX Basic
QO6CI3P4,QO6CI3P4,A027,R012,Closed Won,45.0,2017-04-07,East,MG Special
HJP5X1MT,HJP5X1MT,A019,R001,Closed Won,527.0,2017-06-09,Central,GTX Basic
JO4MF90Q,JO4MF90Q,A043,R019,Closed Lost,0.0,2017-04-15,East,GTX Basic
RX95UPUC,RX95UPUC,A078,R019,Closed Lost,0.0,2017-05-30,East,GTX Plus Basic
0SMQAD34,0SMQAD34,A016,R010,Closed Lost,0.0,2017-04-08,Central,MG Advanced
THMEDL51,THMEDL51,A060,R010,Closed Won,64.0,2017-04-14,Central,MG Special
94B4785B,94B4785B,A056,R020,Closed Won,3655.0,2017-04-15,East,MG Advanced
SLN6HHLD,SLN6HHLD,A004,R008,Closed Lost,0.0,2017-04-16,Central,MG Special
MU3PM8ON,MU3PM8ON,A060,R008,Closed Lost,0.0,2017-04-13,Central,MG Advanced
E6GVZ30Q,E6GVZ30Q,A024,R030,Closed Won,561.0,2017-05-21,West,GTX Basic
QVWM8LUB,QVWM8LUB,A035,R031,Closed Lost,0.0,2017-08-06,West,GTX Basic
7C2HU8OC,7C2HU8OC,A022,R031,Closed Lost,0.0,2017-04-16,West,GTX Plus Basic
74P8ZFDD,74P8ZFDD,A054,R031,Closed Won,6154.0,2017-04-07,West,GTX Plus Pro
MB3376Q1,MB3376Q1,A010,R031,Closed Won,4756.0,2017-04-12,West,GTX Pro
RSAGMF10,RSAGMF10,A068,R004,Closed Lost,0.0,2017-04-14,Central,GTX Basic
3N6VGWVS,3N6VGWVS,A030,R004,Closed Won,61.0,2017-05-30,Central,MG Special
KG61YJ92,KG61YJ92,A076,R005,Closed Won,575.0,2017-06-24,Central,GTX Basic
Z4A1R9CJ,Z4A1R9CJ,A023,R005,Closed Won,1147.0,2017-05-22,Central,GTX Plus Basic
I6ZWBDU6,I6ZWBDU6,A025,R005,Closed Won,3161.0,2017-06-12,Central,MG Advanced
3DB2J8UR,3DB2J8UR,A039,R009,Closed Lost,0.0,2017-04-16,Central,GTX Basic
6ER2KL7X,6ER2KL7X,A012,R024,Closed Lost,0.0,2017-04-14,West,MG Advanced
CBTC7BHL,CBTC7BHL,A061,R024,Closed Won,525.0,2017-05-04,West,GTX Basic
93JCG10L,93JCG10L,A014,R033,Closed Won,4168.0,2017-04-12,West,GTX Pro
X9BUD48V,X9BUD48V,A076,R001,Closed Won,596.0,2017-04-08,Central,GTX Basic
TQLJOZBP,TQLJOZBP,A084,R022,Closed Won,59.0,2017-04-15,East,MG Special
9IE6GBXM,9IE6GBXM,A052,R019,Closed Lost,0.0,2017-05-14,East,GTX Pro
BG2656VA,BG2656VA,A044,R013,Closed Won,5684.0,2017-04-15,East,GTX Plus Pro
JXBUN5MY,JXBUN5MY,A042,R018,Closed Lost,0.0,2017-04-15,East,MG Advanced
7TJEHAED,7TJEHAED,A030,R010,Closed Won,4413.0,2017-04-15,Central,GTX Pro
QPOE9V6Y,QPOE9V6Y,A053,R020,Closed Lost,0.0,2017-04-17,East,MG Advanced
ULJM9JGL,ULJM9JGL,A075,R020,Closed Lost,0.0,2017-04-15,East,MG Advanced
PYY9M6Q4,PYY9M6Q4,A049,R020,Closed Won,4152.0,2017-04-13,East,GTX Pro
WAF692K8,WAF692K8,A014,R028,Closed Won,51.0,2017-06-24,West,MG Special
0UDLH6I3,0UDLH6I3,A081,R015,Closed Lost,0.0,2017-04-15,East,GTX Basic
WUGE2QUO,WUGE2QUO,A072,R008,Closed Lost,0.0,2017-04-18,Central,MG Advanced
XBLA9VO6,XBLA9VO6,A065,R030,Closed Won,1103.0,2017-05-18,West,GTX Plus Basic
QL7H3WQZ,QL7H3WQZ,A076,R006,Closed Won,1091.0,2017-04-09,Central,GTX Plus Basic
DXBLA2BS,DXBLA2BS,A085,R006,Closed Won,1189.0,2017-04-17,Central,GTX Plus Basic
EYW0QD8A,EYW0QD8A,A068,R006,Closed Won,4534.0,2017-06-27,Central,GTX Pro
NXWNJ7U5,NXWNJ7U5,A031,R032,Closed Lost,0.0,2017-05-12,West,GTX Basic
8LVFBGN4,8LVFBGN4,A044,R032,Closed Lost,0.0,2017-04-16,West,GTX Plus Basic
SUQNORF2,SUQNORF2,A011,R004,Closed Lost,0.0,2017-04-16,Central,GTX Basic
3M03SX77,3M03SX77,A012,R027,Closed Won,522.0,2017-04-13,West,GTX Basic
C7Y0UUIN,C7Y0UUIN,A032,R027,Closed Won,5012.0,2017-05-27,West,GTX Pro
DI6H5ERU,DI6H5ERU,A058,R034,Closed Won,1109.0,2017-04-08,West,GTX Plus Basic
SQZ293C0,SQZ293C0,A028,R005,Closed Won,4659.0,2017-04-13,Central,GTX Plus Pro
2SGRE4VE,2SGRE4VE,A009,R009,Closed Lost,0.0,2017-04-16,Central,GTX Basic
AMKR98V4,AMKR98V4,A011,R003,Closed Lost,0.0,2017-06-13,Central,GTX Plus Pro
DESFU690,DESFU690,A073,R003,Closed Lost,0.0,2017-04-09,Central,GTX Plus Pro
V8HMIE7M,V8HMIE7M,A045,R003,Closed Lost,0.0,2017-05-30,Central,MG Special
91JBU17E,91JBU17E,A057,R003,Closed Lost,0.0,2017-04-12,Central,MG Advanced
4MMQZHCK,4MMQZHCK,A044,R024,Closed Lost,0.0,2017-04-16,West,MG Advanced
RSKU2ZHM,RSKU2ZHM,A024,R033,Closed Lost,0.0,2017-04-13,West,MG Advanced
8LTQ9ESQ,8LTQ9ESQ,A015,R001,Closed Lost,0.0,2017-04-15,Central,MG Advanced
EBBIJKLT,EBBIJKLT,A066,R001,Closed Won,1142.0,2017-04-15,Central,GTX Plus Basic
8RIKWACO,8RIKWACO,A081,R013,Closed Won,491.0,2017-05-27,East,GTX Basic
U3394VAL,U3394VAL,A023,R010,Closed Lost,0.0,2017-04-18,Central,GTX Pro
G58AHYTW,G58AHYTW,A016,R010,Closed Lost,0.0,2017-04-14,Central,MG Special
KK7L97V7,KK7L97V7,A025,R010,Closed Won,5678.0,2017-04-09,Central,GTX Pro
GWRPJWRO,GWRPJWRO,A005,R020,Closed Lost,0.0,2017-04-16,East,GTX Pro
GNKFTK7J,GNKFTK7J,A069,R020,Closed Won,547.0,2017-06-14,East,GTX Basic
UEL6CAP9,UEL6CAP9,A074,R015,Closed Lost,0.0,2017-04-16,East,GTX Basic
2FEA30KT,2FEA30KT,A064,R026,Closed Won,935.0,2017-05-25,West,GTX Plus Basic
P2VXL7MO,P2VXL7MO,A061,R026,Closed Won,4761.0,2017-04-10,West,GTX Plus Pro
YT7QY06V,YT7QY06V,A051,R026,Closed Won,3224.0,2017-04-14,West,MG Advanced
L66MAMK5,L66MAMK5,A070,R032,Closed Won,501.0,2017-04-17,West,GTX Basic
RGYBSSEK,RGYBSSEK,A067,R004,Closed Won,3532.0,2017-04-17,Central,MG Advanced
5KC9ZGBX,5KC9ZGBX,A077,R034,Closed Won,4320.0,2017-04-12,West,GTX Pro
AYIPNQFR,AYIPNQFR,A028,R005,Closed Lost,0.0,2017-04-10,Central,MG Special
Q1MP64HG,Q1MP64HG,A084,R021,Closed Won,1123.0,2017-06-11,East,GTX Plus Basic
XGD6BFD6,XGD6BFD6,A078,R014,Closed Won,5217.0,2017-04-09,East,GTX Pro
1IH166HI,1IH166HI,A011,R003,Closed Lost,0.0,2017-05-27,Central,MG Special
BK85705L,BK85705L,A046,R024,Closed Won,595.0,2017-06-10,West,GTX Basic
77MKNCO3,77MKNCO3,A044,R024,Closed Won,5848.0,2017-04-16,West,GTX Plus Pro
OB7TAJOZ,OB7TAJOZ,A022,R033,Closed Lost,0.0,2017-04-09,West,GTX Basic
DU0E2LMZ,DU0E2LMZ,A054,R033,Closed Lost,0.0,2017-04-13,West,MG Special
1B4CL153,1B4CL153,A077,R033,Closed Won,5884.0,2017-04-17,West,GTX Plus Pro
93X2W24Q,93X2W24Q,A003,R001,Closed Won,3666.0,2017-06-02,Central,MG Advanced
U0E9CRX5,U0E9CRX5,A081,R022,Closed Lost,0.0,2017-04-18,East,GTX Basic
I7KV29LC,I7KV29LC,A044,R019,Closed Won,598.0,2017-04-20,East,GTX Basic
NNM6GN1J,NNM6GN1J,A037,R019,Closed Won,3275.0,2017-04-16,East,MG Advanced
D1UDLFVY,D1UDLFVY,A025,R002,Closed Lost,0.0,2017-04-10,Central,GTX Basic
M8WP93D4,M8WP93D4,A039,R002,Closed Lost,0.0,2017-04-18,Central,GTX Basic
3GPAFD3X,3GPAFD3X,A085,R002,Closed Lost,0.0,2017-04-20,Central,MG Special
XUQ7RS1Q,XUQ7RS1Q,A002,R018,Closed Lost,0.0,2017-05-30,East,GTX Pro
UFGI9P05,UFGI9P05,A059,R010,Closed Won,4978.0,2017-04-18,Central,GTX Pro
RDQZ245F,RDQZ245F,A014,R028,Closed Won,56.0,2017-05-29,West,MG Special
JA2CDNVM,JA2CDNVM,A038,R008,Closed Won,3077.0,2017-04-14,Central,MG Advanced
R0XAJA2I,R0XAJA2I,A036,R026,Closed Won,974.0,2017-04-17,West,GTX Plus Basic
BU1B6PHK,BU1B6PHK,A010,R032,Closed Won,915.0,2017-04-10,West,GTX Plus Basic
C3918FWQ,C3918FWQ,A064,R031,Closed Lost,0.0,2017-08-12,West,GTX Plus Basic
8GBXTWXE,8GBXTWXE,A006,R031,Closed Lost,0.0,2017-04-16,West,MG Advanced
Z29AX2KB,Z29AX2KB,A012,R031,Closed Won,983.0,2017-06-20,West,GTX Plus Basic
E733YMVH,E733YMVH,A038,R007,Closed Won,1204.0,2017-04-10,Central,GTX Plus Basic
Y35ES8UY,Y35ES8UY,A012,R005,Closed Lost,0.0,2017-04-16,Central,GTX Plus Pro
QDRYCR05,QDRYCR05,A045,R009,Closed Won,970.0,2017-04-10,Central,GTX Plus Basic
TYWS7KJR,TYWS7KJR,A002,R021,Closed Won,575.0,2017-04-16,East,GTX Basic
X22G55Y5,X22G55Y5,A026,R014,Closed Won,5986.0,2017-06-18,East,GTX Plus Pro
X7FZMKZW,X7FZMKZW,A023,R003,Closed Lost,0.0,2017-04-21,Central,GTX Plus Basic
72WE0PUH,72WE0PUH,A058,R024,Closed Won,64.0,2017-06-16,West,MG Special
HLGGWYP1,HLGGWYP1,A061,R033,Closed Lost,0.0,2017-04-15,West,GTX Basic
RU3OP2BA,RU3OP2BA,A041,R033,Closed Won,3070.0,2017-06-26,West,MG Advanced
YXOM4S7G,YXOM4S7G,A023,R001,Closed Lost,0.0,2017-04-11,Central,MG Special
JPH5WS60,JPH5WS60,A037,R022,Closed Lost,0.0,2017-04-11,East,GTX Basic
O1TDG6YN,O1TDG6YN,A049,R019,Closed Lost,0.0,2017-04-17,East,GTX Plus Basic
4INFXLM5,4INFXLM5,A057,R002,Closed Lost,0.0,2017-04-20,Central,MG Special
LIZMTGH2,LIZMTGH2,A039,R002,Closed Won,3409.0,2017-04-18,Central,MG Advanced
04LU4OPA,04LU4OPA,A001,R018,Closed Won,5721.0,2017-06-11,East,GTX Plus Pro
T1I8GE75,T1I8GE75,A026,R018,Closed Won,5039.0,2017-06-28,East,GTX Pro
2HU581DM,2HU581DM,A078,R018,Closed Won,5000.0,2017-04-11,East,GTX Pro
75S7S74S,75S7S74S,A036,R010,Closed Lost,0.0,2017-04-18,Central,GTX Basic
VTVF5TBV,VTVF5TBV,A011,R010,Closed Lost,0.0,2017-04-18,Central,GTX Pro
6AC2ATXU,6AC2ATXU,A030,R010,Closed Won,4955.0,2017-04-16,Central,GTX Plus Pro
F4J6AVPQ,F4J6AVPQ,A012,R010,Closed Won,5065.0,2017-04-17,Central,GTX Pro
NFTSU7RW,NFTSU7RW,A029,R010,Closed Won,4343.0,2017-04-17,Central,GTX Pro
NCUXZU3S,NCUXZU3S,A066,R010,Closed Won,3892.0,2017-04-20,Central,GTX Pro
YGNVLLUR,YGNVLLUR,A076,R008,Closed Lost,0.0,2017-04-20,Central,GTX Basic
O08NQM1J,O08NQM1J,A010,R030,Closed Lost,0.0,2017-04-11,West,MG Advanced
5OJ4IRW4,5OJ4IRW4,A013,R006,Closed Won,1115.0,2017-06-27,Central,GTX Plus Basic
ZLY8SZXO,ZLY8SZXO,A042,R032,Closed Won,533.0,2017-04-16,West,GTX Basic
DCC85LZO,DCC85LZO,A010,R032,Closed Won,1290.0,2017-04-13,West,GTX Plus Basic
ZVWUL0LL,ZVWUL0LL,A036,R031,Closed Lost,0.0,2017-04-12,West,GTX Basic
4R5LIB5F,4R5LIB5F,A033,R031,Closed Lost,0.0,2017-06-13,West,GTX Plus Basic
P010EEZF,P010EEZF,A019,R004,Closed Lost,0.0,2017-04-12,Central,MG Special
7AL9GWK6,7AL9GWK6,A011,R004,Closed Won,1047.0,2017-06-02,Central,GTX Plus Basic
RHXY2M2W,RHXY2M2W,A030,R004,Closed Won,47.0,2017-04-18,Central,MG Special
R7SESFM0,R7SESFM0,A012,R007,Closed Lost,0.0,2017-04-21,Central,GTX Basic
X501NN9P,X501NN9P,A057,R007,Closed Won,4413.0,2017-06-09,Central,GTX Pro
AUDYTWRK,AUDYTWRK,A036,R034,Closed Won,950.0,2017-06-26,West,GTX Plus Basic
EUKD4Z0V,EUKD4Z0V,A056,R021,Closed Lost,0.0,2017-04-16,East,GTX Pro
KPUHKYWU,KPUHKYWU,A071,R021,Closed Won,4136.0,2017-04-20,East,GTX Pro
B0KF3NFK,B0KF3NFK,A060,R003,Closed Won,62.0,2017-04-18,Central,MG Special
70M5V003,70M5V003,A041,R024,Closed Lost,0.0,2017-04-18,West,MG Special
OC66D0JA,OC66D0JA,A032,R033,Closed Won,467.0,2017-04-11,West,GTX Basic
KE7SZLG7,KE7SZLG7,A027,R022,Closed Won,1075.0,2017-06-11,East,GTX Plus Basic
XYZ39YT2,XYZ39YT2,A003,R002,Closed Lost,0.0,2017-04-19,Central,MG Special
O4LNS6IC,O4LNS6IC,A052,R018,Closed Won,52.0,2017-04-13,East,MG Special
UKIM9XIZ,UKIM9XIZ,A038,R010,Closed Lost,0.0,2017-04-19,Central,GTX Pro
5Z0ACVAM,5Z0ACVAM,A038,R010,Closed Lost,0.0,2017-04-12,Central,GTX Pro
DIAR4IM7,DIAR4IM7,A012,R010,Closed Won,4837.0,2017-04-18,Central,GTX Pro
30YWHJV8,30YWHJV8,A056,R020,Closed Lost,0.0,2017-04-18,East,GTX Plus Basic
ABXW1X4U,ABXW1X4U,A022,R028,Closed Lost,0.0,2017-06-22,West,GTX Basic
SZ1H1L8I,SZ1H1L8I,A077,R028,Closed Won,1163.0,2017-04-13,West,GTX Plus Basic
IR03B656,IR03B656,A060,R008,Closed Lost,0.0,2017-04-21,Central,GTX Basic
6NZROTHF,6NZROTHF,A058,R030,Closed Lost,0.0,2017-06-10,West,GTX Plus Pro
IFIIB8Y6,IFIIB8Y6,A044,R032,Closed Lost,0.0,2017-04-13,West,GTX Basic
R2CS85YJ,R2CS85YJ,A034,R031,Closed Lost,0.0,2017-04-13,West,GTX Basic
8EAINY61,8EAINY61,A064,R031,Closed Lost,0.0,2017-04-18,West,GTX Basic
T23MHC9C,T23MHC9C,A017,R031,Closed Won,568.0,2017-04-18,West,GTX Basic
D30QC4EE,D30QC4EE,A058,R031,Closed Won,5063.0,2017-06-19,West,GTX Pro
JHIX3ODA,JHIX3ODA,A015,R005,Closed Lost,0.0,2017-04-21,Central,MG Advanced
BPUE8GTU,BPUE8GTU,A060,R005,Closed Won,46.0,2017-06-06,Central,MG Special
2DOJKFNW,2DOJKFNW,A015,R009,Closed Lost,0.0,2017-04-12,Central,MG Advanced
0PSKGNYE,0PSKGNYE,A030,R009,Closed Won,504.0,2017-04-12,Central,GTX Basic
J75N0QYA,J75N0QYA,A030,R009,Closed Won,55.0,2017-04-13,Central,MG Special
SDS8SAZC,SDS8SAZC,A035,R025,Closed Won,4760.0,2017-06-17,West,GTX Pro
1426E8W6,1426E8W6,A009,R003,Closed Lost,0.0,2017-04-21,Central,GTX Basic
3BFBN8JW,3BFBN8JW,A025,R003,Closed Lost,0.0,2017-04-18,Central,MG Advanced
W1GERPB9,W1GERPB9,A021,R024,Closed Won,4653.0,2017-06-21,West,GTX Pro
922DHXBA,922DHXBA,A053,R012,Closed Lost,0.0,2017-04-22,East,MG Special
L36WU4AH,L36WU4AH,A048,R012,Closed Won,55.0,2017-04-12,East,MG Special
2K8H292S,2K8H292S,A060,R001,Closed Lost,0.0,2017-04-18,Central,GTX Basic
XNHGOHPW,XNHGOHPW,A044,R022,Closed Won,3223.0,2017-04-22,East,MG Advanced
GAM8C5ET,GAM8C5ET,A002,R019,Closed Lost,0.0,2017-04-17,East,GTX Plus Pro
BHT7UEDJ,BHT7UEDJ,A081,R019,Closed Won,553.0,2017-04-19,East,GTX Basic
7PAVX9CP,7PAVX9CP,A027,R019,Closed Won,1114.0,2017-04-14,East,GTX Plus Basic
IVW8MQGN,IVW8MQGN,A015,R002,Closed Won,3785.0,2017-04-20,Central,MG Advanced
1VHUPB8X,1VHUPB8X,A068,R010,Closed Lost,0.0,2017-04-14,Central,GTX Plus Basic
G5FN7I7T,G5FN7I7T,A030,R010,Closed Lost,0.0,2017-06-28,Central,MG Advanced
OHVPXBSR,OHVPXBSR,A080,R020,Closed Won,5316.0,2017-04-13,East,GTX Pro
GHY9QZKG,GHY9QZKG,A032,R026,Closed Lost,0.0,2017-04-16,West,MG Special
M9RGVU1F,M9RGVU1F,A009,R006,Closed Lost,0.0,2017-04-24,Central,GTX Pro
JBBJL4C2,JBBJL4C2,A019,R006,Closed Won,531.0,2017-06-23,Central,GTX Basic
HMI6RBK9,HMI6RBK9,A057,R006,Closed Won,544.0,2017-06-16,Central,GTX Basic
2EKGLB0Q,2EKGLB0Q,A079,R032,Closed Won,478.0,2017-04-13,West,GTX Basic
NBYPJR21,NBYPJR21,A024,R032,Closed Won,5672.0,2017-04-22,West,GTX Pro
HYPZOTY8,HYPZOTY8,A032,R032,Closed Won,51.0,2017-04-19,West,MG Special
31I0SB7T,31I0SB7T,A044,R032,Closed Won,3141.0,2017-04-19,West,MG Advanced
UIDAJBAI,UIDAJBAI,A017,R031,Closed Lost,0.0,2017-04-13,West,GTX Pro
VO3C2LE4,VO3C2LE4,A034,R031,Closed Lost,0.0,2017-04-16,West,MG Special
UC7JT39Q,UC7JT39Q,A031,R027,Closed Lost,0.0,2017-04-13,West,MG Special
F1LLBOUV,F1LLBOUV,A011,R007,Closed Lost,0.0,2017-04-13,Central,GTX Plus Basic
7H9J8W50,7H9J8W50,A036,R007,Closed Lost,0.0,2017-04-14,Central,GTX Plus Pro
8O03S3U3,8O03S3U3,A013,R005,Closed Lost,0.0,2017-04-22,Central,GTX Plus Pro
TGQN6HTN,TGQN6HTN,A042,R021,Closed Won,5393.0,2017-06-21,East,GTX Plus Pro
CPJK2600,CPJK2600,A067,R003,Closed Lost,0.0,2017-04-19,Central,MG Special
TLXS1NB8,TLXS1NB8,A033,R024,Closed Lost,0.0,2017-04-19,West,GTX Plus Pro
TRR34NSR,TRR34NSR,A036,R024,Closed Won,638.0,2017-06-06,West,GTX Basic
F2KINGVU,F2KINGVU,A041,R024,Closed Won,50.0,2017-04-23,West,MG Special
Q169CIK6,Q169CIK6,A005,R012,Closed Lost,0.0,2017-04-18,East,MG Advanced
1QWG9VM6,1QWG9VM6,A035,R033,Closed Won,4272.0,2017-04-22,West,GTX Pro
8OHCCD42,8OHCCD42,A004,R001,Closed Lost,0.0,2017-04-15,Central,GTX Plus Basic
QBCK25DV,QBCK25DV,A038,R001,Closed Won,58.0,2017-04-15,Central,MG Special
8IEVY30X,8IEVY30X,A052,R022,Closed Won,1088.0,2017-04-14,East,GTX Plus Basic
6444O6DK,6444O6DK,A018,R013,Closed Lost,0.0,2017-04-23,East,GTX Basic
GNL7T2JP,GNL7T2JP,A063,R013,Closed Lost,0.0,2017-04-18,East,GTX Pro
V9YR14KW,V9YR14KW,A056,R018,Closed Lost,0.0,2017-04-20,East,GTX Basic
24LP4J8U,24LP4J8U,A042,R018,Closed Lost,0.0,2017-05-13,East,GTX Pro
37LTMWB0,37LTMWB0,A003,R010,Closed Lost,0.0,2017-04-20,Central,GTX Basic
8BH9RNZI,8BH9RNZI,A029,R010,Closed Lost,0.0,2017-04-14,Central,GTX Pro
2ZU519Y6,2ZU519Y6,A016,R010,Closed Won,1327.0,2017-04-19,Central,GTX Plus Basic
ZESI2PFU,ZESI2PFU,A019,R010,Closed Won,923.0,2017-06-27,Central,GTX Plus Basic
X8T4XLTY,X8T4XLTY,A062,R010,Closed Won,1058.0,2017-04-23,Central,GTX Plus Basic
OS2CD01K,OS2CD01K,A068,R010,Closed Won,5220.0,2017-04-21,Central,GTX Plus Pro
JNKDEAG9,JNKDEAG9,A012,R008,Closed Lost,0.0,2017-04-19,Central,GTX Plus Pro
7MGVL7FC,7MGVL7FC,A059,R008,Closed Won,55.0,2017-04-22,Central,MG Special
IFJ2AE9R,IFJ2AE9R,A014,R026,Closed Lost,0.0,2017-04-20,West,MG Advanced
HEDUIEUN,HEDUIEUN,A035,R026,Closed Won,62.0,2017-06-23,West,MG Special
D3OST43E,D3OST43E,A031,R030,Closed Won,996.0,2017-04-20,West,GTX Plus Basic
9537WTHG,9537WTHG,A058,R032,Closed Lost,0.0,2017-06-09,West,GTX Basic
6PMHI9G4,6PMHI9G4,A036,R032,Closed Won,543.0,2017-04-22,West,GTX Basic
H3ITKE4I,H3ITKE4I,A035,R031,Closed Lost,0.0,2017-04-19,West,GTX Pro
4RPUMZ9M,4RPUMZ9M,A079,R031,Closed Lost,0.0,2017-04-21,West,GTX Pro
U9RFE81I,U9RFE81I,A076,R005,Closed Lost,0.0,2017-08-16,Central,MG Special
4T2XENE2,4T2XENE2,A062,R009,Closed Lost,0.0,2017-06-16,Central,GTX Plus Basic
LIFA0JYO,LIFA0JYO,A023,R003,Closed Lost,0.0,2017-05-26,Central,MG Special
JQ8V4I1K,JQ8V4I1K,A004,R003,Closed Won,56.0,2017-04-22,Central,MG Special
N5CCEEOY,N5CCEEOY,A042,R024,Closed Lost,0.0,2017-04-20,West,GTX Plus Pro
C0SNGBJU,C0SNGBJU,A006,R024,Closed Lost,0.0,2017-04-23,West,MG Advanced
VN6JB8HU,VN6JB8HU,A069,R012,Closed Won,1145.0,2017-06-10,East,GTX Plus Basic
JK4IB77I,JK4IB77I,A063,R016,Closed Lost,0.0,2017-04-26,East,GTX Pro
XMEYATKB,XMEYATKB,A082,R019,Closed Lost,0.0,2017-04-19,East,GTX Plus Pro
IUDDK8Q0,IUDDK8Q0,A007,R019,Closed Lost,0.0,2017-04-22,East,GTX Pro
YQXAY03C,YQXAY03C,A074,R019,Closed Lost,0.0,2017-04-19,East,MG Advanced
QKQ5N9Z1,QKQ5N9Z1,A048,R013,Closed Won,1033.0,2017-04-23,East,GTX Plus Basic
RZRRMWTH,RZRRMWTH,A071,R018,Closed Lost,0.0,2017-04-20,East,MG Advanced
JS9SCCJ3,JS9SCCJ3,A030,R010,Closed Lost,0.0,2017-04-15,Central,GTX Plus Basic
WOBZWEPI,WOBZWEPI,A073,R010,Closed Lost,0.0,2017-04-16,Central,GTX Pro
HBIQF55L,HBIQF55L,A009,R010,Closed Won,4359.0,2017-08-14,Central,GTX Pro
V5XB0UPL,V5XB0UPL,A076,R010,Closed Won,4575.0,2017-06-02,Central,GTX Pro
QW9JMUTD,QW9JMUTD,A023,R010,Closed Won,53.0,2017-04-22,Central,MG Special
7ODLTF4W,7ODLTF4W,A041,R028,Closed Won,597.0,2017-04-16,West,GTX Basic
RUCPPMPY,RUCPPMPY,A083,R028,Closed Won,3179.0,2017-06-16,West,MG Advanced
SJHD5TFA,SJHD5TFA,A029,R008,Closed Lost,0.0,2017-06-16,Central,GTX Basic
2B0QVPBT,2B0QVPBT,A066,R008,Closed Won,57.0,2017-04-15,Central,MG Special
YIZ1VQ3U,YIZ1VQ3U,A036,R026,Closed Lost,0.0,2017-04-15,West,MG Advanced
FMNSL9TP,FMNSL9TP,A061,R026,Closed Won,2997.0,2017-04-24,West,MG Advanced
8ZU8D508,8ZU8D508,A022,R030,Closed Won,545.0,2017-05-29,West,GTX Basic
NVDVFYGE,NVDVFYGE,A085,R006,Closed Won,565.0,2017-04-25,Central,GTX Basic
QQH0YV1W,QQH0YV1W,A073,R006,Closed Won,54.0,2017-04-24,Central,MG Special
IUNX2OMX,IUNX2OMX,A041,R032,Closed Lost,0.0,2017-04-15,West,GTX Basic
6WODV6KD,6WODV6KD,A070,R032,Closed Won,4991.0,2017-04-21,West,GTX Pro
RTZFPWVN,RTZFPWVN,A036,R034,Closed Lost,0.0,2017-04-19,West,GTX Plus Pro
VYDCTUAU,VYDCTUAU,A006,R034,Closed Lost,0.0,2017-04-16,West,MG Advanced
KYFONJP5,KYFONJP5,A063,R014,Closed Won,5546.0,2017-06-16,East,GTX Pro
ANXSK3QV,ANXSK3QV,A036,R024,Closed Won,59.0,2017-04-20,West,MG Special
7I6OHUE4,7I6OHUE4,A067,R001,Closed Lost,0.0,2017-04-23,Central,GTX Plus Basic
AY9NWO78,AY9NWO78,A067,R001,Closed Lost,0.0,2017-04-20,Central,MG Special
BEP06EN5,BEP06EN5,A067,R001,Closed Won,5082.0,2017-04-16,Central,GTX Plus Pro
8H95X3AP,8H95X3AP,A040,R022,Closed Won,5293.0,2017-04-24,East,GTX Plus Pro
P7LVKDC9,P7LVKDC9,A036,R002,Closed Won,1163.0,2017-06-27,Central,GTX Plus Basic
QRVHBQSF,QRVHBQSF,A026,R020,Closed Won,49.0,2017-04-16,East,MG Special
8KH8XJRE,8KH8XJRE,A018,R015,Closed Won,53.0,2017-05-01,East,MG Special
YZ4AIQQR,YZ4AIQQR,A003,R008,Closed Lost,0.0,2017-04-16,Central,MG Advanced
R8CW1D6X,R8CW1D6X,A030,R008,Closed Lost,0.0,2017-06-12,Central,MG Advanced
68KYNPDQ,68KYNPDQ,A047,R026,Closed Lost,0.0,2017-04-24,West,GTX Plus Basic
9B0HGLRU,9B0HGLRU,A021,R032,Closed Lost,0.0,2017-04-21,West,GTX Basic
TN59K8NP,TN59K8NP,A070,R031,Closed Lost,0.0,2017-08-07,West,GTX Basic
3OBMD08T,3OBMD08T,A011,R005,Closed Lost,0.0,2017-04-17,Central,MG Advanced
5FWBETTO,5FWBETTO,A023,R003,Closed Won,3641.0,2017-05-19,Central,MG Advanced
UDTQF84C,UDTQF84C,A012,R012,Closed Lost,0.0,2017-04-17,East,GTX Basic
35IRGXY3,35IRGXY3,A012,R033,Closed Won,501.0,2017-05-23,West,GTX Basic
YHRVQVPV,YHRVQVPV,A044,R033,Closed Won,4687.0,2017-04-20,West,GTX Plus Pro
0PGJNCD7,0PGJNCD7,A015,R001,Closed Won,626.0,2017-06-23,Central,GTX Basic
7X7YIWJO,7X7YIWJO,A023,R001,Closed Won,489.0,2017-08-03,Central,GTX Basic
2IO3IJPO,2IO3IJPO,A082,R019,Closed Won,4852.0,2017-04-27,East,GTX Pro
WCSJBX3N,WCSJBX3N,A076,R002,Closed Lost,0.0,2017-06-28,Central,MG Advanced
FCNYDFK3,FCNYDFK3,A008,R018,Closed Won,1192.0,2017-06-06,East,GTX Plus Basic
3Y26MZHI,3Y26MZHI,A018,R018,Closed Won,5104.0,2017-04-17,East,GTX Pro
P0BMLVSL,P0BMLVSL,A011,R010,Closed Won,5820.0,2017-08-09,Central,GTX Pro
QK5BW61U,QK5BW61U,A001,R020,Closed Won,3012.0,2017-08-05,East,MG Advanced
J3SZACNW,J3SZACNW,A069,R015,Closed Lost,0.0,2017-04-22,East,GTX Plus Pro
5SNTPPOV,5SNTPPOV,A049,R015,Closed Lost,0.0,2017-04-18,East,GTX Pro
D7F2AWWW,D7F2AWWW,A044,R015,Closed Won,3930.0,2017-04-23,East,GTX Pro
FUL5V96O,FUL5V96O,A016,R008,Closed Won,1055.0,2017-04-22,Central,GTX Plus Basic
BWIWI1PC,BWIWI1PC,A006,R026,Closed Lost,0.0,2017-04-22,West,MG Advanced
GYBIACTC,GYBIACTC,A062,R006,Closed Won,538.0,2017-04-24,Central,GTX Basic
VD6BP6T2,VD6BP6T2,A016,R006,Closed Won,68.0,2017-04-23,Central,MG Special
QA9XE19H,QA9XE19H,A051,R031,Closed Lost,0.0,2017-04-23,West,MG Advanced
8ZYPSX66,8ZYPSX66,A051,R034,Closed Won,572.0,2017-04-28,West,GTX Basic
0AN86YDG,0AN86YDG,A034,R034,Closed Won,1234.0,2017-04-24,West,GTX Plus Basic
VKXZ36VE,VKXZ36VE,A059,R005,Closed Lost,0.0,2017-04-18,Central,GTX Basic
OJYFSZ2O,OJYFSZ2O,A039,R003,Closed Lost,0.0,2017-04-17,Central,MG Special
YGL1F8K1,YGL1F8K1,A055,R024,Closed Won,56.0,2017-05-04,West,MG Special
C1WGTTYF,C1WGTTYF,A081,R012,Closed Lost,0.0,2017-05-03,East,MG Special
1OZWGQK9,1OZWGQK9,A017,R033,Closed Lost,0.0,2017-04-25,West,MG Special
EXICVP8C,EXICVP8C,A076,R001,Closed Won,52.0,2017-04-26,Central,MG Special
DLXFY70W,DLXFY70W,A011,R001,Closed Won,3668.0,2017-04-24,Central,MG Advanced
GO7UM9AV,GO7UM9AV,A056,R022,Closed Lost,0.0,2017-04-19,East,GTX Basic
F5ITRBMX,F5ITRBMX,A084,R022,Closed Won,3138.0,2017-08-04,East,MG Advanced
8KFFRJSS,8KFFRJSS,A013,R002,Closed Lost,0.0,2017-04-19,Central,MG Special
38VRB2P1,38VRB2P1,A052,R013,Closed Lost,0.0,2017-04-18,East,GTX Basic
9CGD5QSZ,9CGD5QSZ,A082,R013,Closed Lost,0.0,2017-04-21,East,GTX Basic
UPZRAO84,UPZRAO84,A040,R013,Closed Won,5032.0,2017-06-01,East,GTX Pro
BPCWRG9P,BPCWRG9P,A056,R018,Closed Won,1310.0,2017-04-20,East,GTX Plus Basic
JE5085VJ,JE5085VJ,A049,R018,Closed Won,5076.0,2017-06-27,East,GTX Plus Pro
P5MLWDXX,P5MLWDXX,A075,R018,Closed Won,3641.0,2017-06-19,East,MG Advanced
IJ7AUTVC,IJ7AUTVC,A013,R010,Closed Lost,0.0,2017-04-18,Central,GTX Pro
84T104O7,84T104O7,A076,R010,Closed Won,1170.0,2017-04-25,Central,GTX Plus Basic
0GXXCA37,0GXXCA37,A016,R010,Closed Won,4226.0,2017-05-01,Central,GTX Pro
9PCWAYWC,9PCWAYWC,A033,R028,Closed Lost,0.0,2017-04-18,West,MG Advanced
OJ0C7S3T,OJ0C7S3T,A028,R008,Closed Won,4784.0,2017-04-24,Central,GTX Pro
3VMC6PGJ,3VMC6PGJ,A022,R026,Closed Lost,0.0,2017-04-25,West,GTX Plus Basic
E2MWXGNG,E2MWXGNG,A006,R026,Closed Lost,0.0,2017-04-19,West,MG Advanced
QZ2E9TSL,QZ2E9TSL,A031,R030,Closed Lost,0.0,2017-08-12,West,MG Advanced
L3AYCTGW,L3AYCTGW,A032,R030,Closed Won,5451.0,2017-04-24,West,GTX Pro
IZ02GW0R,IZ02GW0R,A022,R032,Closed Won,527.0,2017-04-19,West,GTX Basic
5AI9WG6M,5AI9WG6M,A079,R031,Closed Lost,0.0,2017-04-25,West,GTX Plus Pro
Q1DFFYB5,Q1DFFYB5,A079,R031,Closed Lost,0.0,2017-04-19,West,GTX Plus Pro
XWZG5VPL,XWZG5VPL,A061,R031,Closed Lost,0.0,2017-04-18,West,GTX Pro
30FHAEJZ,30FHAEJZ,A021,R031,Closed Won,5408.0,2017-04-19,West,GTX Plus Pro
AZOXWEKL,AZOXWEKL,A013,R004,Closed Lost,0.0,2017-05-02,Central,GTX Plus Basic
2NKZR4IM,2NKZR4IM,A039,R004,Closed Lost,0.0,2017-04-24,Central,GTX Plus Pro
3PPB3Q04,3PPB3Q04,A045,R004,Closed Won,48.0,2017-06-23,Central,MG Special
610UUEAG,610UUEAG,A054,R027,Closed Won,527.0,2017-04-24,West,GTX Basic
FIYSM4E1,FIYSM4E1,A015,R007,Closed Won,1160.0,2017-04-23,Central,GTX Plus Basic
BCUR8B2A,BCUR8B2A,A038,R009,Closed Won,491.0,2017-06-06,Central,GTX Basic
8PGDRAH2,8PGDRAH2,A074,R021,Closed Won,555.0,2017-04-19,East,GTX Basic
G1C9IG0T,G1C9IG0T,A047,R025,Closed Lost,0.0,2017-04-27,West,MG Special
G4B4Z525,G4B4Z525,A039,R003,Closed Won,62.0,2017-04-23,Central,MG Special
J9SE3QJD,J9SE3QJD,A026,R012,Closed Lost,0.0,2017-04-26,East,MG Special
JORFI81C,JORFI81C,A044,R012,Closed Won,56.0,2017-04-25,East,MG Special
GET2JILL,GET2JILL,A071,R016,Closed Won,3490.0,2017-04-23,East,MG Advanced
E3HJPDFZ,E3HJPDFZ,A079,R033,Closed Lost,0.0,2017-06-24,West,GTX Pro
Q22714T0,Q22714T0,A003,R001,Closed Lost,0.0,2017-04-24,Central,MG Special
FCGE8U5M,FCGE8U5M,A003,R001,Closed Won,51.0,2017-04-25,Central,MG Special
ROQBT7TM,ROQBT7TM,A012,R001,Closed Won,54.0,2017-06-20,Central,MG Special
WLFLY0BD,WLFLY0BD,A013,R001,Closed Won,56.0,2017-04-27,Central,MG Special
8S649LDO,8S649LDO,A042,R022,Closed Lost,0.0,2017-05-27,East,GTX Pro
JR7SC0S2,JR7SC0S2,A027,R019,Closed Won,3808.0,2017-08-04,East,MG Advanced
MFGCEDXE,MFGCEDXE,A080,R013,Closed Lost,0.0,2017-05-04,East,GTX Plus Pro
Y9Y4TXD9,Y9Y4TXD9,A044,R013,Closed Won,3041.0,2017-05-03,East,MG Advanced
ZKOGIB6R,ZKOGIB6R,A078,R020,Closed Lost,0.0,2017-04-25,East,GTX Basic
Z353E8FR,Z353E8FR,A012,R015,Closed Lost,0.0,2017-04-30,East,MG Advanced
IKJSXBY0,IKJSXBY0,A039,R008,Closed Lost,0.0,2017-05-04,Central,GTX Pro
5SYJS0HS,5SYJS0HS,A032,R026,Closed Lost,0.0,2017-04-23,West,GTX Plus Pro
UXOQQR39,UXOQQR39,A031,R030,Closed Lost,0.0,2017-04-20,West,GTX Plus Basic
J5DF2ZO1,J5DF2ZO1,A042,R030,Closed Won,44.0,2017-04-29,West,MG Special
HGF361RQ,HGF361RQ,A077,R032,Closed Lost,0.0,2017-04-24,West,GTX Plus Pro
9B8SPYAF,9B8SPYAF,A017,R032,Closed Won,552.0,2017-04-24,West,GTX Basic
VTLI5HIE,VTLI5HIE,A051,R031,Closed Won,474.0,2017-04-26,West,GTX Basic
N60UJ28O,N60UJ28O,A077,R031,Closed Won,1158.0,2017-04-22,West,GTX Plus Basic
R102IPTH,R102IPTH,A022,R031,Closed Won,5839.0,2017-04-19,West,GTX Plus Pro
C9O4E52T,C9O4E52T,A064,R031,Closed Won,4554.0,2017-08-06,West,GTX Pro
CJP7LWRK,CJP7LWRK,A077,R031,Closed Won,5078.0,2017-04-24,West,GTX Pro
NHE1CETW,NHE1CETW,A028,R004,Closed Lost,0.0,2017-04-26,Central,GTX Plus Basic
1O1GVZEU,1O1GVZEU,A010,R027,Closed Won,561.0,2017-06-04,West,GTX Basic
2OQB2KPY,2OQB2KPY,A024,R034,Closed Lost,0.0,2017-04-22,West,GTX Plus Basic
KK4VW0ZM,KK4VW0ZM,A059,R009,Closed Lost,0.0,2017-05-22,Central,MG Advanced
JHLG51ZI,JHLG51ZI,A038,R009,Closed Won,3392.0,2017-04-19,Central,MG Advanced
TS4CB9TH,TS4CB9TH,A021,R024,Closed Won,5040.0,2017-04-20,West,GTX Pro
BH40KWV5,BH40KWV5,A032,R033,Closed Lost,0.0,2017-04-24,West,GTX Pro
MMVHAEI3,MMVHAEI3,A058,R033,Closed Lost,0.0,2017-04-25,West,MG Advanced
PGRIPWHY,PGRIPWHY,A065,R033,Closed Won,5853.0,2017-04-25,West,GTX Plus Pro
0VXUZU7P,0VXUZU7P,A062,R001,Closed Won,49.0,2017-04-25,Central,MG Special
7B21SGQ8,7B21SGQ8,A027,R022,Closed Won,1080.0,2017-04-29,East,GTX Plus Basic
I6TVFB6J,I6TVFB6J,A028,R002,Closed Lost,0.0,2017-04-28,Central,GTX Basic
PHAFVDFO,PHAFVDFO,A045,R002,Closed Won,55.0,2017-04-20,Central,MG Special
I6O855AE,I6O855AE,A001,R018,Closed Won,1282.0,2017-05-22,East,GTX Plus Basic
OUIK8VX3,OUIK8VX3,A047,R028,Closed Won,23746.0,2017-04-20,West,GTK 500
RYO875D0,RYO875D0,A048,R015,Closed Lost,0.0,2017-04-28,East,GTX Basic
O5S6WEM7,O5S6WEM7,A017,R030,Closed Lost,0.0,2017-05-01,West,GTX Basic
DJ2FHO68,DJ2FHO68,A031,R032,Closed Lost,0.0,2017-08-16,West,GTX Basic
5LHNRZD3,5LHNRZD3,A068,R004,Closed Lost,0.0,2017-04-21,Central,MG Advanced
URIKPDOJ,URIKPDOJ,A010,R034,Closed Lost,0.0,2017-04-27,West,GTX Plus Basic
U1J4YN0I,U1J4YN0I,A009,R009,Closed Lost,0.0,2017-04-21,Central,GTX Basic
QBUJF4I7,QBUJF4I7,A053,R021,Closed Lost,0.0,2017-04-20,East,MG Special
99QIJAAP,99QIJAAP,A053,R021,Closed Won,61.0,2017-04-27,East,MG Special
K127AFNP,K127AFNP,A041,R025,Closed Lost,0.0,2017-04-30,West,MG Special
4K7PRO1B,4K7PRO1B,A032,R025,Closed Won,600.0,2017-04-28,West,GTX Basic
AYB7DWUH,AYB7DWUH,A053,R014,Closed Won,5805.0,2017-04-20,East,GTX Plus Pro
6CKXLPAR,6CKXLPAR,A036,R003,Closed Won,58.0,2017-06-27,Central,MG Special
FQ2F717F,FQ2F717F,A062,R003,Closed Won,52.0,2017-08-03,Central,MG Special
2SBP68CP,2SBP68CP,A027,R012,Closed Lost,0.0,2017-04-21,East,MG Special
LPGOTIM2,LPGOTIM2,A063,R022,Closed Won,55.0,2017-06-16,East,MG Special
LW8485Y2,LW8485Y2,A001,R019,Closed Won,1161.0,2017-08-10,East,GTX Plus Basic
UKLAKXP2,UKLAKXP2,A056,R019,Closed Won,5091.0,2017-04-25,East,GTX Pro
4LLWRSBJ,4LLWRSBJ,A018,R019,Closed Won,59.0,2017-04-22,East,MG Special
YYJILFBU,YYJILFBU,A056,R013,Closed Lost,0.0,2017-05-01,East,GTX Plus Pro
AWVSWBQV,AWVSWBQV,A052,R018,Closed Lost,0.0,2017-04-22,East,GTX Basic
VORZHQ40,VORZHQ40,A030,R010,Closed Lost,0.0,2017-04-30,Central,GTX Pro
5QD09R7U,5QD09R7U,A060,R010,Closed Won,549.0,2017-04-28,Central,GTX Basic
ETISD84I,ETISD84I,A081,R020,Closed Lost,0.0,2017-04-24,East,GTX Plus Basic
K0T5LJ3E,K0T5LJ3E,A054,R028,Closed Won,24949.0,2017-06-28,West,GTK 500
D5YLWCFW,D5YLWCFW,A028,R008,Closed Lost,0.0,2017-05-02,Central,GTX Plus Basic
ZALE38AC,ZALE38AC,A051,R030,Closed Lost,0.0,2017-05-09,West,GTX Pro
T7MVQ9SX,T7MVQ9SX,A021,R030,Closed Won,4985.0,2017-05-02,West,GTX Plus Pro
GTEFJL6U,GTEFJL6U,A072,R006,Closed Lost,0.0,2017-04-22,Central,GTX Basic
D7MYDHMF,D7MYDHMF,A013,R006,Closed Won,657.0,2017-04-29,Central,GTX Basic
XAE858UJ,XAE858UJ,A068,R006,Closed Won,628.0,2017-06-30,Central,GTX Basic
WTCU9X9M,WTCU9X9M,A013,R006,Closed Won,1183.0,2017-06-15,Central,GTX Plus Basic
0IF5FH68,0IF5FH68,A016,R006,Closed Won,5203.0,2017-08-03,Central,GTX Plus Pro
QUGPSHY8,QUGPSHY8,A030,R006,Closed Won,56.0,2017-04-27,Central,MG Special
QNFO4GX8,QNFO4GX8,A006,R032,Closed Won,502.0,2017-04-28,West,GTX Basic
H1NFMTJ4,H1NFMTJ4,A077,R031,Closed Won,527.0,2017-06-25,West,GTX Basic
AUJ21SKT,AUJ21SKT,A077,R027,Closed Lost,0.0,2017-04-21,West,MG Special
XIXNILOP,XIXNILOP,A023,R007,Closed Won,64.0,2017-04-28,Central,MG Special
M645P7NW,M645P7NW,A061,R034,Closed Won,579.0,2017-04-27,West,GTX Basic
UPAGB68Z,UPAGB68Z,A047,R034,Closed Won,5958.0,2017-04-30,West,GTX Plus Pro
7TCCYDR3,7TCCYDR3,A061,R034,Closed Won,4543.0,2017-05-27,West,GTX Pro
H5662N5X,H5662N5X,A038,R005,Closed Lost,0.0,2017-04-22,Central,GTX Basic
07BT6PBZ,07BT6PBZ,A073,R005,Closed Won,58.0,2017-05-02,Central,MG Special
N7FJ13VQ,N7FJ13VQ,A056,R021,Closed Lost,0.0,2017-04-21,East,GTX Plus Basic
9UYDTR0R,9UYDTR0R,A075,R021,Closed Lost,0.0,2017-04-27,East,GTX Plus Pro
JOLRMB6X,JOLRMB6X,A002,R014,Closed Won,1036.0,2017-06-24,East,GTX Plus Basic
K8DHOJWM,K8DHOJWM,A028,R003,Closed Won,4878.0,2017-04-27,Central,GTX Plus Pro
NKBIYNK5,NKBIYNK5,A022,R024,Closed Lost,0.0,2017-04-28,West,GTX Basic
8MXI6J6N,8MXI6J6N,A068,R001,Closed Lost,0.0,2017-05-05,Central,GTX Plus Basic
HRLYABOS,HRLYABOS,A008,R019,Closed Won,1033.0,2017-08-21,East,GTX Plus Basic
BTLXFPUB,BTLXFPUB,A081,R018,Closed Won,5343.0,2017-06-12,East,GTX Plus Pro
W7GVZL28,W7GVZL28,A013,R010,Closed Lost,0.0,2017-04-30,Central,GTX Plus Basic
HK1JJKQL,HK1JJKQL,A066,R010,Closed Lost,0.0,2017-04-27,Central,GTX Pro
D5TGHX3Y,D5TGHX3Y,A066,R010,Closed Lost,0.0,2017-08-10,Central,GTX Pro
HBXLK0B6,HBXLK0B6,A023,R010,Closed Won,3269.0,2017-04-26,Central,MG Advanced
PZ6TGFY6,PZ6TGFY6,A063,R020,Closed Lost,0.0,2017-05-07,East,GTX Basic
ETADSAC3,ETADSAC3,A001,R020,Closed Won,4605.0,2017-04-27,East,GTX Pro
8W206MO5,8W206MO5,A049,R015,Closed Won,4908.0,2017-06-12,East,GTX Plus Pro
Z9SY11HK,Z9SY11HK,A046,R026,Closed Won,3303.0,2017-04-30,West,MG Advanced
6YIW81M9,6YIW81M9,A015,R006,Closed Lost,0.0,2017-04-22,Central,MG Advanced
0XI051FP,0XI051FP,A059,R006,Closed Lost,0.0,2017-05-02,Central,MG Advanced
TBPGQYF8,TBPGQYF8,A068,R006,Closed Won,55.0,2017-04-22,Central,MG Special
7CC38V2J,7CC38V2J,A047,R032,Closed Won,531.0,2017-06-29,West,GTX Basic
PC2V729V,PC2V729V,A051,R032,Closed Won,557.0,2017-05-04,West,GTX Basic
7AOZ2F9R,7AOZ2F9R,A036,R004,Closed Won,489.0,2017-06-12,Central,GTX Basic
7I7BZHHT,7I7BZHHT,A062,R007,Closed Lost,0.0,2017-05-29,Central,MG Advanced
79DYTU8Y,79DYTU8Y,A068,R005,Closed Won,60.0,2017-05-06,Central,MG Special
V4HYSJS2,V4HYSJS2,A002,R021,Closed Won,2887.0,2017-06-04,East,MG Advanced
1L6M83Q5,1L6M83Q5,A020,R021,Closed Won,3214.0,2017-05-02,East,MG Advanced
POFA8BWL,POFA8BWL,A001,R014,Closed Won,3850.0,2017-04-23,East,MG Advanced
AKXBF6IQ,AKXBF6IQ,A030,R003,Closed Won,54.0,2017-06-09,Central,MG Special
VD94D677,VD94D677,A034,R024,Closed Lost,0.0,2017-04-29,West,MG Special
EBUJQ571,EBUJQ571,A054,R024,Closed Won,5040.0,2017-08-12,West,GTX Pro
Z2M1XXEK,Z2M1XXEK,A040,R016,Closed Won,6263.0,2017-04-22,East,GTX Plus Pro
RBOI8DLQ,RBOI8DLQ,A061,R033,Closed Lost,0.0,2017-05-02,West,GTX Pro
OI6UHCTN,OI6UHCTN,A006,R033,Closed Won,570.0,2017-04-23,West,GTX Basic
LTOKXFP1,LTOKXFP1,A014,R033,Closed Won,4633.0,2017-04-29,West,GTX Pro
JV6PZSN6,JV6PZSN6,A018,R022,Closed Lost,0.0,2017-04-29,East,GTX Plus Pro
9EGAFG1B,9EGAFG1B,A043,R019,Closed Lost,0.0,2017-05-08,East,GTX Pro
VPSJHIAA,VPSJHIAA,A071,R019,Closed Won,4891.0,2017-04-28,East,GTX Pro
MJF4D19K,MJF4D19K,A068,R010,Closed Won,5858.0,2017-04-29,Central,GTX Plus Pro
JR4WED6G,JR4WED6G,A060,R010,Closed Won,4939.0,2017-05-24,Central,GTX Pro
GC4YH9D0,GC4YH9D0,A038,R006,Closed Won,570.0,2017-08-12,Central,GTX Basic
2ZUL1AAV,2ZUL1AAV,A021,R031,Closed Lost,0.0,2017-04-29,West,MG Advanced
8CUN8O4Z,8CUN8O4Z,A079,R031,Closed Won,500.0,2017-04-30,West,GTX Basic
AMX2BM39,AMX2BM39,A042,R031,Closed Won,3546.0,2017-04-23,West,MG Advanced
FK3NS3EW,FK3NS3EW,A014,R027,Closed Won,525.0,2017-04-30,West,GTX Basic
3AB31BUU,3AB31BUU,A013,R005,Closed Won,1024.0,2017-04-27,Central,GTX Plus Basic
ZQ7TYNUV,ZQ7TYNUV,A068,R009,Closed Won,6384.0,2017-04-30,Central,GTX Plus Pro
2PCPSBP9,2PCPSBP9,A001,R021,Closed Lost,0.0,2017-05-08,East,GTX Basic
E223LSRZ,E223LSRZ,A020,R021,Closed Won,587.0,2017-06-24,East,GTX Basic
SW75F1Q1,SW75F1Q1,A046,R025,Closed Won,55.0,2017-04-28,West,MG Special
0Z6MNUF2,0Z6MNUF2,A079,R025,Closed Won,3242.0,2017-04-30,West,MG Advanced
HWD8ELR9,HWD8ELR9,A085,R003,Closed Won,5558.0,2017-05-26,Central,GTX Plus Pro
XJI41C0L,XJI41C0L,A064,R024,Closed Won,4869.0,2017-04-28,West,GTX Pro
9FWCMMM3,9FWCMMM3,A036,R024,Closed Won,3661.0,2017-04-29,West,MG Advanced
XPDLW6F0,XPDLW6F0,A042,R033,Closed Won,5456.0,2017-04-29,West,GTX Pro
NCL2AJUL,NCL2AJUL,A029,R001,Closed Lost,0.0,2017-08-26,Central,MG Special
1E2LYCWP,1E2LYCWP,A056,R022,Closed Lost,0.0,2017-04-24,East,GTX Pro
NZPZ87IX,NZPZ87IX,A026,R019,Closed Lost,0.0,2017-04-30,East,GTX Basic
SDJDM8RI,SDJDM8RI,A074,R019,Closed Lost,0.0,2017-08-20,East,MG Advanced
O64JQPJ2,O64JQPJ2,A049,R013,Closed Lost,0.0,2017-04-30,East,GTX Pro
I18DIO6O,I18DIO6O,A084,R013,Closed Won,5780.0,2017-04-24,East,GTX Plus Pro
8W464DG6,8W464DG6,A082,R013,Closed Won,5787.0,2017-04-30,East,GTX Pro
FI5OA7O6,FI5OA7O6,A005,R018,Closed Won,5149.0,2017-04-25,East,GTX Pro
AT6SDVJ5,AT6SDVJ5,A026,R020,Closed Lost,0.0,2017-08-26,East,GTX Plus Basic
YDBPPU6J,YDBPPU6J,A002,R020,Closed Won,5100.0,2017-06-03,East,GTX Pro
L6PCVRJS,L6PCVRJS,A075,R020,Closed Won,4810.0,2017-04-30,East,GTX Pro
UO6R0X7G,UO6R0X7G,A032,R028,Closed Lost,0.0,2017-05-04,West,MG Special
PC38XXQN,PC38XXQN,A006,R028,Closed Lost,0.0,2017-08-01,West,MG Advanced
7EBT21IA,7EBT21IA,A003,R008,Closed Won,560.0,2017-04-24,Central,GTX Basic
M7W3E298,M7W3E298,A038,R008,Closed Won,4916.0,2017-05-02,Central,GTX Pro
MCRDLBIE,MCRDLBIE,A051,R030,Closed Won,45.0,2017-06-11,West,MG Special
JW4K9O5H,JW4K9O5H,A044,R032,Closed Lost,0.0,2017-04-25,West,GTX Plus Basic
FX54MQFC,FX54MQFC,A031,R032,Closed Won,592.0,2017-04-24,West,GTX Basic
A2C5O4EN,A2C5O4EN,A017,R031,Closed Won,529.0,2017-04-29,West,GTX Basic
79G6725X,79G6725X,A041,R031,Closed Won,5415.0,2017-04-26,West,GTX Pro
GM6C1UK3,GM6C1UK3,A068,R004,Closed Lost,0.0,2017-05-02,Central,GTX Plus Pro
6VET70WX,6VET70WX,A004,R004,Closed Won,518.0,2017-06-15,Central,GTX Basic
UQO59R6N,UQO59R6N,A076,R004,Closed Won,52.0,2017-08-11,Central,MG Special
HEOTZFII,HEOTZFII,A046,R027,Closed Lost,0.0,2017-04-24,West,MG Special
8V4PEF5D,8V4PEF5D,A025,R005,Closed Won,51.0,2017-06-25,Central,MG Special
7RJMI3GC,7RJMI3GC,A028,R009,Closed Won,554.0,2017-04-24,Central,GTX Basic
2ZEFCKS3,2ZEFCKS3,A060,R009,Closed Won,4835.0,2017-09-01,Central,GTX Pro
3EGE42CM,3EGE42CM,A052,R021,Closed Lost,0.0,2017-04-24,East,MG Advanced
APWT2PFU,APWT2PFU,A006,R025,Closed Won,59.0,2017-04-30,West,MG Special
SUT0ZGFM,SUT0ZGFM,A037,R014,Closed Lost,0.0,2017-05-06,East,MG Advanced
PTCP8RP4,PTCP8RP4,A085,R003,Closed Lost,0.0,2017-05-05,Central,MG Special
QRFKRSKS,QRFKRSKS,A019,R003,Closed Lost,0.0,2017-08-06,Central,MG Advanced
J82TWNI7,J82TWNI7,A054,R024,Closed Lost,0.0,2017-08-13,West,GTX Pro
DSIX9DGZ,DSIX9DGZ,A051,R024,Closed Lost,0.0,2017-04-30,West,MG Special
64WCPKZ1,64WCPKZ1,A078,R012,Closed Won,5813.0,2017-05-08,East,GTX Plus Pro
D3G7ER0D,D3G7ER0D,A053,R016,Closed Won,5414.0,2017-05-01,East,GTX Pro
LITG1BL1,LITG1BL1,A077,R033,Closed Lost,0.0,2017-04-28,West,GTX Plus Pro
7FKONHLX,7FKONHLX,A059,R001,Closed Won,62.0,2017-04-25,Central,MG Special
S439SXI1,S439SXI1,A056,R013,Closed Won,4505.0,2017-08-04,East,GTX Pro
SG1T9M5F,SG1T9M5F,A039,R010,Closed Lost,0.0,2017-04-30,Central,GTX Pro
SLP4PTFK,SLP4PTFK,A045,R010,Closed Won,1020.0,2017-05-06,Central,GTX Plus Basic
X3S5O9LJ,X3S5O9LJ,A016,R010,Closed Won,5029.0,2017-04-29,Central,GTX Plus Pro
ZA6AJ0N1,ZA6AJ0N1,A062,R010,Closed Won,5191.0,2017-08-15,Central,GTX Pro
QGBMWIO6,QGBMWIO6,A084,R015,Closed Lost,0.0,2017-05-06,East,GTX Basic
T361XRAQ,T361XRAQ,A019,R008,Closed Lost,0.0,2017-05-03,Central,GTX Pro
GWRN1R49,GWRN1R49,A061,R030,Closed Won,3042.0,2017-05-05,West,MG Advanced
Q0KYIEKA,Q0KYIEKA,A029,R006,Closed Won,580.0,2017-04-26,Central,GTX Basic
2K7R3QHZ,2K7R3QHZ,A050,R031,Closed Won,616.0,2017-09-03,West,GTX Basic
WUWOHRX2,WUWOHRX2,A041,R027,Closed Won,788.0,2017-04-29,West,GTX Plus Basic
2OPR77CI,2OPR77CI,A042,R034,Closed Lost,0.0,2017-04-26,West,GTX Basic
EO481IOJ,EO481IOJ,A075,R021,Closed Won,4980.0,2017-04-25,East,GTX Pro
1VIKWVHD,1VIKWVHD,A033,R024,Closed Lost,0.0,2017-08-10,West,GTX Basic
UOXKC4UG,UOXKC4UG,A005,R012,Closed Won,2981.0,2017-08-04,East,MG Advanced
RDF2R9F8,RDF2R9F8,A024,R033,Closed Lost,0.0,2017-04-30,West,GTX Basic
196BHHOS,196BHHOS,A033,R033,Closed Lost,0.0,2017-04-27,West,GTX Plus Pro
EYZ1MNSS,EYZ1MNSS,A082,R022,Closed Won,560.0,2017-04-27,East,GTX Basic
KFVI73X6,KFVI73X6,A018,R019,Closed Won,3844.0,2017-05-10,East,MG Advanced
88R4UBAN,88R4UBAN,A007,R013,Closed Won,562.0,2017-05-06,East,GTX Basic
08EX3XKE,08EX3XKE,A071,R018,Closed Won,51.0,2017-05-01,East,MG Special
4DK84UMX,4DK84UMX,A023,R010,Closed Won,984.0,2017-06-20,Central,GTX Plus Basic
735GFCU0,735GFCU0,A030,R010,Closed Won,4923.0,2017-06-07,Central,GTX Pro
2L8LJJRJ,2L8LJJRJ,A022,R030,Closed Lost,0.0,2017-08-03,West,GTX Basic
2EO70V27,2EO70V27,A070,R031,Closed Lost,0.0,2017-04-27,West,GTX Pro
7KU6B599,7KU6B599,A036,R004,Closed Lost,0.0,2017-08-16,Central,GTX Basic
PNBSQPBR,PNBSQPBR,A045,R007,Closed Lost,0.0,2017-05-02,Central,MG Advanced
S87Y1DOY,S87Y1DOY,A079,R034,Closed Won,1113.0,2017-04-26,West,GTX Plus Basic
EUE812O3,EUE812O3,A073,R009,Closed Won,6039.0,2017-05-11,Central,GTX Plus Pro
OBE9NAIO,OBE9NAIO,A048,R021,Closed Won,538.0,2017-06-04,East,GTX Basic
7CTCDP9S,7CTCDP9S,A029,R003,Closed Lost,0.0,2017-04-27,Central,MG Advanced
XE84LNAS,XE84LNAS,A034,R024,Closed Won,4364.0,2017-05-22,West,GTX Pro
QRW4NKCY,QRW4NKCY,A046,R033,Closed Lost,0.0,2017-08-07,West,GTX Basic
RD0L0NJG,RD0L0NJG,A058,R033,Closed Won,464.0,2017-04-27,West,GTX Basic
PEPOKEFV,PEPOKEFV,A009,R001,Closed Lost,0.0,2017-08-01,Central,GTX Plus Basic
M16WB7N8,M16WB7N8,A076,R001,Closed Lost,0.0,2017-08-01,Central,GTX Plus Pro
JHVY8I1M,JHVY8I1M,A036,R001,Closed Won,1073.0,2017-06-30,Central,GTX Plus Basic
E59MLGMH,E59MLGMH,A074,R022,Closed Lost,0.0,2017-04-28,East,GTX Basic
VGIIK8MS,VGIIK8MS,A020,R022,Closed Lost,0.0,2017-05-01,East,GTX Plus Basic
BTM58SCH,BTM58SCH,A048,R019,Closed Lost,0.0,2017-08-09,East,GTX Pro
HVVED5ZC,HVVED5ZC,A020,R013,Closed Lost,0.0,2017-08-04,East,MG Special
HE5988NI,HE5988NI,A029,R010,Closed Lost,0.0,2017-08-09,Central,GTX Plus Basic
N5QER189,N5QER189,A060,R010,Closed Won,1055.0,2017-05-11,Central,GTX Plus Basic
AEMTQ0GH,AEMTQ0GH,A022,R028,Closed Won,43.0,2017-04-28,West,MG Special
3KSHTB4P,3KSHTB4P,A036,R030,Closed Lost,0.0,2017-05-04,West,GTX Basic
XPJQBSLV,XPJQBSLV,A031,R030,Closed Won,49.0,2017-04-28,West,MG Special
ZZI8GUEM,ZZI8GUEM,A050,R032,Closed Lost,0.0,2017-04-28,West,GTX Plus Basic
HBWY3B48,HBWY3B48,A079,R032,Closed Lost,0.0,2017-04-28,West,GTX Pro
ZBAMKTFX,ZBAMKTFX,A046,R031,Closed Won,4901.0,2017-08-08,West,GTX Pro
SICU0A7Z,SICU0A7Z,A066,R004,Closed Won,517.0,2017-04-27,Central,GTX Basic
H7GBGRSO,H7GBGRSO,A025,R007,Closed Won,1105.0,2017-06-13,Central,GTX Plus Basic
RLAGB32O,RLAGB32O,A050,R034,Closed Won,556.0,2017-05-10,West,GTX Basic
NYLCZ28K,NYLCZ28K,A073,R005,Closed Won,3025.0,2017-08-16,Central,MG Advanced
3LO8XJBY,3LO8XJBY,A012,R009,Closed Won,54.0,2017-06-05,Central,MG Special
YMMQA65I,YMMQA65I,A012,R025,Closed Won,53.0,2017-04-28,West,MG Special
I8A539VV,I8A539VV,A051,R024,Closed Won,4735.0,2017-04-27,West,GTX Pro
DJF1XMC4,DJF1XMC4,A044,R022,Closed Won,584.0,2017-04-29,East,GTX Basic
NCDZRUZD,NCDZRUZD,A074,R019,Closed Lost,0.0,2017-05-12,East,GTX Pro
UXNB9OIB,UXNB9OIB,A044,R018,Closed Won,5676.0,2017-04-28,East,GTX Pro
XWW6KUG0,XWW6KUG0,A045,R010,Closed Lost,0.0,2017-04-29,Central,GTX Basic
ZXUNLSOB,ZXUNLSOB,A062,R010,Closed Lost,0.0,2017-04-29,Central,GTX Pro
MZILPLUE,MZILPLUE,A023,R010,Closed Won,4727.0,2017-05-06,Central,GTX Pro
MUYUSTKF,MUYUSTKF,A027,R015,Closed Lost,0.0,2017-08-11,East,GTX Plus Pro
7QIU2BCK,7QIU2BCK,A015,R008,Closed Won,821.0,2017-08-01,Central,GTX Plus Basic
F749HRQ5,F749HRQ5,A031,R030,Closed Lost,0.0,2017-05-17,West,GTX Plus Basic
5ICV1IBY,5ICV1IBY,A019,R004,Closed Won,999.0,2017-08-07,Central,GTX Plus Basic
H1O491SG,H1O491SG,A015,R004,Closed Won,54.0,2017-08-05,Central,MG Special
ODIX25WY,ODIX25WY,A013,R007,Closed Lost,0.0,2017-08-06,Central,GTX Basic
IRBQH4FY,IRBQH4FY,A030,R009,Closed Won,3397.0,2017-05-10,Central,MG Advanced
ZKVVWZ8T,ZKVVWZ8T,A063,R014,Closed Won,574.0,2017-05-15,East,GTX Basic
ZTT02VDQ,ZTT02VDQ,A038,R003,Closed Lost,0.0,2017-05-09,Central,MG Special
SAGXC5PF,SAGXC5PF,A030,R003,Closed Won,59.0,2017-08-15,Central,MG Special
J5QLUH5O,J5QLUH5O,A073,R003,Closed Won,60.0,2017-04-29,Central,MG Special
GIIKA5B9,GIIKA5B9,A047,R024,Closed Lost,0.0,2017-04-29,West,GTX Basic
WX8KQPCM,WX8KQPCM,A083,R024,Closed Won,573.0,2017-05-15,West,GTX Basic
0CSJCW8I,0CSJCW8I,A024,R024,Closed Won,4406.0,2017-05-17,West,GTX Pro
0WRMY7IX,0WRMY7IX,A056,R012,Closed Won,1146.0,2017-04-28,East,GTX Plus Basic
N6185PK0,N6185PK0,A043,R016,Closed Won,525.0,2017-05-13,East,GTX Basic
FQ4QOS8U,FQ4QOS8U,A019,R001,Closed Lost,0.0,2017-04-29,Central,GTX Basic
XW9U35NQ,XW9U35NQ,A062,R001,Closed Lost,0.0,2017-09-06,Central,GTX Plus Basic
066V2ZGP,066V2ZGP,A057,R001,Closed Won,3334.0,2017-08-14,Central,MG Advanced
YUH42UOF,YUH42UOF,A037,R019,Closed Lost,0.0,2017-05-12,East,GTX Basic
XZF4GG94,XZF4GG94,A018,R018,Closed Lost,0.0,2017-04-30,East,GTX Plus Basic
QAKLPDKQ,QAKLPDKQ,A026,R020,Closed Lost,0.0,2017-04-29,East,GTX Pro
731TOWDY,731TOWDY,A046,R028,Closed Won,27385.0,2017-06-18,West,GTK 500
KOI7M0RU,KOI7M0RU,A045,R006,Closed Lost,0.0,2017-08-15,Central,GTX Basic
KXY0TY2K,KXY0TY2K,A047,R027,Closed Lost,0.0,2017-04-29,West,GTX Plus Basic
UNSJJUY4,UNSJJUY4,A076,R005,Closed Won,599.0,2017-08-14,Central,GTX Basic
XNO6DQPU,XNO6DQPU,A049,R014,Closed Won,64.0,2017-05-03,East,MG Special
A2HLNPEL,A2HLNPEL,A061,R024,Closed Lost,0.0,2017-05-06,West,GTX Pro
NENHRB3K,NENHRB3K,A047,R024,Closed Lost,0.0,2017-05-14,West,MG Advanced
PE3CL3ME,PE3CL3ME,A043,R012,Closed Lost,0.0,2017-06-10,East,MG Special
IE6TPFU9,IE6TPFU9,A062,R001,Closed Won,918.0,2017-05-15,Central,GTX Plus Basic
WWTJ5PNC,WWTJ5PNC,A008,R018,Closed Won,60.0,2017-05-04,East,MG Special
DH9CHQ02,DH9CHQ02,A052,R020,Closed Lost,0.0,2017-05-10,East,GTX Pro
S2ZN5NLA,S2ZN5NLA,A027,R020,Closed Won,519.0,2017-05-06,East,GTX Basic
NEM0GXXH,NEM0GXXH,A061,R030,Closed Won,4956.0,2017-05-04,West,GTX Plus Pro
E8LO9APO,E8LO9APO,A073,R004,Closed Lost,0.0,2017-05-17,Central,GTX Basic
EQZGV36H,EQZGV36H,A057,R004,Closed Won,5913.0,2017-08-08,Central,GTX Plus Pro
FZ1TTF0X,FZ1TTF0X,A004,R005,Closed Lost,0.0,2017-05-31,Central,GTX Basic
DG6RIZ6R,DG6RIZ6R,A034,R025,Closed Won,1210.0,2017-08-21,West,GTX Plus Basic
DH6L7VA6,DH6L7VA6,A046,R024,Closed Lost,0.0,2017-04-30,West,MG Advanced
9SBO74M5,9SBO74M5,A028,R002,Closed Won,3139.0,2017-08-10,Central,MG Advanced
WHHVN372,WHHVN372,A037,R013,Closed Won,527.0,2017-08-11,East,GTX Basic
PJKAJVUG,PJKAJVUG,A019,R010,Closed Lost,0.0,2017-05-04,Central,GTX Basic
FWTNRN0L,FWTNRN0L,A046,R026,Closed Won,5408.0,2017-08-12,West,GTX Plus Pro
TTNORNQI,TTNORNQI,A034,R026,Closed Won,62.0,2017-08-12,West,MG Special
BGQ2F0HA,BGQ2F0HA,A016,R006,Closed Won,586.0,2017-05-13,Central,GTX Basic
CY33L07I,CY33L07I,A050,R032,Closed Lost,0.0,2017-05-01,West,GTX Pro
JGXLR3H3,JGXLR3H3,A047,R031,Closed Won,532.0,2017-08-06,West,GTX Basic
ZNFFFJ1T,ZNFFFJ1T,A051,R031,Closed Won,585.0,2017-08-13,West,GTX Basic
T5JO33V3,T5JO33V3,A059,R004,Closed Won,583.0,2017-08-11,Central,GTX Basic
V7Y78MPU,V7Y78MPU,A057,R007,Closed Won,433.0,2017-09-02,Central,GTX Basic
CNO8JPLA,CNO8JPLA,A012,R009,Closed Won,557.0,2017-05-06,Central,GTX Basic
Y5OTY9O5,Y5OTY9O5,A053,R021,Closed Won,4704.0,2017-05-09,East,GTX Pro
I81SUA2R,I81SUA2R,A056,R014,Closed Won,5182.0,2017-08-12,East,GTX Pro
2UHH7PD3,2UHH7PD3,A047,R033,Closed Won,5311.0,2017-05-13,West,GTX Pro
AZZEZKBN,AZZEZKBN,A012,R001,Closed Lost,0.0,2017-05-18,Central,GTX Plus Pro
443ATESI,443ATESI,A029,R001,Closed Won,64.0,2017-08-28,Central,MG Special
4UN65HWV,4UN65HWV,A076,R010,Closed Won,878.0,2017-08-23,Central,GTX Plus Basic
E5NRH4BP,E5NRH4BP,A028,R010,Closed Won,59.0,2017-05-02,Central,MG Special
NK438B9U,NK438B9U,A084,R020,Closed Lost,0.0,2017-05-20,East,GTX Basic
KCTYAQOR,KCTYAQOR,A068,R008,Closed Lost,0.0,2017-08-07,Central,GTX Pro
RCNTHN0E,RCNTHN0E,A064,R030,Closed Won,65.0,2017-08-20,West,MG Special
ZIFDD41D,ZIFDD41D,A036,R006,Closed Won,543.0,2017-08-11,Central,GTX Basic
A5BVV5P8,A5BVV5P8,A061,R031,Closed Lost,0.0,2017-06-12,West,GTX Basic
JQNSK78U,JQNSK78U,A012,R005,Closed Lost,0.0,2017-05-10,Central,GTX Plus Pro
C3OOZUTI,C3OOZUTI,A076,R005,Closed Lost,0.0,2017-05-07,Central,GTX Plus Pro
FI0I7E73,FI0I7E73,A059,R005,Closed Won,3971.0,2017-05-08,Central,MG Advanced
523458T9,523458T9,A062,R009,Closed Won,554.0,2017-05-16,Central,GTX Basic
7FY0HBH7,7FY0HBH7,A010,R024,Closed Lost,0.0,2017-06-26,West,MG Advanced
GAIFPSU2,GAIFPSU2,A021,R024,Closed Won,1273.0,2017-06-16,West,GTX Plus Basic
GBSK2HX8,GBSK2HX8,A013,R001,Closed Won,1300.0,2017-05-11,Central,GTX Plus Basic
59FN87JP,59FN87JP,A049,R022,Closed Lost,0.0,2017-05-21,East,GTX Plus Pro
OJ92D9QU,OJ92D9QU,A012,R028,Closed Lost,0.0,2017-08-14,West,MG Special
GYKFAK7W,GYKFAK7W,A065,R026,Closed Won,3527.0,2017-05-10,West,MG Advanced
GXBV5VYA,GXBV5VYA,A060,R006,Closed Won,526.0,2017-05-06,Central,GTX Basic
VXWUALY5,VXWUALY5,A012,R032,Closed Lost,0.0,2017-06-10,West,MG Special
IUDG3PF0,IUDG3PF0,A039,R004,Closed Lost,0.0,2017-08-07,Central,GTX Basic
DNUTJO70,DNUTJO70,A036,R027,Closed Won,569.0,2017-06-22,West,GTX Basic
I631R5DT,I631R5DT,A061,R034,Closed Won,6310.0,2017-05-14,West,GTX Plus Pro
V9XJAZPC,V9XJAZPC,A029,R005,Closed Lost,0.0,2017-05-10,Central,MG Advanced
OJPTGB57,OJPTGB57,A044,R021,Closed Won,1135.0,2017-05-17,East,GTX Plus Basic
QYTGB5LA,QYTGB5LA,A015,R003,Closed Won,5145.0,2017-08-19,Central,GTX Plus Pro
UCNEMT8P,UCNEMT8P,A009,R003,Closed Won,54.0,2017-08-09,Central,MG Special
7DDJHUWU,7DDJHUWU,A061,R024,Closed Lost,0.0,2017-05-17,West,GTX Pro
KOFE244J,KOFE244J,A011,R001,Closed Won,53.0,2017-08-01,Central,MG Special
D3JR6WFQ,D3JR6WFQ,A074,R022,Closed Won,511.0,2017-05-13,East,GTX Basic
OJMME9V9,OJMME9V9,A044,R022,Closed Won,5747.0,2017-08-25,East,GTX Plus Pro
79IN4OVP,79IN4OVP,A001,R019,Closed Lost,0.0,2017-08-01,East,GTX Basic
2NPSMBLK,2NPSMBLK,A011,R010,Closed Lost,0.0,2017-08-08,Central,GTX Pro
NLKPA1KP,NLKPA1KP,A038,R010,Closed Won,596.0,2017-08-11,Central,GTX Basic
38EYB40T,38EYB40T,A013,R006,Closed Won,60.0,2017-05-14,Central,MG Special
3FZVCDW0,3FZVCDW0,A024,R032,Closed Won,4372.0,2017-05-04,West,GTX Pro
2NTWE1G4,2NTWE1G4,A077,R031,Closed Won,4604.0,2017-05-08,West,GTX Pro
SHGSBZU8,SHGSBZU8,A032,R027,Closed Lost,0.0,2017-05-13,West,MG Advanced
AETY0W6G,AETY0W6G,A002,R021,Closed Won,4859.0,2017-05-08,East,GTX Pro
A7F5O29R,A7F5O29R,A083,R024,Closed Won,3718.0,2017-08-03,West,MG Advanced
MIYAP26S,MIYAP26S,A069,R012,Closed Lost,0.0,2017-05-19,East,MG Advanced
IEZCZAKT,IEZCZAKT,A036,R033,Closed Won,493.0,2017-05-30,West,GTX Basic
PDMWTS8O,PDMWTS8O,A016,R001,Closed Won,54.0,2017-06-04,Central,MG Special
OPEICJES,OPEICJES,A045,R001,Closed Won,52.0,2017-06-09,Central,MG Special
10UN7LA8,10UN7LA8,A057,R001,Closed Won,3813.0,2017-06-23,Central,MG Advanced
C2W2VHJY,C2W2VHJY,A075,R018,Closed Lost,0.0,2017-08-04,East,GTX Pro
Z032GGRE,Z032GGRE,A019,R010,Closed Won,4935.0,2017-08-12,Central,GTX Pro
I8WTUMTA,I8WTUMTA,A011,R010,Closed Won,3560.0,2017-08-17,Central,MG Advanced
P05J08B4,P05J08B4,A003,R006,Closed Lost,0.0,2017-05-20,Central,GTX Pro
GVCMT0GZ,GVCMT0GZ,A067,R006,Closed Lost,0.0,2017-08-25,Central,GTX Pro
58SGEGN8,58SGEGN8,A059,R004,Closed Lost,0.0,2017-05-10,Central,GTX Basic
LZLXBQ0I,LZLXBQ0I,A003,R004,Closed Lost,0.0,2017-08-20,Central,GTX Plus Basic
1L2S3CMT,1L2S3CMT,A085,R004,Closed Lost,0.0,2017-08-27,Central,MG Advanced
CE852VBF,CE852VBF,A066,R009,Closed Lost,0.0,2017-08-25,Central,GTX Plus Basic
KTX7ETCE,KTX7ETCE,A028,R009,Closed Won,528.0,2017-08-05,Central,GTX Basic
JEPAVEO7,JEPAVEO7,A066,R009,Closed Won,1188.0,2017-06-20,Central,GTX Plus Basic
4T9CQH5J,4T9CQH5J,A078,R021,Closed Lost,0.0,2017-09-15,East,GTX Plus Pro
51T70SQX,51T70SQX,A019,R003,Closed Lost,0.0,2017-05-10,Central,MG Advanced
SUYF0EN7,SUYF0EN7,A003,R003,Closed Won,590.0,2017-08-09,Central,GTX Basic
S2D060YF,S2D060YF,A079,R024,Closed Won,578.0,2017-08-14,West,GTX Basic
DE5WRZ6B,DE5WRZ6B,A027,R012,Closed Lost,0.0,2017-08-06,East,GTX Pro
N6CXTO48,N6CXTO48,A047,R033,Closed Lost,0.0,2017-05-09,West,GTX Basic
4Z7B0OQB,4Z7B0OQB,A004,R001,Closed Lost,0.0,2017-08-15,Central,MG Advanced
70TRVHOM,70TRVHOM,A018,R019,Closed Won,4697.0,2017-08-05,East,GTX Pro
0G0S9TB8,0G0S9TB8,A052,R020,Closed Lost,0.0,2017-08-13,East,GTX Pro
U43RA5W8,U43RA5W8,A052,R020,Closed Lost,0.0,2017-05-30,East,GTX Pro
SOE904XE,SOE904XE,A043,R020,Closed Won,1161.0,2017-08-26,East,GTX Plus Basic
C64JTLGO,C64JTLGO,A075,R020,Closed Won,1101.0,2017-05-06,East,GTX Plus Basic
F9XJYM9F,F9XJYM9F,A038,R006,Closed Won,511.0,2017-08-12,Central,GTX Basic
XWN6WWOD,XWN6WWOD,A012,R006,Closed Won,57.0,2017-08-01,Central,MG Special
17MPPMM0,17MPPMM0,A077,R032,Closed Lost,0.0,2017-05-12,West,MG Special
FV6PHMQW,FV6PHMQW,A064,R032,Closed Won,635.0,2017-05-21,West,GTX Basic
NX2K0HQ9,NX2K0HQ9,A050,R032,Closed Won,4352.0,2017-08-16,West,GTX Pro
T5GZDRDE,T5GZDRDE,A079,R031,Closed Lost,0.0,2017-05-16,West,MG Special
91G2ZW58,91G2ZW58,A057,R004,Closed Lost,0.0,2017-05-10,Central,GTX Plus Pro
H2PEIFZH,H2PEIFZH,A016,R004,Closed Won,3952.0,2017-05-08,Central,MG Advanced
V8M89S4W,V8M89S4W,A042,R027,Closed Won,560.0,2017-05-06,West,GTX Basic
5QR02PQI,5QR02PQI,A004,R007,Closed Lost,0.0,2017-05-08,Central,GTX Plus Basic
WB974HS4,WB974HS4,A025,R009,Closed Won,984.0,2017-09-18,Central,GTX Plus Basic
L6VDDXFV,L6VDDXFV,A075,R021,Closed Lost,0.0,2017-05-11,East,MG Advanced
B0MOQZVN,B0MOQZVN,A065,R024,Closed Won,579.0,2017-05-14,West,GTX Basic
09C4GR2W,09C4GR2W,A034,R024,Closed Won,1151.0,2017-08-10,West,GTX Plus Basic
6YN4FZHL,6YN4FZHL,A020,R012,Closed Won,881.0,2017-08-25,East,GTX Plus Basic
45CION64,45CION64,A074,R012,Closed Won,59.0,2017-08-17,East,MG Special
BSQRXW4X,BSQRXW4X,A054,R033,Closed Won,608.0,2017-05-12,West,GTX Basic
PYEQPW42,PYEQPW42,A019,R001,Closed Won,4784.0,2017-05-09,Central,GTX Plus Pro
5NW73ZRY,5NW73ZRY,A001,R022,Closed Won,3370.0,2017-05-22,East,MG Advanced
0P8NFYML,0P8NFYML,A002,R019,Closed Lost,0.0,2017-05-24,East,MG Special
1Y9KPBXY,1Y9KPBXY,A025,R010,Closed Lost,0.0,2017-09-10,Central,GTX Plus Basic
0AR9HD16,0AR9HD16,A025,R010,Closed Won,526.0,2017-08-17,Central,GTX Basic
Q72BVH8T,Q72BVH8T,A049,R020,Closed Lost,0.0,2017-05-12,East,GTX Plus Basic
OH7VVUY0,OH7VVUY0,A036,R008,Closed Won,5028.0,2017-06-29,Central,GTX Pro
4DPSFUEC,4DPSFUEC,A012,R006,Closed Lost,0.0,2017-05-23,Central,GTX Basic
BB7JH1C4,BB7JH1C4,A039,R006,Closed Lost,0.0,2017-05-18,Central,GTX Pro
FLJCJ7IE,FLJCJ7IE,A011,R004,Closed Lost,0.0,2017-05-18,Central,GTX Basic
7T109BBY,7T109BBY,A015,R004,Closed Lost,0.0,2017-05-20,Central,GTX Basic
4JVY843T,4JVY843T,A068,R004,Closed Lost,0.0,2017-05-23,Central,MG Advanced
INI33ALF,INI33ALF,A028,R005,Closed Won,569.0,2017-05-22,Central,GTX Basic
D3M1KUQ2,D3M1KUQ2,A011,R009,Closed Lost,0.0,2017-05-26,Central,MG Special
NOO83M87,NOO83M87,A027,R014,Closed Lost,0.0,2017-08-02,East,GTX Plus Pro
8G9Q7NXD,8G9Q7NXD,A042,R014,Closed Won,51.0,2017-08-09,East,MG Special
IRCBYH9Z,IRCBYH9Z,A015,R001,Closed Lost,0.0,2017-08-30,Central,GTX Plus Basic
559PYA0L,559PYA0L,A008,R019,Closed Won,4287.0,2017-05-21,East,MG Advanced
237L2CSV,237L2CSV,A052,R013,Closed Won,3960.0,2017-05-15,East,GTX Pro
AS7MJ0S1,AS7MJ0S1,A044,R020,Closed Lost,0.0,2017-05-09,East,GTX Pro
INAEAAI9,INAEAAI9,A011,R006,Closed Won,1093.0,2017-09-02,Central,GTX Plus Basic
1XNXJUQM,1XNXJUQM,A076,R006,Closed Won,1194.0,2017-08-10,Central,GTX Plus Basic
Z64MQTF2,Z64MQTF2,A057,R006,Closed Won,5310.0,2017-08-14,Central,GTX Pro
BM0QXHMH,BM0QXHMH,A006,R032,Closed Lost,0.0,2017-08-04,West,GTX Plus Basic
ARY1F1KN,ARY1F1KN,A021,R031,Closed Lost,0.0,2017-05-20,West,GTX Plus Basic
XPCDFUDY,XPCDFUDY,A036,R004,Closed Lost,0.0,2017-08-03,Central,GTX Basic
VDOUNMRC,VDOUNMRC,A031,R034,Closed Won,1222.0,2017-08-08,West,GTX Plus Basic
TEKCKT3V,TEKCKT3V,A038,R005,Closed Won,901.0,2017-08-05,Central,GTX Plus Basic
1WJT7CM8,1WJT7CM8,A052,R021,Closed Lost,0.0,2017-08-26,East,MG Advanced
96A1GDXO,96A1GDXO,A042,R021,Closed Won,5601.0,2017-08-01,East,GTX Plus Pro
AAU2IQFW,AAU2IQFW,A018,R016,Closed Won,995.0,2017-08-05,East,GTX Plus Basic
PRHL94PK,PRHL94PK,A078,R016,Closed Won,3666.0,2017-08-05,East,MG Advanced
3WC1FUFP,3WC1FUFP,A085,R001,Closed Lost,0.0,2017-05-18,Central,GTX Plus Basic
SHG8Y43V,SHG8Y43V,A062,R001,Closed Won,56.0,2017-05-19,Central,MG Special
1O2ZN81M,1O2ZN81M,A037,R019,Closed Won,1372.0,2017-05-17,East,GTX Plus Basic
J6T6BTJI,J6T6BTJI,A007,R018,Closed Won,3282.0,2017-08-01,East,MG Advanced
0WO582AV,0WO582AV,A019,R010,Closed Lost,0.0,2017-08-06,Central,GTX Pro
JTTLDM4E,JTTLDM4E,A014,R028,Closed Won,43.0,2017-08-18,West,MG Special
8KQH5XI1,8KQH5XI1,A051,R028,Closed Won,54.0,2017-09-05,West,MG Special
1Q5XFO8D,1Q5XFO8D,A066,R006,Closed Lost,0.0,2017-08-21,Central,GTX Basic
A3PNPLTG,A3PNPLTG,A010,R032,Closed Won,575.0,2017-05-16,West,GTX Basic
03CWYGC9,03CWYGC9,A036,R032,Closed Won,768.0,2017-08-10,West,GTX Plus Basic
FSEF5ZR9,FSEF5ZR9,A064,R032,Closed Won,4426.0,2017-09-12,West,GTX Pro
N23C5EKK,N23C5EKK,A003,R004,Closed Lost,0.0,2017-05-10,Central,GTX Basic
S9K81CWS,S9K81CWS,A045,R004,Closed Won,553.0,2017-08-20,Central,GTX Basic
PJ00PLEU,PJ00PLEU,A011,R007,Closed Lost,0.0,2017-05-20,Central,GTX Plus Pro
3F8AA8RT,3F8AA8RT,A033,R034,Closed Lost,0.0,2017-08-05,West,GTX Plus Basic
4NAHJMYM,4NAHJMYM,A083,R034,Closed Won,4786.0,2017-09-18,West,GTX Plus Pro
6KVOMBDJ,6KVOMBDJ,A060,R005,Closed Lost,0.0,2017-05-23,Central,MG Advanced
TFS5SYN2,TFS5SYN2,A071,R021,Closed Lost,0.0,2017-05-17,East,GTX Pro
N7KJ821I,N7KJ821I,A038,R003,Closed Lost,0.0,2017-08-02,Central,GTX Plus Pro
YCKKT5ME,YCKKT5ME,A059,R003,Closed Lost,0.0,2017-08-19,Central,MG Special
HI2E8TBI,HI2E8TBI,A015,R003,Closed Won,5338.0,2017-05-16,Central,GTX Plus Pro
Q54L8P6I,Q54L8P6I,A061,R033,Closed Lost,0.0,2017-05-15,West,GTX Basic
XSB7IN6X,XSB7IN6X,A067,R001,Closed Won,996.0,2017-08-31,Central,GTX Plus Basic
FQW15KC4,FQW15KC4,A027,R019,Closed Lost,0.0,2017-05-20,East,MG Advanced
G17H7YXA,G17H7YXA,A019,R002,Closed Won,63.0,2017-08-09,Central,MG Special
XOE5EU8U,XOE5EU8U,A053,R018,Closed Lost,0.0,2017-08-17,East,GTX Plus Basic
WEB7LYK0,WEB7LYK0,A038,R010,Closed Won,1075.0,2017-05-19,Central,GTX Plus Basic
N4Z3QYK7,N4Z3QYK7,A076,R010,Closed Won,5033.0,2017-05-24,Central,GTX Pro
JECCHO49,JECCHO49,A060,R010,Closed Won,3249.0,2017-06-26,Central,MG Advanced
QUOU67L5,QUOU67L5,A029,R008,Closed Won,1015.0,2017-08-14,Central,GTX Plus Basic
SSZHMEE3,SSZHMEE3,A066,R006,Closed Lost,0.0,2017-06-27,Central,GTX Basic
WUE92JFJ,WUE92JFJ,A030,R006,Closed Won,1100.0,2017-05-16,Central,GTX Plus Basic
EYNZMBI0,EYNZMBI0,A006,R032,Closed Won,4755.0,2017-09-13,West,GTX Plus Pro
LPOOKZCQ,LPOOKZCQ,A042,R031,Closed Lost,0.0,2017-08-08,West,GTX Basic
OCHUEK3V,OCHUEK3V,A044,R027,Closed Lost,0.0,2017-05-19,West,GTX Plus Basic
DU0DYV80,DU0DYV80,A031,R027,Closed Lost,0.0,2017-06-30,West,GTX Pro
3C5KXGO6,3C5KXGO6,A041,R027,Closed Won,541.0,2017-05-10,West,GTX Basic
95532CI0,95532CI0,A035,R027,Closed Won,4815.0,2017-06-02,West,GTX Pro
Q0MRZHN7,Q0MRZHN7,A044,R034,Closed Won,57.0,2017-05-12,West,MG Special
WAN7I53E,WAN7I53E,A059,R009,Closed Lost,0.0,2017-05-20,Central,GTX Plus Basic
6C1DLYBH,6C1DLYBH,A059,R009,Closed Lost,0.0,2017-08-22,Central,MG Special
ZC3UEHXG,ZC3UEHXG,A053,R021,Closed Won,5406.0,2017-05-17,East,GTX Plus Pro
HJBVO8T4,HJBVO8T4,A021,R024,Closed Lost,0.0,2017-06-21,West,GTX Basic
5CJQB25J,5CJQB25J,A077,R024,Closed Lost,0.0,2017-08-04,West,MG Advanced
O22S564Y,O22S564Y,A032,R033,Closed Won,5042.0,2017-05-20,West,GTX Plus Pro
UO62J3M0,UO62J3M0,A058,R033,Closed Won,3969.0,2017-05-23,West,GTX Pro
KLZ95C62,KLZ95C62,A015,R001,Closed Lost,0.0,2017-08-21,Central,MG Special
ROBBKT4T,ROBBKT4T,A039,R001,Closed Won,59.0,2017-08-04,Central,MG Special
FPTY1B79,FPTY1B79,A069,R019,Closed Won,629.0,2017-05-16,East,GTX Basic
AP3405RD,AP3405RD,A019,R002,Closed Won,57.0,2017-05-16,Central,MG Special
AVZ1BG3K,AVZ1BG3K,A044,R013,Closed Lost,0.0,2017-05-14,East,MG Advanced
FXLA39YR,FXLA39YR,A063,R013,Closed Won,4861.0,2017-08-06,East,GTX Pro
Q9GJ1LJT,Q9GJ1LJT,A056,R018,Closed Lost,0.0,2017-09-03,East,MG Advanced
P9VFKNR0,P9VFKNR0,A019,R010,Closed Lost,0.0,2017-08-01,Central,GTX Pro
WQ5WIP35,WQ5WIP35,A085,R010,Closed Won,980.0,2017-05-30,Central,GTX Plus Basic
X5YVW7O5,X5YVW7O5,A074,R020,Closed Lost,0.0,2017-05-17,East,GTX Plus Pro
DWCDI7Q2,DWCDI7Q2,A084,R020,Closed Lost,0.0,2017-05-22,East,MG Advanced
XH01XH1F,XH01XH1F,A042,R015,Closed Lost,0.0,2017-08-24,East,GTX Pro
U48PDN1F,U48PDN1F,A009,R008,Closed Won,5361.0,2017-08-10,Central,GTX Pro
QO0MQUOY,QO0MQUOY,A046,R030,Closed Lost,0.0,2017-08-11,West,MG Advanced
UMMMBBS6,UMMMBBS6,A032,R032,Closed Lost,0.0,2017-08-25,West,GTX Basic
53ZXALR1,53ZXALR1,A022,R031,Closed Won,1220.0,2017-09-14,West,GTX Plus Basic
VQUCVSOL,VQUCVSOL,A017,R027,Closed Lost,0.0,2017-05-22,West,MG Special
2NN7T8LG,2NN7T8LG,A064,R027,Closed Lost,0.0,2017-05-16,West,MG Advanced
SLCWM9BH,SLCWM9BH,A061,R027,Closed Won,464.0,2017-09-04,West,GTX Basic
974QGNBZ,974QGNBZ,A028,R007,Closed Won,3604.0,2017-05-24,Central,MG Advanced
T8E8EDZS,T8E8EDZS,A023,R005,Closed Won,529.0,2017-08-21,Central,GTX Basic
9C2RRH1Q,9C2RRH1Q,A072,R009,Closed Lost,0.0,2017-09-19,Central,GTX Plus Basic
H26RG9KC,H26RG9KC,A033,R025,Closed Lost,0.0,2017-05-18,West,MG Advanced
R034IT17,R034IT17,A008,R014,Closed Won,54.0,2017-05-12,East,MG Special
H6CG7TPM,H6CG7TPM,A001,R012,Closed Won,1022.0,2017-05-28,East,GTX Plus Basic
KV1EXWQG,KV1EXWQG,A059,R001,Closed Lost,0.0,2017-08-03,Central,GTX Plus Basic
P4GX3HZH,P4GX3HZH,A019,R001,Closed Won,52.0,2017-05-26,Central,MG Special
GACP1E2I,GACP1E2I,A004,R010,Closed Won,5037.0,2017-08-11,Central,GTX Pro
ASW97JK3,ASW97JK3,A029,R010,Closed Won,4709.0,2017-06-29,Central,GTX Pro
XBYJ3NUR,XBYJ3NUR,A073,R010,Closed Won,60.0,2017-05-20,Central,MG Special
4Q2GV039,4Q2GV039,A066,R010,Closed Won,3766.0,2017-08-24,Central,MG Advanced
ZA1YVJQC,ZA1YVJQC,A018,R015,Closed Won,3552.0,2017-08-11,East,MG Advanced
59XUUWAQ,59XUUWAQ,A006,R032,Closed Lost,0.0,2017-09-02,West,MG Special
GGXEKX47,GGXEKX47,A034,R032,Closed Lost,0.0,2017-08-03,West,MG Advanced
N00L26DN,N00L26DN,A042,R031,Closed Lost,0.0,2017-05-30,West,GTX Pro
8JP05QQR,8JP05QQR,A021,R027,Closed Lost,0.0,2017-08-03,West,MG Advanced
0BG8WJSX,0BG8WJSX,A024,R034,Closed Lost,0.0,2017-05-22,West,GTX Basic
ZQVUQ5CJ,ZQVUQ5CJ,A073,R005,Closed Won,472.0,2017-05-25,Central,GTX Basic
ZFVG8LP2,ZFVG8LP2,A010,R024,Closed Won,56.0,2017-05-20,West,MG Special
P2ST849C,P2ST849C,A053,R012,Closed Won,57.0,2017-06-16,East,MG Special
6CPBVF9F,6CPBVF9F,A049,R016,Closed Lost,0.0,2017-08-04,East,MG Advanced
6ID18IJX,6ID18IJX,A051,R033,Closed Won,776.0,2017-08-17,West,GTX Plus Basic
WSPM5X5V,WSPM5X5V,A030,R001,Closed Lost,0.0,2017-05-23,Central,MG Special
7SF3PMMY,7SF3PMMY,A011,R002,Closed Won,61.0,2017-06-10,Central,MG Special
CZF82O5B,CZF82O5B,A036,R002,Closed Won,3831.0,2017-05-27,Central,MG Advanced
BLLYPR3S,BLLYPR3S,A069,R013,Closed Lost,0.0,2017-08-24,East,MG Advanced
6VLA3FDQ,6VLA3FDQ,A057,R008,Closed Won,52.0,2017-08-09,Central,MG Special
YL98GKZF,YL98GKZF,A031,R030,Closed Lost,0.0,2017-08-01,West,GTX Pro
G43QQLLF,G43QQLLF,A015,R006,Closed Lost,0.0,2017-05-20,Central,MG Advanced
1DZNTUSA,1DZNTUSA,A047,R032,Closed Lost,0.0,2017-05-20,West,GTX Pro
G5Z0FWAX,G5Z0FWAX,A044,R031,Closed Lost,0.0,2017-08-03,West,GTX Pro
Z3FOWY9N,Z3FOWY9N,A061,R031,Closed Won,5698.0,2017-06-22,West,GTX Plus Pro
S4OLFL40,S4OLFL40,A059,R004,Closed Won,595.0,2017-05-22,Central,GTX Basic
LPY6VIZV,LPY6VIZV,A011,R007,Closed Lost,0.0,2017-08-12,Central,GTX Plus Pro
QQ96SPTU,QQ96SPTU,A051,R034,Closed Won,1144.0,2017-08-23,West,GTX Plus Basic
5YLCW6L5,5YLCW6L5,A023,R005,Closed Won,61.0,2017-09-15,Central,MG Special
IQ8MEPW9,IQ8MEPW9,A001,R021,Closed Lost,0.0,2017-05-24,East,GTX Pro
AZX4XC81,AZX4XC81,A044,R021,Closed Lost,0.0,2017-08-13,East,MG Advanced
GO4G2L4X,GO4G2L4X,A056,R021,Closed Won,3510.0,2017-05-15,East,MG Advanced
9HKP3RBS,9HKP3RBS,A044,R014,Closed Won,513.0,2017-08-04,East,GTX Basic
ER3G544S,ER3G544S,A072,R003,Closed Lost,0.0,2017-08-14,Central,MG Advanced
YQFF7GFK,YQFF7GFK,A038,R003,Closed Won,1083.0,2017-08-11,Central,GTX Plus Basic
1D1EJE8U,1D1EJE8U,A061,R024,Closed Lost,0.0,2017-05-26,West,GTX Basic
5BAGWGAG,5BAGWGAG,A012,R024,Closed Won,5987.0,2017-08-23,West,GTX Plus Pro
V1ROZMCX,V1ROZMCX,A015,R001,Closed Won,1041.0,2017-06-28,Central,GTX Plus Basic
CEQ3J96G,CEQ3J96G,A025,R001,Closed Won,54.0,2017-08-04,Central,MG Special
P96S0ATV,P96S0ATV,A048,R022,Closed Won,2677.0,2017-06-01,East,MG Advanced
GXKR6EG9,GXKR6EG9,A060,R002,Closed Won,3558.0,2017-05-27,Central,MG Advanced
XA4PGIHG,XA4PGIHG,A069,R013,Closed Lost,0.0,2017-08-08,East,GTX Basic
INBSL1I4,INBSL1I4,A056,R013,Closed Won,866.0,2017-08-20,East,GTX Plus Basic
4N2KE2ER,4N2KE2ER,A012,R010,Closed Won,987.0,2017-08-24,Central,GTX Plus Basic
UJSFG18F,UJSFG18F,A019,R010,Closed Won,3290.0,2017-08-15,Central,MG Advanced
R9TWUEAT,R9TWUEAT,A078,R020,Closed Lost,0.0,2017-08-09,East,GTX Plus Pro
3K97S8L9,3K97S8L9,A018,R020,Closed Lost,0.0,2017-05-19,East,MG Advanced
QWR1O5R9,QWR1O5R9,A049,R020,Closed Lost,0.0,2017-05-17,East,MG Advanced
0MZIJDPM,0MZIJDPM,A022,R028,Closed Won,54.0,2017-09-13,West,MG Special
FNQYVW3T,FNQYVW3T,A064,R026,Closed Won,4627.0,2017-05-17,West,GTX Plus Pro
CO6JN5NH,CO6JN5NH,A033,R030,Closed Lost,0.0,2017-08-22,West,GTX Basic
D6XIVDQF,D6XIVDQF,A011,R006,Closed Won,5625.0,2017-09-06,Central,GTX Pro
CQXYCHKN,CQXYCHKN,A028,R004,Closed Lost,0.0,2017-05-15,Central,GTX Basic
TWXUDY78,TWXUDY78,A064,R027,Closed Won,57.0,2017-08-23,West,MG Special
OPL7DH0Q,OPL7DH0Q,A019,R009,Closed Lost,0.0,2017-08-24,Central,GTX Plus Basic
5VKRCTJE,5VKRCTJE,A064,R025,Closed Won,1032.0,2017-08-01,West,GTX Plus Basic
7DDD3NZ2,7DDD3NZ2,A053,R014,Closed Won,567.0,2017-05-17,East,GTX Basic
QL97HH1Y,QL97HH1Y,A019,R003,Closed Won,58.0,2017-05-19,Central,MG Special
9KN4MG14,9KN4MG14,A030,R001,Closed Lost,0.0,2017-08-25,Central,GTX Plus Pro
4V3TLIGG,4V3TLIGG,A060,R001,Closed Won,50.0,2017-05-22,Central,MG Special
BWRNVTNR,BWRNVTNR,A049,R019,Closed Lost,0.0,2017-08-02,East,GTX Basic
0H4AHJRI,0H4AHJRI,A008,R018,Closed Lost,0.0,2017-06-01,East,GTX Basic
S9WJ9NAS,S9WJ9NAS,A030,R010,Closed Won,59.0,2017-06-24,Central,MG Special
BCA3ICIO,BCA3ICIO,A074,R020,Closed Lost,0.0,2017-08-14,East,GTX Plus Pro
F914VHA3,F914VHA3,A007,R020,Closed Won,525.0,2017-08-06,East,GTX Basic
1CZU97OX,1CZU97OX,A064,R030,Closed Won,5525.0,2017-08-02,West,GTX Plus Pro
4BPA17HF,4BPA17HF,A083,R034,Closed Won,628.0,2017-05-28,West,GTX Basic
LAOGNZOU,LAOGNZOU,A036,R034,Closed Won,902.0,2017-05-22,West,GTX Plus Basic
V3KGPHH9,V3KGPHH9,A066,R009,Closed Won,1064.0,2017-06-07,Central,GTX Plus Basic
RNH95U0V,RNH95U0V,A084,R021,Closed Won,6346.0,2017-08-20,East,GTX Plus Pro
ZJ1BOSNL,ZJ1BOSNL,A078,R021,Closed Won,3089.0,2017-05-24,East,MG Advanced
0X1AY1FM,0X1AY1FM,A065,R025,Closed Won,3484.0,2017-05-18,West,MG Advanced
D821LEQV,D821LEQV,A039,R003,Closed Lost,0.0,2017-08-24,Central,MG Special
B1O27MFD,B1O27MFD,A060,R003,Closed Lost,0.0,2017-08-06,Central,MG Special
UOUG01WG,UOUG01WG,A003,R003,Closed Won,68.0,2017-05-16,Central,MG Special
3X2HOUYU,3X2HOUYU,A021,R024,Closed Won,575.0,2017-08-16,West,GTX Basic
V135X5B7,V135X5B7,A078,R012,Closed Won,3720.0,2017-05-17,East,MG Advanced
WUXGF870,WUXGF870,A036,R033,Closed Lost,0.0,2017-05-27,West,GTX Plus Pro
ENE1HNL3,ENE1HNL3,A007,R019,Closed Won,1078.0,2017-06-27,East,GTX Plus Basic
C8SWZNON,C8SWZNON,A069,R019,Closed Won,3717.0,2017-05-23,East,GTX Pro
EXMA7FRC,EXMA7FRC,A036,R002,Closed Won,1129.0,2017-05-30,Central,GTX Plus Basic
8H1VRXAK,8H1VRXAK,A074,R018,Closed Won,536.0,2017-09-15,East,GTX Basic
10QXTLQX,10QXTLQX,A001,R018,Closed Won,5857.0,2017-06-25,East,GTX Pro
5BRZKG6Y,5BRZKG6Y,A006,R026,Closed Lost,0.0,2017-09-08,West,MG Special
BHV4K3VV,BHV4K3VV,A079,R031,Closed Won,549.0,2017-05-25,West,GTX Basic
BOHWQ1B3,BOHWQ1B3,A068,R004,Closed Won,61.0,2017-09-07,Central,MG Special
K4KNZQY6,K4KNZQY6,A061,R027,Closed Lost,0.0,2017-08-07,West,GTX Plus Pro
9WUD1Q5D,9WUD1Q5D,A072,R007,Closed Lost,0.0,2017-08-10,Central,MG Special
KAPP0SBT,KAPP0SBT,A009,R007,Closed Lost,0.0,2017-08-21,Central,MG Advanced
XSWTUMGY,XSWTUMGY,A021,R034,Closed Lost,0.0,2017-08-13,West,GTX Basic
KS9B13NQ,KS9B13NQ,A006,R034,Closed Won,1101.0,2017-09-10,West,GTX Plus Basic
S983P5KR,S983P5KR,A038,R009,Closed Lost,0.0,2017-08-11,Central,GTX Basic
K0ZYCW3U,K0ZYCW3U,A019,R009,Closed Won,603.0,2017-06-27,Central,GTX Basic
SFCT64YG,SFCT64YG,A038,R009,Closed Won,545.0,2017-09-05,Central,GTX Basic
DUM5AP8P,DUM5AP8P,A075,R021,Closed Lost,0.0,2017-05-30,East,MG Advanced
RNV54AZ7,RNV54AZ7,A080,R014,Closed Lost,0.0,2017-05-26,East,GTX Plus Pro
AVNVFAIR,AVNVFAIR,A021,R024,Closed Won,959.0,2017-08-25,West,GTX Plus Basic
TEJBT5CP,TEJBT5CP,A044,R024,Closed Won,1208.0,2017-06-03,West,GTX Plus Basic
UFALPP82,UFALPP82,A032,R024,Closed Won,4246.0,2017-08-19,West,GTX Pro
NHA6MNJF,NHA6MNJF,A084,R012,Closed Won,3061.0,2017-09-26,East,MG Advanced
S3UOGUU5,S3UOGUU5,A058,R033,Closed Lost,0.0,2017-06-21,West,GTX Pro
TSRHYEOQ,TSRHYEOQ,A012,R019,Closed Lost,0.0,2017-08-13,East,GTX Pro
K44WX2BT,K44WX2BT,A048,R020,Closed Won,3351.0,2017-08-13,East,MG Advanced
XD6R8R5B,XD6R8R5B,A036,R026,Closed Won,3153.0,2017-05-30,West,MG Advanced
CEGQ4V9F,CEGQ4V9F,A044,R030,Closed Lost,0.0,2017-05-20,West,GTX Plus Basic
58DMWXXI,58DMWXXI,A041,R030,Closed Lost,0.0,2017-05-27,West,GTX Plus Pro
8GYJOE85,8GYJOE85,A036,R032,Closed Lost,0.0,2017-08-22,West,GTX Basic
KJP1JFKX,KJP1JFKX,A036,R032,Closed Won,533.0,2017-06-06,West,GTX Basic
LGK00C12,LGK00C12,A004,R004,Closed Lost,0.0,2017-08-24,Central,GTX Basic
1F950BGI,1F950BGI,A028,R004,Closed Won,56.0,2017-06-01,Central,MG Special
1KV8WY84,1KV8WY84,A067,R007,Closed Lost,0.0,2017-05-24,Central,GTX Plus Basic
FN080GSV,FN080GSV,A024,R034,Closed Won,522.0,2017-08-04,West,GTX Basic
XR3BL1JL,XR3BL1JL,A032,R025,Closed Won,54.0,2017-08-20,West,MG Special
YD38G676,YD38G676,A035,R024,Closed Lost,0.0,2017-05-27,West,MG Advanced
4AS1VXQM,4AS1VXQM,A058,R024,Closed Won,5154.0,2017-09-07,West,GTX Pro
UW6FSSDK,UW6FSSDK,A001,R012,Closed Lost,0.0,2017-08-16,East,MG Special
GYC77KNM,GYC77KNM,A027,R016,Closed Won,3483.0,2017-09-16,East,MG Advanced
HS58SPS7,HS58SPS7,A008,R019,Closed Lost,0.0,2017-05-25,East,MG Special
5BGYQS4R,5BGYQS4R,A023,R010,Closed Won,1110.0,2017-08-11,Central,GTX Plus Basic
YMS8IG4L,YMS8IG4L,A074,R020,Closed Won,441.0,2017-05-27,East,GTX Basic
NISR8D1V,NISR8D1V,A036,R028,Closed Won,553.0,2017-08-08,West,GTX Basic
T4MF2SMF,T4MF2SMF,A061,R026,Closed Won,3624.0,2017-06-04,West,MG Advanced
G6PDDHMN,G6PDDHMN,A028,R006,Closed Lost,0.0,2017-05-31,Central,GTX Basic
S2GG93I6,S2GG93I6,A022,R032,Closed Lost,0.0,2017-08-22,West,GTX Pro
I99AI8C5,I99AI8C5,A015,R004,Closed Lost,0.0,2017-08-08,Central,MG Special
8W87JE97,8W87JE97,A044,R027,Closed Lost,0.0,2017-08-12,West,GTX Pro
RQM0PS59,RQM0PS59,A041,R027,Closed Lost,0.0,2017-08-18,West,MG Special
483NKH0E,483NKH0E,A054,R027,Closed Won,4644.0,2017-08-18,West,GTX Pro
G6QI40AT,G6QI40AT,A074,R014,Closed Lost,0.0,2017-05-29,East,MG Special
UQY5TEE8,UQY5TEE8,A011,R003,Closed Won,51.0,2017-09-20,Central,MG Special
AXHNVQPQ,AXHNVQPQ,A031,R024,Closed Won,4573.0,2017-09-08,West,GTX Pro
N2KXGJO3,N2KXGJO3,A063,R012,Closed Won,3033.0,2017-08-01,East,MG Advanced
DDP76LIP,DDP76LIP,A035,R033,Closed Lost,0.0,2017-05-26,West,MG Special
43AH1M09,43AH1M09,A076,R001,Closed Lost,0.0,2017-05-24,Central,MG Special
852ZZB90,852ZZB90,A059,R001,Closed Won,58.0,2017-06-02,Central,MG Special
V2GGEAOC,V2GGEAOC,A068,R001,Closed Won,51.0,2017-09-15,Central,MG Special
0Y8HO91H,0Y8HO91H,A048,R019,Closed Won,4873.0,2017-08-02,East,GTX Pro
PNUBACZM,PNUBACZM,A039,R010,Closed Won,4606.0,2017-06-07,Central,GTX Pro
DPT11UGS,DPT11UGS,A040,R020,Closed Won,995.0,2017-09-05,East,GTX Plus Basic
GQFRHJF6,GQFRHJF6,A074,R020,Closed Won,4581.0,2017-08-10,East,GTX Pro
S8ALJKKH,S8ALJKKH,A048,R015,Closed Won,4671.0,2017-08-14,East,GTX Pro
L71FBIF7,L71FBIF7,A004,R007,Closed Lost,0.0,2017-09-10,Central,MG Special
HU6IS6Q2,HU6IS6Q2,A016,R007,Closed Won,5241.0,2017-06-11,Central,GTX Plus Pro
UXFEJC9Q,UXFEJC9Q,A050,R034,Closed Won,1082.0,2017-05-22,West,GTX Plus Basic
D4Z6IL8W,D4Z6IL8W,A060,R009,Closed Won,616.0,2017-06-05,Central,GTX Basic
5FG7S674,5FG7S674,A082,R014,Closed Lost,0.0,2017-08-14,East,MG Special
KJXB9Q7O,KJXB9Q7O,A023,R003,Closed Lost,0.0,2017-05-24,Central,MG Special
KN3H2R4V,KN3H2R4V,A079,R033,Closed Lost,0.0,2017-06-25,West,GTX Basic
20QTAZ1L,20QTAZ1L,A047,R033,Closed Lost,0.0,2017-05-23,West,MG Special
NJCI3Y9S,NJCI3Y9S,A012,R033,Closed Won,4642.0,2017-06-03,West,GTX Pro
OATOYNX2,OATOYNX2,A004,R001,Closed Won,63.0,2017-06-27,Central,MG Special
GAH11YHT,GAH11YHT,A044,R022,Closed Lost,0.0,2017-05-20,East,MG Advanced
FT8227WB,FT8227WB,A082,R019,Closed Lost,0.0,2017-06-01,East,GTX Plus Basic
0XHTFQE8,0XHTFQE8,A002,R019,Closed Won,1131.0,2017-08-19,East,GTX Plus Basic
6I76NXTK,6I76NXTK,A026,R013,Closed Won,503.0,2017-09-04,East,GTX Basic
0FLFT1R4,0FLFT1R4,A048,R013,Closed Won,516.0,2017-08-03,East,GTX Basic
QX4VN0WB,QX4VN0WB,A049,R018,Closed Won,592.0,2017-09-01,East,GTX Basic
14V0RQBV,14V0RQBV,A072,R010,Closed Lost,0.0,2017-08-27,Central,GTX Pro
2G82J8WD,2G82J8WD,A076,R010,Closed Won,4914.0,2017-09-11,Central,GTX Pro
00KY25OA,00KY25OA,A012,R020,Closed Won,564.0,2017-06-01,East,GTX Basic
QDDD0L2Y,QDDD0L2Y,A042,R028,Closed Lost,0.0,2017-05-27,West,MG Special
6TN4T6HN,6TN4T6HN,A031,R026,Closed Won,964.0,2017-06-01,West,GTX Plus Basic
VA2JJZXD,VA2JJZXD,A060,R006,Closed Lost,0.0,2017-09-09,Central,GTX Pro
MQY3YOQS,MQY3YOQS,A025,R006,Closed Won,583.0,2017-06-02,Central,GTX Basic
3YWITFR5,3YWITFR5,A059,R004,Closed Won,440.0,2017-08-15,Central,GTX Basic
BEKQZ411,BEKQZ411,A038,R005,Closed Won,58.0,2017-08-31,Central,MG Special
PK0T5N02,PK0T5N02,A037,R021,Closed Won,1093.0,2017-05-26,East,GTX Plus Basic
DTSCBNCX,DTSCBNCX,A018,R012,Closed Lost,0.0,2017-08-12,East,GTX Plus Basic
TUDKP25E,TUDKP25E,A057,R001,Closed Lost,0.0,2017-08-01,Central,MG Advanced
E1OBRLYZ,E1OBRLYZ,A082,R022,Closed Won,529.0,2017-05-27,East,GTX Basic
913RPKAD,913RPKAD,A069,R019,Closed Won,4839.0,2017-05-24,East,GTX Pro
NJC209SC,NJC209SC,A009,R010,Closed Won,5961.0,2017-09-27,Central,GTX Pro
MMUC1AXI,MMUC1AXI,A030,R010,Closed Won,5647.0,2017-08-09,Central,GTX Pro
X66G66ZA,X66G66ZA,A072,R010,Closed Won,56.0,2017-08-18,Central,MG Special
PI2PHSBE,PI2PHSBE,A082,R020,Closed Lost,0.0,2017-08-05,East,GTX Basic
CYKC7RXH,CYKC7RXH,A042,R020,Closed Lost,0.0,2017-08-06,East,GTX Pro
WXRWSVTT,WXRWSVTT,A042,R015,Closed Won,492.0,2017-08-18,East,GTX Basic
81NOKKSW,81NOKKSW,A067,R008,Closed Won,68.0,2017-08-31,Central,MG Special
CP3JY4PE,CP3JY4PE,A034,R026,Closed Won,3728.0,2017-09-14,West,MG Advanced
K2683261,K2683261,A055,R032,Closed Won,1082.0,2017-09-13,West,GTX Plus Basic
MPCJV2LA,MPCJV2LA,A035,R031,Closed Lost,0.0,2017-08-21,West,GTX Plus Basic
0DDBDPJU,0DDBDPJU,A025,R004,Closed Won,557.0,2017-08-05,Central,GTX Basic
RXIQFV8D,RXIQFV8D,A019,R009,Closed Won,60.0,2017-08-09,Central,MG Special
5RGYU88R,5RGYU88R,A062,R003,Closed Won,5046.0,2017-05-25,Central,GTX Plus Pro
F3P73EG4,F3P73EG4,A030,R003,Closed Won,53.0,2017-08-04,Central,MG Special
CRLWCEMY,CRLWCEMY,A066,R003,Closed Won,2807.0,2017-06-10,Central,MG Advanced
3590U14O,3590U14O,A054,R024,Closed Lost,0.0,2017-08-23,West,GTX Pro
CFOYAHQ1,CFOYAHQ1,A055,R033,Closed Lost,0.0,2017-05-30,West,GTX Pro
IQ5ASHI1,IQ5ASHI1,A004,R001,Closed Won,475.0,2017-08-11,Central,GTX Basic
G378ZBNC,G378ZBNC,A059,R001,Closed Won,3031.0,2017-08-03,Central,MG Advanced
6ZVC87CV,6ZVC87CV,A052,R022,Closed Won,53.0,2017-08-09,East,MG Special
4Y1DYANE,4Y1DYANE,A078,R019,Closed Won,1112.0,2017-06-04,East,GTX Plus Basic
PGYBGBU3,PGYBGBU3,A080,R018,Closed Won,4491.0,2017-09-11,East,GTX Pro
GQPQ6XBD,GQPQ6XBD,A006,R028,Closed Won,562.0,2017-06-06,West,GTX Basic
G4KL8QWY,G4KL8QWY,A058,R030,Closed Won,593.0,2017-06-04,West,GTX Basic
GIVVPRQQ,GIVVPRQQ,A036,R006,Closed Won,4606.0,2017-08-30,Central,GTX Pro
JF178AXO,JF178AXO,A022,R032,Closed Won,1100.0,2017-08-11,West,GTX Plus Basic
43NBMRFY,43NBMRFY,A061,R032,Closed Won,1198.0,2017-08-18,West,GTX Plus Basic
UQ67214Z,UQ67214Z,A019,R004,Closed Won,3250.0,2017-08-20,Central,MG Advanced
HDITQL1S,HDITQL1S,A073,R007,Closed Won,2785.0,2017-09-05,Central,MG Advanced
1WPONGOS,1WPONGOS,A061,R034,Closed Won,49.0,2017-08-11,West,MG Special
UF0S02A4,UF0S02A4,A038,R005,Closed Lost,0.0,2017-05-25,Central,MG Advanced
ZG1DFNPW,ZG1DFNPW,A004,R005,Closed Won,547.0,2017-09-15,Central,GTX Basic
SS9FXCS2,SS9FXCS2,A004,R009,Closed Won,57.0,2017-08-01,Central,MG Special
SHE8LB0Y,SHE8LB0Y,A021,R025,Closed Lost,0.0,2017-08-08,West,MG Special
9D6NTQ16,9D6NTQ16,A079,R025,Closed Lost,0.0,2017-08-06,West,MG Special
59N6QWQM,59N6QWQM,A065,R024,Closed Lost,0.0,2017-05-23,West,MG Advanced
ZHKJIJA1,ZHKJIJA1,A010,R024,Closed Won,572.0,2017-08-05,West,GTX Basic
SDL8MJ4R,SDL8MJ4R,A052,R012,Closed Won,48.0,2017-06-10,East,MG Special
G86OKJFV,G86OKJFV,A039,R001,Closed Lost,0.0,2017-05-31,Central,GTX Plus Pro
HUCB9WIQ,HUCB9WIQ,A013,R010,Closed Lost,0.0,2017-09-08,Central,MG Advanced
R8CMI00I,R8CMI00I,A042,R015,Closed Won,555.0,2017-06-06,East,GTX Basic
T7HHH8HK,T7HHH8HK,A044,R015,Closed Won,476.0,2017-09-02,East,GTX Basic
407NLHJH,407NLHJH,A046,R030,Closed Won,1090.0,2017-06-14,West,GTX Plus Basic
KD63LC6D,KD63LC6D,A012,R031,Closed Won,584.0,2017-09-25,West,GTX Basic
TB27K4GC,TB27K4GC,A024,R027,Closed Won,24745.0,2017-08-14,West,GTK 500
VN8YFKTN,VN8YFKTN,A012,R021,Closed Lost,0.0,2017-05-25,East,GTX Pro
NFFS1KSK,NFFS1KSK,A084,R021,Closed Won,512.0,2017-05-27,East,GTX Basic
V1T47SKL,V1T47SKL,A083,R024,Closed Won,60.0,2017-06-07,West,MG Special
LFPY1Z14,LFPY1Z14,A036,R033,Closed Lost,0.0,2017-09-07,West,GTX Pro
M6IGBW79,M6IGBW79,A014,R033,Closed Won,1088.0,2017-08-08,West,GTX Plus Basic
2QGI573A,2QGI573A,A071,R013,Closed Won,463.0,2017-05-26,East,GTX Basic
QW4QPPSY,QW4QPPSY,A027,R020,Closed Won,877.0,2017-08-24,East,GTX Plus Basic
99L2TNR5,99L2TNR5,A036,R008,Closed Won,3339.0,2017-08-24,Central,MG Advanced
J8Y1OGY2,J8Y1OGY2,A023,R006,Closed Lost,0.0,2017-05-28,Central,MG Special
7SJD7M9K,7SJD7M9K,A025,R006,Closed Won,4180.0,2017-08-20,Central,GTX Pro
OKNOWHS3,OKNOWHS3,A046,R031,Closed Lost,0.0,2017-08-02,West,GTX Plus Basic
VO8WTDHE,VO8WTDHE,A035,R027,Closed Lost,0.0,2017-05-26,West,GTX Basic
5FX5TX9L,5FX5TX9L,A035,R027,Closed Won,4642.0,2017-08-14,West,GTX Plus Pro
TLT4JJ0U,TLT4JJ0U,A076,R007,Closed Lost,0.0,2017-09-13,Central,MG Advanced
RA77E84P,RA77E84P,A029,R009,Closed Won,578.0,2017-09-08,Central,GTX Basic
7U225819,7U225819,A030,R003,Closed Won,3285.0,2017-08-11,Central,MG Advanced
075SHVO3,075SHVO3,A054,R024,Closed Lost,0.0,2017-08-12,West,MG Special
HHNFD7DX,HHNFD7DX,A078,R012,Closed Lost,0.0,2017-08-29,East,GTX Plus Basic
PA55AGYL,PA55AGYL,A010,R033,Closed Won,5212.0,2017-05-31,West,GTX Pro
V93ZA48C,V93ZA48C,A020,R019,Closed Won,614.0,2017-09-24,East,GTX Basic
TR3TXXHF,TR3TXXHF,A008,R019,Closed Won,5778.0,2017-09-13,East,GTX Plus Pro
SURL8H49,SURL8H49,A008,R020,Closed Won,3521.0,2017-09-10,East,MG Advanced
POXC3DA1,POXC3DA1,A043,R015,Closed Lost,0.0,2017-09-21,East,GTX Plus Pro
KMGXUADZ,KMGXUADZ,A060,R008,Closed Won,5109.0,2017-08-06,Central,GTX Pro
X5IZZ69D,X5IZZ69D,A017,R030,Closed Lost,0.0,2017-06-20,West,GTX Basic
X58FLJ8K,X58FLJ8K,A047,R030,Closed Won,5190.0,2017-09-18,West,GTX Plus Pro
IDBXD4OU,IDBXD4OU,A061,R031,Closed Lost,0.0,2017-08-22,West,GTX Basic
TDNJDFU6,TDNJDFU6,A083,R031,Closed Lost,0.0,2017-08-13,West,GTX Pro
KIMUGBN5,KIMUGBN5,A019,R004,Closed Lost,0.0,2017-08-14,Central,MG Advanced
7U81B9AQ,7U81B9AQ,A032,R034,Closed Won,940.0,2017-09-27,West,GTX Plus Basic
WGSS08LF,WGSS08LF,A015,R009,Closed Lost,0.0,2017-08-26,Central,GTX Pro
WC8KQJV9,WC8KQJV9,A032,R025,Closed Won,647.0,2017-08-06,West,GTX Basic
FENOSL5C,FENOSL5C,A012,R024,Closed Won,6206.0,2017-08-17,West,GTX Plus Pro
PQ3CLZ2N,PQ3CLZ2N,A048,R012,Closed Won,3158.0,2017-09-10,East,MG Advanced
N4ZJ2PJT,N4ZJ2PJT,A020,R016,Closed Won,2699.0,2017-08-19,East,MG Advanced
32A5TJ6D,32A5TJ6D,A016,R001,Closed Lost,0.0,2017-08-13,Central,MG Special
HZCF65PU,HZCF65PU,A056,R022,Closed Won,1302.0,2017-08-04,East,GTX Plus Basic
TCTLOMKP,TCTLOMKP,A005,R019,Closed Won,2993.0,2017-06-27,East,MG Advanced
O0NCMYX9,O0NCMYX9,A003,R002,Closed Won,460.0,2017-06-05,Central,GTX Basic
HELQUZNO,HELQUZNO,A044,R013,Closed Won,616.0,2017-09-25,East,GTX Basic
V7DHDF8V,V7DHDF8V,A062,R010,Closed Lost,0.0,2017-08-07,Central,MG Advanced
A3OROHUS,A3OROHUS,A029,R010,Closed Won,4270.0,2017-08-14,Central,GTX Pro
CXYWGOPF,CXYWGOPF,A052,R020,Closed Lost,0.0,2017-08-21,East,GTX Pro
DLQTM07N,DLQTM07N,A073,R008,Closed Won,4787.0,2017-08-22,Central,GTX Pro
SUXDAQNV,SUXDAQNV,A067,R006,Closed Lost,0.0,2017-08-28,Central,GTX Basic
ZT2NKCV5,ZT2NKCV5,A036,R006,Closed Won,55.0,2017-05-31,Central,MG Special
I4YPNNTU,I4YPNNTU,A025,R006,Closed Won,3808.0,2017-08-09,Central,MG Advanced
KOYW9WIV,KOYW9WIV,A060,R004,Closed Won,483.0,2017-09-23,Central,GTX Basic
JRAAPD3L,JRAAPD3L,A076,R004,Closed Won,3727.0,2017-09-16,Central,MG Advanced
21JDZDNJ,21JDZDNJ,A022,R027,Closed Won,4738.0,2017-08-14,West,GTX Pro
EP0H3SJO,EP0H3SJO,A059,R007,Closed Won,1275.0,2017-08-04,Central,GTX Plus Basic
GIP11NY3,GIP11NY3,A073,R007,Closed Won,3428.0,2017-08-19,Central,MG Advanced
7X1D49TU,7X1D49TU,A013,R005,Closed Lost,0.0,2017-09-11,Central,MG Special
PDXFONE0,PDXFONE0,A049,R021,Closed Won,5420.0,2017-06-07,East,GTX Pro
77WSI0TH,77WSI0TH,A014,R025,Closed Lost,0.0,2017-08-28,West,MG Special
DJDVV89L,DJDVV89L,A019,R003,Closed Won,59.0,2017-06-11,Central,MG Special
CYSF0YQN,CYSF0YQN,A019,R001,Closed Lost,0.0,2017-08-15,Central,GTX Plus Basic
HEK08UMI,HEK08UMI,A057,R001,Closed Lost,0.0,2017-08-19,Central,MG Advanced
GRRY4DQR,GRRY4DQR,A063,R022,Closed Won,561.0,2017-09-15,East,GTX Basic
S3JAC8GQ,S3JAC8GQ,A081,R022,Closed Won,1354.0,2017-08-10,East,GTX Plus Basic
E3JP7HCX,E3JP7HCX,A071,R019,Closed Won,44.0,2017-09-18,East,MG Special
FF5G00YD,FF5G00YD,A049,R013,Closed Won,560.0,2017-09-18,East,GTX Basic
5975TDTI,5975TDTI,A018,R013,Closed Won,5324.0,2017-06-09,East,GTX Pro
GZU4ZSFE,GZU4ZSFE,A022,R032,Closed Won,4924.0,2017-09-23,West,GTX Pro
E4KL4NGF,E4KL4NGF,A031,R031,Closed Won,571.0,2017-08-07,West,GTX Basic
QCH2R1VO,QCH2R1VO,A044,R031,Closed Won,4022.0,2017-08-12,West,MG Advanced
SH6F6COK,SH6F6COK,A060,R004,Closed Lost,0.0,2017-08-12,Central,GTX Basic
KOJ4SQ1T,KOJ4SQ1T,A034,R034,Closed Lost,0.0,2017-08-22,West,MG Special
DMUQAWQH,DMUQAWQH,A022,R034,Closed Won,1030.0,2017-06-12,West,GTX Plus Basic
C2RL3DUQ,C2RL3DUQ,A004,R005,Closed Lost,0.0,2017-08-09,Central,MG Advanced
2LTS2CL8,2LTS2CL8,A068,R009,Closed Lost,0.0,2017-05-31,Central,MG Special
113O9JCA,113O9JCA,A011,R003,Closed Lost,0.0,2017-09-09,Central,MG Special
54XWHO19,54XWHO19,A035,R024,Closed Lost,0.0,2017-08-03,West,GTX Basic
09RN3MHV,09RN3MHV,A042,R024,Closed Won,5074.0,2017-09-21,West,GTX Pro
YW14K7PE,YW14K7PE,A075,R016,Closed Won,5198.0,2017-09-23,East,GTX Plus Pro
9UYUV724,9UYUV724,A022,R033,Closed Lost,0.0,2017-09-06,West,GTX Plus Pro
UZI6MKVR,UZI6MKVR,A003,R001,Closed Lost,0.0,2017-08-24,Central,MG Special
N1H9ILZ9,N1H9ILZ9,A013,R001,Closed Won,576.0,2017-09-03,Central,GTX Basic
V8RYC18P,V8RYC18P,A066,R001,Closed Won,57.0,2017-08-21,Central,MG Special
5OQELHMF,5OQELHMF,A044,R019,Closed Lost,0.0,2017-08-14,East,GTX Pro
NCF4DT7H,NCF4DT7H,A012,R002,Closed Lost,0.0,2017-06-05,Central,MG Advanced
L9WWFYQW,L9WWFYQW,A011,R010,Closed Lost,0.0,2017-08-18,Central,GTX Pro
AR2T4LAR,AR2T4LAR,A062,R010,Closed Won,4432.0,2017-08-22,Central,GTX Pro
GPC8PLM7,GPC8PLM7,A043,R020,Closed Won,481.0,2017-09-02,East,GTX Basic
YA822MOB,YA822MOB,A079,R030,Closed Lost,0.0,2017-08-22,West,GTX Plus Pro
JBCQ1ODR,JBCQ1ODR,A051,R030,Closed Won,5293.0,2017-08-28,West,GTX Pro
M26BSX5S,M26BSX5S,A011,R006,Closed Lost,0.0,2017-08-06,Central,GTX Pro
PLYYX5CD,PLYYX5CD,A036,R006,Closed Won,5769.0,2017-08-17,Central,GTX Plus Pro
JP2EY6QU,JP2EY6QU,A029,R006,Closed Won,4929.0,2017-09-02,Central,GTX Pro
48INT6OA,48INT6OA,A060,R006,Closed Won,4924.0,2017-08-05,Central,GTX Pro
EVDMSM4N,EVDMSM4N,A006,R032,Closed Lost,0.0,2017-08-14,West,GTX Plus Basic
9FH4OP4U,9FH4OP4U,A022,R031,Closed Won,5312.0,2017-08-04,West,GTX Plus Pro
N128I4H8,N128I4H8,A050,R031,Closed Won,66.0,2017-06-07,West,MG Special
8NKLCSES,8NKLCSES,A072,R007,Closed Won,1115.0,2017-06-18,Central,GTX Plus Basic
1ZMWMU21,1ZMWMU21,A013,R007,Closed Won,3407.0,2017-08-23,Central,MG Advanced
R617R51D,R617R51D,A009,R009,Closed Won,540.0,2017-09-03,Central,GTX Basic
W8E2YLNY,W8E2YLNY,A001,R021,Closed Won,1095.0,2017-09-04,East,GTX Plus Basic
TX9VFL4J,TX9VFL4J,A063,R021,Closed Won,1019.0,2017-08-23,East,GTX Plus Basic
5ELX1QYM,5ELX1QYM,A033,R024,Closed Lost,0.0,2017-05-30,West,GTX Plus Basic
RTQVKK41,RTQVKK41,A061,R024,Closed Lost,0.0,2017-08-17,West,GTX Pro
9DEDEQ5O,9DEDEQ5O,A033,R024,Closed Won,4477.0,2017-09-14,West,GTX Pro
Z8JLMCOM,Z8JLMCOM,A035,R024,Closed Won,4644.0,2017-06-02,West,GTX Pro
1O58TWRZ,1O58TWRZ,A023,R001,Closed Lost,0.0,2017-08-20,Central,GTX Basic
RHOZIG9P,RHOZIG9P,A009,R001,Closed Lost,0.0,2017-06-13,Central,GTX Plus Basic
52Q1PYGW,52Q1PYGW,A084,R022,Closed Won,940.0,2017-06-08,East,GTX Plus Basic
56ZJUSNG,56ZJUSNG,A001,R018,Closed Won,5378.0,2017-06-07,East,GTX Pro
Y92RU9V8,Y92RU9V8,A042,R018,Closed Won,4712.0,2017-06-15,East,GTX Pro
SXV6VZVC,SXV6VZVC,A004,R010,Closed Won,1118.0,2017-08-25,Central,GTX Plus Basic
BGY307FC,BGY307FC,A026,R020,Closed Won,5695.0,2017-08-11,East,GTX Plus Pro
BAN0BVHW,BAN0BVHW,A080,R020,Closed Won,4462.0,2017-08-05,East,GTX Pro
GV9G96Z1,GV9G96Z1,A056,R015,Closed Lost,0.0,2017-08-30,East,GTX Pro
Z75R686C,Z75R686C,A064,R026,Closed Won,3701.0,2017-08-28,West,MG Advanced
12GLKKV4,12GLKKV4,A041,R027,Closed Won,941.0,2017-06-08,West,GTX Plus Basic
VDD7H92Q,VDD7H92Q,A035,R034,Closed Won,1171.0,2017-06-05,West,GTX Plus Basic
83JP1K4E,83JP1K4E,A058,R025,Closed Won,24899.0,2017-08-28,West,GTK 500
ME3H0RUJ,ME3H0RUJ,A058,R025,Closed Won,3418.0,2017-09-21,West,MG Advanced
W8E76HJG,W8E76HJG,A036,R024,Closed Won,537.0,2017-06-08,West,GTX Basic
IMB2N710,IMB2N710,A058,R033,Closed Won,1053.0,2017-08-04,West,GTX Plus Basic
OJBBZHM4,OJBBZHM4,A028,R001,Closed Won,497.0,2017-06-11,Central,GTX Basic
2PQORQGO,2PQORQGO,A082,R022,Closed Won,5714.0,2017-09-13,East,GTX Plus Pro
I3RW4OMF,I3RW4OMF,A004,R002,Closed Won,611.0,2017-08-29,Central,GTX Basic
LG8ZAMCB,LG8ZAMCB,A053,R013,Closed Won,5642.0,2017-06-11,East,GTX Pro
XJ8UTM6B,XJ8UTM6B,A074,R013,Closed Won,5081.0,2017-06-11,East,GTX Pro
CVGTFBZE,CVGTFBZE,A009,R010,Closed Won,3985.0,2017-08-02,Central,GTX Pro
RW02HG5P,RW02HG5P,A007,R020,Closed Won,3313.0,2017-06-11,East,MG Advanced
7W8CQJ2Z,7W8CQJ2Z,A054,R028,Closed Won,3850.0,2017-06-11,West,MG Advanced
M03IHS3P,M03IHS3P,A062,R008,Closed Won,917.0,2017-08-06,Central,GTX Plus Basic
GX3SHSEA,GX3SHSEA,A068,R008,Closed Won,56.0,2017-08-08,Central,MG Special
9KTHISLX,9KTHISLX,A047,R030,Closed Lost,0.0,2017-08-18,West,MG Advanced
Q808L4HZ,Q808L4HZ,A051,R030,Closed Won,5194.0,2017-08-07,West,GTX Pro
IWQP4M72,IWQP4M72,A004,R006,Closed Lost,0.0,2017-08-29,Central,GTX Plus Basic
3GOXMQPF,3GOXMQPF,A031,R031,Closed Won,1002.0,2017-08-17,West,GTX Plus Basic
1WZ5N86Q,1WZ5N86Q,A036,R031,Closed Won,6042.0,2017-08-17,West,GTX Plus Pro
C3QK8M7F,C3QK8M7F,A065,R027,Closed Won,4423.0,2017-06-15,West,GTX Plus Pro
9BXXDYH9,9BXXDYH9,A034,R027,Closed Won,45.0,2017-08-18,West,MG Special
4X3H9YD5,4X3H9YD5,A042,R025,Closed Won,25791.0,2017-08-29,West,GTK 500
K83L4L0I,K83L4L0I,A049,R014,Closed Won,2918.0,2017-06-17,East,MG Advanced
E9C7WXQL,E9C7WXQL,A068,R003,Closed Won,959.0,2017-09-19,Central,GTX Plus Basic
AAVJHH3M,AAVJHH3M,A033,R033,Closed Won,5532.0,2017-06-06,West,GTX Pro
NEVHU7GV,NEVHU7GV,A052,R022,Closed Lost,0.0,2017-08-07,East,GTX Plus Basic
POLWB0UX,POLWB0UX,A078,R013,Closed Won,4687.0,2017-06-06,East,GTX Pro
ZSHK2ZXD,ZSHK2ZXD,A015,R010,Closed Won,602.0,2017-06-21,Central,GTX Basic
PF7GFMLQ,PF7GFMLQ,A012,R020,Closed Won,595.0,2017-08-10,East,GTX Basic
LKMZWCKQ,LKMZWCKQ,A025,R008,Closed Lost,0.0,2017-09-06,Central,GTX Pro
3D6ZHLF0,3D6ZHLF0,A083,R032,Closed Lost,0.0,2017-08-05,West,GTX Basic
3R8PJCCW,3R8PJCCW,A006,R031,Closed Won,2868.0,2017-09-03,West,MG Advanced
CPWTJ2WC,CPWTJ2WC,A023,R007,Closed Won,3236.0,2017-06-03,Central,MG Advanced
QZLWUJEJ,QZLWUJEJ,A026,R021,Closed Lost,0.0,2017-05-31,East,GTX Pro
NDVZAHYA,NDVZAHYA,A031,R024,Closed Won,524.0,2017-08-15,West,GTX Basic
1R8VKE8O,1R8VKE8O,A031,R024,Closed Won,5631.0,2017-08-15,West,GTX Plus Pro
LNX7ULEG,LNX7ULEG,A065,R033,Closed Won,5572.0,2017-08-22,West,GTX Plus Pro
42N0IWF8,42N0IWF8,A012,R033,Closed Won,5644.0,2017-06-05,West,GTX Pro
N60TC14O,N60TC14O,A085,R002,Closed Lost,0.0,2017-08-05,Central,GTX Plus Pro
V6YYDG56,V6YYDG56,A018,R018,Closed Lost,0.0,2017-06-16,East,GTX Plus Pro
S1AU0IZX,S1AU0IZX,A038,R010,Closed Won,4192.0,2017-06-04,Central,GTX Pro
GFXKHCEM,GFXKHCEM,A021,R028,Closed Lost,0.0,2017-09-05,West,MG Special
YH2NHVXC,YH2NHVXC,A006,R028,Closed Lost,0.0,2017-08-26,West,MG Advanced
JSNPH01N,JSNPH01N,A065,R028,Closed Won,56.0,2017-06-10,West,MG Special
CQDULMXS,CQDULMXS,A027,R015,Closed Won,607.0,2017-08-05,East,GTX Basic
VKM187MX,VKM187MX,A012,R008,Closed Won,48.0,2017-06-09,Central,MG Special
4IUJNFPF,4IUJNFPF,A064,R030,Closed Lost,0.0,2017-08-18,West,GTX Basic
ZE7PM90V,ZE7PM90V,A006,R030,Closed Won,570.0,2017-08-23,West,GTX Basic
CAAYFKK8,CAAYFKK8,A064,R030,Closed Won,1056.0,2017-06-04,West,GTX Plus Basic
NQZNAEYQ,NQZNAEYQ,A047,R032,Closed Won,560.0,2017-09-03,West,GTX Basic
J47DPNB5,J47DPNB5,A054,R031,Closed Lost,0.0,2017-08-03,West,GTX Plus Pro
37B8ES7X,37B8ES7X,A034,R031,Closed Won,588.0,2017-06-21,West,GTX Basic
KYABDCKE,KYABDCKE,A079,R031,Closed Won,4356.0,2017-09-02,West,GTX Pro
3CP9VXC1,3CP9VXC1,A046,R031,Closed Won,69.0,2017-08-15,West,MG Special
9XGT3451,9XGT3451,A057,R004,Closed Won,505.0,2017-08-02,Central,GTX Basic
AG0H8IAZ,AG0H8IAZ,A065,R027,Closed Won,510.0,2017-09-23,West,GTX Basic
28FTXKAB,28FTXKAB,A083,R027,Closed Won,3722.0,2017-09-23,West,MG Advanced
ROUOR5L0,ROUOR5L0,A024,R034,Closed Won,1145.0,2017-08-02,West,GTX Plus Basic
QPMZ5RG0,QPMZ5RG0,A068,R005,Closed Won,53.0,2017-08-27,Central,MG Special
2PMIYAFN,2PMIYAFN,A042,R021,Closed Won,1120.0,2017-06-15,East,GTX Plus Basic
CRWE8FRT,CRWE8FRT,A037,R021,Closed Won,3404.0,2017-09-22,East,MG Advanced
FC1LS6PY,FC1LS6PY,A085,R003,Closed Lost,0.0,2017-06-08,Central,MG Advanced
6FI9HAX7,6FI9HAX7,A059,R003,Closed Won,46.0,2017-06-13,Central,MG Special
JL86Q0B4,JL86Q0B4,A071,R016,Closed Won,53.0,2017-06-14,East,MG Special
Y2A8EUBM,Y2A8EUBM,A064,R033,Closed Lost,0.0,2017-08-20,West,GTX Basic
C2MKJA8V,C2MKJA8V,A012,R033,Closed Won,4988.0,2017-06-05,West,GTX Pro
IJ4Y77D9,IJ4Y77D9,A058,R033,Closed Won,53.0,2017-08-12,West,MG Special
CGCPVYNI,CGCPVYNI,A039,R001,Closed Won,523.0,2017-06-08,Central,GTX Basic
ST8ZOXKI,ST8ZOXKI,A036,R001,Closed Won,63.0,2017-06-11,Central,MG Special
P07OGZ3F,P07OGZ3F,A066,R001,Closed Won,54.0,2017-08-28,Central,MG Special
0DLEXLEV,0DLEXLEV,A080,R022,Closed Won,6117.0,2017-09-07,East,GTX Plus Pro
27UN3UX8,27UN3UX8,A052,R019,Closed Won,5112.0,2017-06-09,East,GTX Plus Pro
NR5D7201,NR5D7201,A042,R013,Closed Won,3527.0,2017-09-03,East,MG Advanced
LKBS2IJC,LKBS2IJC,A045,R010,Closed Lost,0.0,2017-06-11,Central,GTX Plus Pro
MFO940S8,MFO940S8,A023,R010,Closed Lost,0.0,2017-08-24,Central,MG Special
5O0597PP,5O0597PP,A076,R010,Closed Lost,0.0,2017-08-07,Central,MG Advanced
C4FEG98K,C4FEG98K,A038,R010,Closed Won,565.0,2017-06-14,Central,GTX Basic
EKH5O1HH,EKH5O1HH,A059,R010,Closed Won,3771.0,2017-06-09,Central,MG Advanced
BZ9C1LQT,BZ9C1LQT,A021,R028,Closed Lost,0.0,2017-08-09,West,MG Advanced
ZT6D57ED,ZT6D57ED,A062,R008,Closed Won,6274.0,2017-09-02,Central,GTX Plus Pro
NKERMTB8,NKERMTB8,A054,R026,Closed Lost,0.0,2017-08-03,West,MG Advanced
Q67320CY,Q67320CY,A070,R026,Closed Won,3480.0,2017-08-17,West,MG Advanced
K5NFTQRI,K5NFTQRI,A021,R030,Closed Won,5770.0,2017-08-16,West,GTX Plus Pro
IJ7B896N,IJ7B896N,A036,R031,Closed Lost,0.0,2017-09-12,West,MG Advanced
8KBVRQHD,8KBVRQHD,A067,R004,Closed Lost,0.0,2017-08-29,Central,GTX Plus Pro
AGZ87JFX,AGZ87JFX,A057,R005,Closed Lost,0.0,2017-08-01,Central,GTX Basic
OBGCQ1BK,OBGCQ1BK,A016,R009,Closed Lost,0.0,2017-09-21,Central,GTX Basic
K05LLUU4,K05LLUU4,A059,R009,Closed Lost,0.0,2017-09-25,Central,GTX Basic
9WISPXZW,9WISPXZW,A044,R021,Closed Won,562.0,2017-06-12,East,GTX Basic
4ZGA57SX,4ZGA57SX,A049,R014,Closed Won,4686.0,2017-08-03,East,GTX Pro
6ONKN1IM,6ONKN1IM,A051,R024,Closed Lost,0.0,2017-08-22,West,MG Advanced
JVIIWJDL,JVIIWJDL,A053,R012,Closed Won,38.0,2017-09-02,East,MG Special
W8M8XI8Y,W8M8XI8Y,A024,R033,Closed Won,3184.0,2017-08-05,West,MG Advanced
MELHF0ZP,MELHF0ZP,A060,R001,Closed Won,5373.0,2017-09-17,Central,GTX Plus Pro
6SV2WYK4,6SV2WYK4,A007,R022,Closed Won,1239.0,2017-09-05,East,GTX Plus Basic
6JEAYHOE,6JEAYHOE,A039,R002,Closed Lost,0.0,2017-06-18,Central,MG Advanced
IKQSEYPT,IKQSEYPT,A068,R002,Closed Won,52.0,2017-06-12,Central,MG Special
ZN0FWO0L,ZN0FWO0L,A026,R013,Closed Won,651.0,2017-09-19,East,GTX Basic
CPL37MZC,CPL37MZC,A015,R010,Closed Won,6026.0,2017-08-02,Central,GTX Plus Pro
GM68OLDH,GM68OLDH,A033,R030,Closed Won,5569.0,2017-09-05,West,GTX Plus Pro
W604BPPE,W604BPPE,A019,R006,Closed Lost,0.0,2017-08-25,Central,GTX Basic
GIJ14130,GIJ14130,A036,R006,Closed Won,519.0,2017-09-04,Central,GTX Basic
CUA83384,CUA83384,A061,R032,Closed Won,558.0,2017-09-05,West,GTX Basic
ZGQI86AQ,ZGQI86AQ,A065,R031,Closed Won,523.0,2017-09-05,West,GTX Basic
L8NLCWFS,L8NLCWFS,A061,R031,Closed Won,4869.0,2017-08-20,West,GTX Pro
UPHLXZ3M,UPHLXZ3M,A025,R004,Closed Lost,0.0,2017-08-02,Central,MG Special
JDFQYP5L,JDFQYP5L,A066,R004,Closed Won,588.0,2017-08-09,Central,GTX Basic
06AIY3IS,06AIY3IS,A012,R007,Closed Won,5712.0,2017-08-21,Central,GTX Plus Pro
4LQAN2JX,4LQAN2JX,A031,R034,Closed Won,1046.0,2017-08-29,West,GTX Plus Basic
84QGC91P,84QGC91P,A064,R034,Closed Won,54.0,2017-08-17,West,MG Special
98MASV7P,98MASV7P,A078,R021,Closed Won,4933.0,2017-08-12,East,GTX Pro
QFBBRJL5,QFBBRJL5,A074,R021,Closed Won,60.0,2017-09-26,East,MG Special
XCGW5K0N,XCGW5K0N,A063,R012,Closed Won,572.0,2017-09-12,East,GTX Basic
UUF8Z53N,UUF8Z53N,A012,R012,Closed Won,55.0,2017-08-30,East,MG Special
J6MIKNYJ,J6MIKNYJ,A078,R012,Closed Won,51.0,2017-08-22,East,MG Special
3W4AWYSK,3W4AWYSK,A075,R019,Closed Lost,0.0,2017-08-24,East,GTX Plus Pro
VBN5T6F8,VBN5T6F8,A053,R019,Closed Won,59.0,2017-08-31,East,MG Special
W1J3L0EU,W1J3L0EU,A002,R018,Closed Won,4492.0,2017-06-06,East,GTX Pro
45CMXP2K,45CMXP2K,A073,R010,Closed Lost,0.0,2017-08-03,Central,GTX Basic
6OJAC85F,6OJAC85F,A011,R010,Closed Lost,0.0,2017-08-29,Central,GTX Pro
K94WM7M4,K94WM7M4,A081,R020,Closed Lost,0.0,2017-08-27,East,MG Advanced
31KRB7R2,31KRB7R2,A054,R030,Closed Lost,0.0,2017-08-12,West,GTX Basic
5PG1KSKD,5PG1KSKD,A021,R030,Closed Lost,0.0,2017-08-06,West,GTX Pro
LDAXEBR0,LDAXEBR0,A073,R006,Closed Won,639.0,2017-06-22,Central,GTX Basic
NGTMVX1C,NGTMVX1C,A029,R006,Closed Won,1040.0,2017-06-21,Central,GTX Plus Basic
SFBHZLHK,SFBHZLHK,A023,R006,Closed Won,4138.0,2017-09-12,Central,GTX Pro
13PPMGNM,13PPMGNM,A054,R032,Closed Lost,0.0,2017-08-07,West,GTX Plus Basic
6GY8Q8F0,6GY8Q8F0,A025,R004,Closed Won,54.0,2017-09-23,Central,MG Special
5JIXFMFY,5JIXFMFY,A038,R004,Closed Won,3438.0,2017-09-14,Central,MG Advanced
JBY30BSR,JBY30BSR,A024,R027,Closed Lost,0.0,2017-08-05,West,GTX Pro
69XL3JMB,69XL3JMB,A039,R007,Closed Won,1017.0,2017-08-05,Central,GTX Plus Basic
DYWMK8OF,DYWMK8OF,A064,R025,Closed Won,3314.0,2017-09-19,West,MG Advanced
GG8XQD8Z,GG8XQD8Z,A009,R003,Closed Lost,0.0,2017-08-12,Central,MG Special
URT8A7OQ,URT8A7OQ,A057,R003,Closed Won,51.0,2017-08-24,Central,MG Special
LGO0XF4X,LGO0XF4X,A042,R024,Closed Won,50.0,2017-09-10,West,MG Special
Y46OEBEH,Y46OEBEH,A081,R012,Closed Won,54.0,2017-06-09,East,MG Special
G54JJCMX,G54JJCMX,A062,R001,Closed Lost,0.0,2017-08-18,Central,GTX Plus Pro
BPQ0358T,BPQ0358T,A057,R001,Closed Lost,0.0,2017-09-16,Central,MG Advanced
EPH7L4K0,EPH7L4K0,A012,R022,Closed Lost,0.0,2017-09-05,East,GTX Pro
SMU4542Q,SMU4542Q,A036,R002,Closed Lost,0.0,2017-08-16,Central,GTX Plus Basic
E884CL8B,E884CL8B,A052,R018,Closed Won,4942.0,2017-06-17,East,GTX Pro
4K8N65EM,4K8N65EM,A037,R020,Closed Lost,0.0,2017-08-06,East,MG Special
KVTBYOVD,KVTBYOVD,A042,R020,Closed Won,4612.0,2017-06-14,East,GTX Pro
ZA6CBQAL,ZA6CBQAL,A084,R020,Closed Won,4308.0,2017-06-20,East,GTX Pro
Y6YZXVTF,Y6YZXVTF,A048,R020,Closed Won,2876.0,2017-09-04,East,MG Advanced
SHETLR3T,SHETLR3T,A076,R008,Closed Won,4990.0,2017-08-30,Central,GTX Plus Pro
EL03YRD0,EL03YRD0,A061,R026,Closed Lost,0.0,2017-09-29,West,GTX Plus Basic
3KZUBSRU,3KZUBSRU,A065,R026,Closed Won,1024.0,2017-09-09,West,GTX Plus Basic
FA6JQ4V2,FA6JQ4V2,A047,R032,Closed Won,53.0,2017-09-16,West,MG Special
N7WUBQR0,N7WUBQR0,A064,R031,Closed Lost,0.0,2017-09-17,West,GTX Plus Basic
9KJ89VHI,9KJ89VHI,A041,R031,Closed Won,525.0,2017-09-01,West,GTX Basic
N3CN7GCZ,N3CN7GCZ,A050,R031,Closed Won,60.0,2017-08-27,West,MG Special
KAHKF9H1,KAHKF9H1,A061,R027,Closed Won,967.0,2017-06-08,West,GTX Plus Basic
P4UJ64QM,P4UJ64QM,A058,R034,Closed Lost,0.0,2017-08-14,West,GTX Basic
IHF5GR01,IHF5GR01,A037,R021,Closed Won,524.0,2017-06-14,East,GTX Basic
81DUFIPO,81DUFIPO,A041,R025,Closed Won,57.0,2017-09-10,West,MG Special
58K44TMD,58K44TMD,A008,R014,Closed Lost,0.0,2017-06-20,East,MG Advanced
EEBOSTAA,EEBOSTAA,A076,R003,Closed Won,5056.0,2017-06-13,Central,GTX Plus Pro
9DDHZUZB,9DDHZUZB,A044,R024,Closed Won,600.0,2017-06-08,West,GTX Basic
IWLEND3K,IWLEND3K,A020,R019,Closed Won,633.0,2017-09-26,East,GTX Basic
VICY80KW,VICY80KW,A075,R019,Closed Won,4994.0,2017-08-27,East,GTX Pro
H35AXY3M,H35AXY3M,A042,R013,Closed Won,899.0,2017-06-10,East,GTX Plus Basic
1UHFKBP6,1UHFKBP6,A062,R010,Closed Lost,0.0,2017-08-06,Central,GTX Pro
VF7DWQIH,VF7DWQIH,A015,R010,Closed Won,5421.0,2017-08-25,Central,GTX Plus Pro
C7NW3JB2,C7NW3JB2,A028,R010,Closed Won,5223.0,2017-08-23,Central,GTX Pro
SUABQAC0,SUABQAC0,A060,R010,Closed Won,4794.0,2017-06-18,Central,GTX Pro
6JWA8DFJ,6JWA8DFJ,A072,R010,Closed Won,4903.0,2017-09-06,Central,GTX Pro
OEBJXZN6,OEBJXZN6,A019,R010,Closed Won,3625.0,2017-08-13,Central,MG Advanced
QMUBRAT2,QMUBRAT2,A029,R008,Closed Lost,0.0,2017-08-28,Central,GTX Basic
W5P1OLUL,W5P1OLUL,A060,R006,Closed Won,554.0,2017-08-03,Central,GTX Basic
JP4H1WG4,JP4H1WG4,A064,R032,Closed Lost,0.0,2017-09-03,West,GTX Basic
580XZTEO,580XZTEO,A070,R032,Closed Lost,0.0,2017-06-11,West,GTX Basic
MASS6JEE,MASS6JEE,A035,R031,Closed Won,5039.0,2017-09-05,West,GTX Pro
XNC9UMYH,XNC9UMYH,A022,R027,Closed Won,1169.0,2017-08-30,West,GTX Plus Basic
AUEAKRQV,AUEAKRQV,A072,R007,Closed Won,5055.0,2017-09-19,Central,GTX Pro
08Q8A6M9,08Q8A6M9,A062,R007,Closed Won,60.0,2017-06-22,Central,MG Special
6F8IL0XV,6F8IL0XV,A012,R034,Closed Lost,0.0,2017-08-27,West,GTX Plus Basic
NTHLG5DT,NTHLG5DT,A031,R034,Closed Won,595.0,2017-09-08,West,GTX Basic
Y5OZ7VOF,Y5OZ7VOF,A054,R034,Closed Won,3227.0,2017-06-21,West,MG Advanced
9HLQVY37,9HLQVY37,A045,R005,Closed Lost,0.0,2017-06-11,Central,GTX Plus Basic
8C3LOLPY,8C3LOLPY,A059,R005,Closed Lost,0.0,2017-08-14,Central,GTX Plus Basic
QMJHLT1V,QMJHLT1V,A036,R005,Closed Won,59.0,2017-09-20,Central,MG Special
Q5JU0LZJ,Q5JU0LZJ,A038,R009,Closed Won,479.0,2017-09-26,Central,GTX Basic
IRODLEGG,IRODLEGG,A029,R009,Closed Won,3449.0,2017-09-14,Central,MG Advanced
HTA6XLY3,HTA6XLY3,A048,R021,Closed Won,54.0,2017-09-24,East,MG Special
XW7J3TI2,XW7J3TI2,A035,R024,Closed Lost,0.0,2017-08-14,West,MG Advanced
1BV5JLZV,1BV5JLZV,A017,R024,Closed Won,59.0,2017-09-01,West,MG Special
84D18IA1,84D18IA1,A001,R012,Closed Lost,0.0,2017-08-01,East,MG Special
41IM8V9E,41IM8V9E,A024,R033,Closed Lost,0.0,2017-09-27,West,GTX Basic
NXFAXN16,NXFAXN16,A068,R001,Closed Won,55.0,2017-09-27,Central,MG Special
FXXEZ5U2,FXXEZ5U2,A037,R019,Closed Won,3042.0,2017-08-09,East,MG Advanced
3F81XLI7,3F81XLI7,A026,R013,Closed Won,4230.0,2017-08-11,East,GTX Pro
ID4LC9V5,ID4LC9V5,A037,R018,Closed Won,979.0,2017-08-15,East,GTX Plus Basic
IPQFYK0E,IPQFYK0E,A084,R018,Closed Won,1064.0,2017-06-17,East,GTX Plus Basic
UU0F81HS,UU0F81HS,A078,R018,Closed Won,5166.0,2017-08-20,East,GTX Pro
7SBDZJF4,7SBDZJF4,A005,R020,Closed Won,1036.0,2017-08-23,East,GTX Plus Basic
7UI7YX03,7UI7YX03,A036,R028,Closed Won,4330.0,2017-08-06,West,GTX Pro
BNYWSG6W,BNYWSG6W,A036,R008,Closed Won,3598.0,2017-09-13,Central,MG Advanced
RC1YCAEP,RC1YCAEP,A032,R030,Closed Won,431.0,2017-08-16,West,GTX Basic
H6TY7RBJ,H6TY7RBJ,A025,R006,Closed Lost,0.0,2017-08-28,Central,GTX Plus Basic
MU6NOSH1,MU6NOSH1,A025,R006,Closed Won,624.0,2017-06-17,Central,GTX Basic
OFIORN0G,OFIORN0G,A023,R006,Closed Won,1140.0,2017-06-11,Central,GTX Plus Basic
PMHOZRJN,PMHOZRJN,A012,R032,Closed Won,62.0,2017-09-17,West,MG Special
7Z3Q8UYS,7Z3Q8UYS,A021,R031,Closed Lost,0.0,2017-08-01,West,GTX Basic
YT9PLSVL,YT9PLSVL,A068,R004,Closed Won,584.0,2017-09-15,Central,GTX Basic
BQINW2LB,BQINW2LB,A047,R027,Closed Lost,0.0,2017-09-09,West,MG Special
BLFMYCVF,BLFMYCVF,A032,R027,Closed Won,57.0,2017-08-19,West,MG Special
379SDV6Y,379SDV6Y,A067,R009,Closed Won,1267.0,2017-08-05,Central,GTX Plus Basic
FE2AE2YO,FE2AE2YO,A074,R021,Closed Lost,0.0,2017-06-11,East,GTX Pro
2756CEOQ,2756CEOQ,A055,R024,Closed Won,55.0,2017-09-16,West,MG Special
Z4CFFZAW,Z4CFFZAW,A053,R012,Closed Won,63.0,2017-09-10,East,MG Special
I967JINR,I967JINR,A018,R016,Closed Won,3961.0,2017-09-05,East,GTX Pro
IE18U4NO,IE18U4NO,A081,R016,Closed Won,45.0,2017-08-26,East,MG Special
JNIMHE7Y,JNIMHE7Y,A076,R001,Closed Won,61.0,2017-08-20,Central,MG Special
KUKJQX9Y,KUKJQX9Y,A008,R019,Closed Lost,0.0,2017-09-08,East,MG Advanced
QCIG6H19,QCIG6H19,A039,R010,Closed Won,1114.0,2017-08-31,Central,GTX Plus Basic
R7IIOFBH,R7IIOFBH,A042,R015,Closed Won,566.0,2017-08-05,East,GTX Basic
Q7ST5E1W,Q7ST5E1W,A015,R008,Closed Lost,0.0,2017-08-20,Central,MG Advanced
6MTURF7Q,6MTURF7Q,A033,R026,Closed Won,56.0,2017-06-21,West,MG Special
MWT1ZV0Y,MWT1ZV0Y,A059,R006,Closed Won,627.0,2017-06-18,Central,GTX Basic
B7Q6Q7S2,B7Q6Q7S2,A014,R027,Closed Won,1101.0,2017-08-16,West,GTX Plus Basic
3DYZN86H,3DYZN86H,A036,R027,Closed Won,2979.0,2017-09-17,West,MG Advanced
QYKTG5QA,QYKTG5QA,A039,R007,Closed Lost,0.0,2017-09-04,Central,MG Advanced
67CKCI5G,67CKCI5G,A027,R021,Closed Lost,0.0,2017-08-05,East,GTX Pro
2O1IK8VR,2O1IK8VR,A076,R003,Closed Won,3662.0,2017-06-17,Central,MG Advanced
N8NQK8K7,N8NQK8K7,A014,R033,Closed Lost,0.0,2017-08-22,West,GTX Pro
V93EX6XU,V93EX6XU,A050,R033,Closed Won,5185.0,2017-08-17,West,GTX Pro
5QNUZYIL,5QNUZYIL,A074,R022,Closed Won,3681.0,2017-06-24,East,MG Advanced
WX63AIMZ,WX63AIMZ,A019,R002,Closed Won,59.0,2017-06-18,Central,MG Special
09P7O0LQ,09P7O0LQ,A023,R002,Closed Won,60.0,2017-09-13,Central,MG Special
GYS3APR7,GYS3APR7,A007,R013,Closed Won,602.0,2017-08-05,East,GTX Basic
9VF00HWL,9VF00HWL,A078,R013,Closed Won,515.0,2017-08-12,East,GTX Basic
UTJGDR3K,UTJGDR3K,A068,R010,Closed Lost,0.0,2017-08-25,Central,GTX Pro
MD0SRXG4,MD0SRXG4,A059,R010,Closed Won,5175.0,2017-06-21,Central,GTX Plus Pro
E0ITYYTG,E0ITYYTG,A001,R020,Closed Lost,0.0,2017-08-27,East,GTX Pro
PGK5K24U,PGK5K24U,A056,R020,Closed Won,4780.0,2017-08-28,East,GTX Pro
X46ZXX2S,X46ZXX2S,A029,R006,Closed Lost,0.0,2017-08-11,Central,GTX Plus Basic
4QP55BTO,4QP55BTO,A029,R006,Closed Won,614.0,2017-06-16,Central,GTX Basic
G6X1B2K5,G6X1B2K5,A057,R006,Closed Won,532.0,2017-09-13,Central,GTX Basic
0YCAS0B9,0YCAS0B9,A023,R006,Closed Won,6096.0,2017-08-27,Central,GTX Plus Pro
6UZVABQR,6UZVABQR,A036,R031,Closed Won,486.0,2017-08-17,West,GTX Basic
9NTDQ8ZC,9NTDQ8ZC,A025,R004,Closed Won,566.0,2017-08-17,Central,GTX Basic
FCCI80H2,FCCI80H2,A064,R027,Closed Lost,0.0,2017-06-22,West,MG Special
ALQRAPZR,ALQRAPZR,A033,R027,Closed Won,923.0,2017-06-16,West,GTX Plus Basic
7SPRU76Q,7SPRU76Q,A036,R027,Closed Won,4744.0,2017-09-30,West,GTX Pro
JEMEGXUG,JEMEGXUG,A076,R007,Closed Won,517.0,2017-08-19,Central,GTX Basic
GVHIFUN1,GVHIFUN1,A085,R007,Closed Won,881.0,2017-06-14,Central,GTX Plus Basic
RBB3C85Q,RBB3C85Q,A030,R007,Closed Won,4272.0,2017-06-24,Central,GTX Pro
WFP9J5J7,WFP9J5J7,A024,R034,Closed Lost,0.0,2017-08-26,West,GTX Pro
8I4915WD,8I4915WD,A047,R034,Closed Won,805.0,2017-09-02,West,GTX Plus Basic
L831D7DF,L831D7DF,A025,R003,Closed Lost,0.0,2017-08-18,Central,MG Special
839DCVT2,839DCVT2,A011,R003,Closed Won,55.0,2017-09-13,Central,MG Special
EJ0EF8S1,EJ0EF8S1,A070,R024,Closed Won,507.0,2017-06-15,West,GTX Basic
0ORRC53X,0ORRC53X,A024,R033,Closed Won,520.0,2017-09-08,West,GTX Basic
3QTN3F5T,3QTN3F5T,A039,R001,Closed Won,3470.0,2017-08-15,Central,MG Advanced
SY6BWRRO,SY6BWRRO,A075,R022,Closed Lost,0.0,2017-08-14,East,GTX Pro
JW5SYMNS,JW5SYMNS,A084,R019,Closed Won,1176.0,2017-08-22,East,GTX Plus Basic
VP2CW520,VP2CW520,A073,R010,Closed Lost,0.0,2017-08-26,Central,GTX Plus Basic
2F0RUQ0B,2F0RUQ0B,A084,R020,Closed Won,4517.0,2017-08-02,East,GTX Pro
XUP62FUM,XUP62FUM,A058,R030,Closed Won,5125.0,2017-08-16,West,GTX Plus Pro
MUIT1E0M,MUIT1E0M,A042,R032,Closed Won,5339.0,2017-06-19,West,GTX Pro
D7XNUYJD,D7XNUYJD,A055,R031,Closed Lost,0.0,2017-08-19,West,GTX Pro
ORG6MXKF,ORG6MXKF,A012,R027,Closed Won,1135.0,2017-06-26,West,GTX Plus Basic
VS4UFFLH,VS4UFFLH,A042,R034,Closed Won,52.0,2017-09-05,West,MG Special
VUYQCXTY,VUYQCXTY,A004,R005,Closed Won,1017.0,2017-08-04,Central,GTX Plus Basic
YFJKP42F,YFJKP42F,A011,R005,Closed Won,3681.0,2017-06-27,Central,MG Advanced
OES8ZX7B,OES8ZX7B,A060,R009,Closed Lost,0.0,2017-08-04,Central,GTX Plus Basic
V9FD3EYK,V9FD3EYK,A049,R021,Closed Won,4370.0,2017-09-22,East,GTX Pro
3C9CWV6J,3C9CWV6J,A040,R019,Closed Won,3772.0,2017-06-14,East,MG Advanced
NDGQ0H91,NDGQ0H91,A069,R019,Closed Won,2871.0,2017-06-28,East,MG Advanced
OU9O62Y7,OU9O62Y7,A009,R002,Closed Won,4749.0,2017-08-04,Central,GTX Plus Pro
LFQCLMMG,LFQCLMMG,A026,R013,Closed Lost,0.0,2017-08-27,East,MG Special
3ZG0719M,3ZG0719M,A059,R010,Closed Won,1075.0,2017-08-26,Central,GTX Plus Basic
EMIAKHPF,EMIAKHPF,A043,R020,Closed Won,5051.0,2017-09-21,East,GTX Plus Pro
MKEVYIDI,MKEVYIDI,A039,R006,Closed Won,834.0,2017-06-17,Central,GTX Plus Basic
IFNT8NLL,IFNT8NLL,A033,R032,Closed Lost,0.0,2017-08-07,West,MG Special
EWRVDN3U,EWRVDN3U,A072,R007,Closed Lost,0.0,2017-09-19,Central,MG Advanced
WEGC0W05,WEGC0W05,A057,R007,Closed Won,54.0,2017-06-19,Central,MG Special
HZ283240,HZ283240,A068,R009,Closed Lost,0.0,2017-09-07,Central,GTX Basic
3J1W4LM0,3J1W4LM0,A016,R009,Closed Won,527.0,2017-06-21,Central,GTX Basic
1RIY3IBH,1RIY3IBH,A029,R009,Closed Won,2724.0,2017-06-12,Central,MG Advanced
6NZH6X7G,6NZH6X7G,A002,R021,Closed Lost,0.0,2017-06-21,East,GTX Plus Pro
DJ2GWNGZ,DJ2GWNGZ,A043,R021,Closed Won,551.0,2017-09-05,East,GTX Basic
S02S3TVE,S02S3TVE,A055,R024,Closed Won,1118.0,2017-06-21,West,GTX Plus Basic
34YT99YN,34YT99YN,A014,R024,Closed Won,6094.0,2017-08-23,West,GTX Plus Pro
N33B6LND,N33B6LND,A027,R016,Closed Lost,0.0,2017-08-22,East,MG Special
C7NBDKVV,C7NBDKVV,A050,R033,Closed Won,556.0,2017-08-06,West,GTX Basic
9YVSYSE8,9YVSYSE8,A029,R001,Closed Lost,0.0,2017-09-16,Central,GTX Basic
VUF34IPC,VUF34IPC,A057,R001,Closed Won,49.0,2017-09-13,Central,MG Special
ONUWPAJM,ONUWPAJM,A063,R019,Closed Lost,0.0,2017-09-11,East,GTX Plus Basic
A50JWKFS,A50JWKFS,A068,R002,Closed Won,1001.0,2017-09-25,Central,GTX Plus Basic
JP72AC6I,JP72AC6I,A071,R013,Closed Won,3777.0,2017-09-16,East,MG Advanced
9SZTURAF,9SZTURAF,A037,R018,Closed Won,892.0,2017-08-17,East,GTX Plus Basic
LB8UE159,LB8UE159,A040,R018,Closed Won,5353.0,2017-06-19,East,GTX Plus Pro
QYWZZ16B,QYWZZ16B,A003,R010,Closed Won,4410.0,2017-06-24,Central,GTX Pro
IJNOVBGU,IJNOVBGU,A045,R010,Closed Won,3768.0,2017-09-03,Central,MG Advanced
KYL4UFG5,KYL4UFG5,A007,R020,Closed Lost,0.0,2017-08-29,East,GTX Basic
QFBITAKR,QFBITAKR,A041,R030,Closed Won,507.0,2017-08-10,West,GTX Basic
VSZ4UVVN,VSZ4UVVN,A085,R006,Closed Won,1144.0,2017-09-20,Central,GTX Plus Basic
31C5DVJT,31C5DVJT,A010,R031,Closed Won,44.0,2017-09-22,West,MG Special
EG3KHGPL,EG3KHGPL,A073,R004,Closed Won,3470.0,2017-06-27,Central,MG Advanced
LSJ2A8ZX,LSJ2A8ZX,A010,R027,Closed Won,29166.0,2017-09-26,West,GTK 500
9D06AK8T,9D06AK8T,A042,R027,Closed Won,1045.0,2017-08-10,West,GTX Plus Basic
PPXIWYMT,PPXIWYMT,A021,R034,Closed Won,951.0,2017-09-12,West,GTX Plus Basic
YWKJW726,YWKJW726,A066,R003,Closed Won,43.0,2017-08-20,Central,MG Special
ZVT9J7V1,ZVT9J7V1,A085,R003,Closed Won,55.0,2017-06-15,Central,MG Special
NOBIC0PD,NOBIC0PD,A042,R019,Closed Won,4294.0,2017-08-17,East,GTX Pro
UKECBJV5,UKECBJV5,A068,R002,Closed Won,4961.0,2017-08-29,Central,GTX Plus Pro
UWVT8M2Y,UWVT8M2Y,A040,R013,Closed Lost,0.0,2017-08-18,East,GTX Basic
FU00L2Y2,FU00L2Y2,A052,R018,Closed Won,4506.0,2017-09-23,East,GTX Pro
518D68L9,518D68L9,A082,R020,Closed Lost,0.0,2017-06-26,East,GTX Pro
AOZKTGZG,AOZKTGZG,A064,R028,Closed Won,608.0,2017-08-22,West,GTX Basic
TKN1L8EX,TKN1L8EX,A081,R015,Closed Won,851.0,2017-09-20,East,GTX Plus Basic
9GQ6HQLK,9GQ6HQLK,A038,R008,Closed Won,1143.0,2017-09-20,Central,GTX Plus Basic
0RL4RHQJ,0RL4RHQJ,A029,R008,Closed Won,6365.0,2017-06-25,Central,GTX Plus Pro
ZE9WX1Q9,ZE9WX1Q9,A021,R026,Closed Won,54.0,2017-08-21,West,MG Special
QY6MB3QJ,QY6MB3QJ,A070,R031,Closed Lost,0.0,2017-08-14,West,GTX Basic
RUYLZD4O,RUYLZD4O,A065,R031,Closed Won,4798.0,2017-06-29,West,GTX Pro
BOVKZHAZ,BOVKZHAZ,A017,R027,Closed Lost,0.0,2017-08-29,West,MG Special
3X5BD9NU,3X5BD9NU,A021,R027,Closed Won,4733.0,2017-06-25,West,GTX Pro
YT8YYRTU,YT8YYRTU,A010,R034,Closed Won,1250.0,2017-08-29,West,GTX Plus Basic
6V7OMXY5,6V7OMXY5,A022,R034,Closed Won,5966.0,2017-09-01,West,GTX Plus Pro
0TR3RU8A,0TR3RU8A,A016,R009,Closed Won,61.0,2017-09-10,Central,MG Special
GTOKTXRA,GTOKTXRA,A061,R024,Closed Won,48.0,2017-09-20,West,MG Special
PBJ01MRE,PBJ01MRE,A081,R012,Closed Won,53.0,2017-09-21,East,MG Special
L2NXQFPN,L2NXQFPN,A010,R033,Closed Lost,0.0,2017-06-20,West,MG Special
0XWCTQL2,0XWCTQL2,A017,R033,Closed Won,51.0,2017-08-18,West,MG Special
SY72RAK2,SY72RAK2,A010,R033,Closed Won,3314.0,2017-09-04,West,MG Advanced
38YQ4771,38YQ4771,A073,R001,Closed Lost,0.0,2017-08-20,Central,MG Advanced
K7FBRQCA,K7FBRQCA,A028,R001,Closed Won,64.0,2017-09-25,Central,MG Special
F4V2FXK0,F4V2FXK0,A039,R001,Closed Won,58.0,2017-06-24,Central,MG Special
FZNEISTX,FZNEISTX,A049,R019,Closed Lost,0.0,2017-08-22,East,GTX Plus Basic
S34T8KPW,S34T8KPW,A048,R019,Closed Won,4598.0,2017-08-04,East,GTX Plus Pro
5F40OSXS,5F40OSXS,A049,R019,Closed Won,3424.0,2017-06-19,East,MG Advanced
AILF7GOP,AILF7GOP,A074,R019,Closed Won,3399.0,2017-09-30,East,MG Advanced
LMJINVRQ,LMJINVRQ,A002,R018,Closed Lost,0.0,2017-09-07,East,GTX Plus Basic
MHPI0ZW1,MHPI0ZW1,A045,R010,Closed Lost,0.0,2017-09-04,Central,GTX Basic
WJ81WITC,WJ81WITC,A003,R010,Closed Lost,0.0,2017-08-16,Central,GTX Plus Pro
AIAX4W1O,AIAX4W1O,A073,R010,Closed Won,5322.0,2017-09-10,Central,GTX Pro
DFSRHCXU,DFSRHCXU,A018,R020,Closed Won,496.0,2017-08-28,East,GTX Basic
1VFUCUWA,1VFUCUWA,A008,R015,Closed Won,3279.0,2017-08-27,East,MG Advanced
3IIDRUGI,3IIDRUGI,A062,R008,Closed Lost,0.0,2017-09-28,Central,MG Special
3VLKZISJ,3VLKZISJ,A061,R030,Closed Won,68.0,2017-06-27,West,MG Special
2GN2TRVV,2GN2TRVV,A073,R006,Closed Lost,0.0,2017-08-23,Central,GTX Basic
9C9GO9XO,9C9GO9XO,A025,R009,Closed Lost,0.0,2017-08-21,Central,GTX Plus Basic
ULES5Z21,ULES5Z21,A004,R003,Closed Won,59.0,2017-06-15,Central,MG Special
IITSDWWL,IITSDWWL,A021,R024,Closed Won,3205.0,2017-06-26,West,MG Advanced
8GYH6R9J,8GYH6R9J,A049,R016,Closed Lost,0.0,2017-06-27,East,GTX Basic
8X890G2T,8X890G2T,A029,R001,Closed Won,55.0,2017-06-23,Central,MG Special
74YVUL52,74YVUL52,A008,R019,Closed Lost,0.0,2017-09-17,East,GTX Basic
HH4I6PAY,HH4I6PAY,A026,R013,Closed Won,525.0,2017-09-02,East,GTX Basic
TAGD6XU9,TAGD6XU9,A039,R010,Closed Won,3455.0,2017-08-25,Central,MG Advanced
IIREXAQX,IIREXAQX,A022,R028,Closed Won,3110.0,2017-06-25,West,MG Advanced
8GISH3I9,8GISH3I9,A043,R015,Closed Lost,0.0,2017-06-27,East,MG Special
6M89XBL0,6M89XBL0,A061,R026,Closed Won,5053.0,2017-09-11,West,GTX Plus Pro
YT2QLCVS,YT2QLCVS,A034,R026,Closed Won,3539.0,2017-06-28,West,MG Advanced
4ICL09BD,4ICL09BD,A060,R006,Closed Won,580.0,2017-08-23,Central,GTX Basic
YWWVWOO4,YWWVWOO4,A058,R032,Closed Lost,0.0,2017-06-20,West,MG Advanced
8TTFFCIK,8TTFFCIK,A076,R004,Closed Won,3468.0,2017-06-17,Central,MG Advanced
OG13XT4P,OG13XT4P,A059,R009,Closed Won,54.0,2017-09-19,Central,MG Special
ZYRRGSQK,ZYRRGSQK,A007,R021,Closed Lost,0.0,2017-06-27,East,MG Advanced
0LDX9VLO,0LDX9VLO,A062,R003,Closed Lost,0.0,2017-08-11,Central,MG Special
XFFFWJQH,XFFFWJQH,A027,R012,Closed Lost,0.0,2017-08-20,East,MG Special
KRSNQKC6,KRSNQKC6,A084,R022,Closed Won,6040.0,2017-06-28,East,GTX Plus Pro
YY39ZQNV,YY39ZQNV,A071,R019,Closed Won,5857.0,2017-09-01,East,GTX Pro
YHVY1LHH,YHVY1LHH,A015,R002,Closed Won,3785.0,2017-06-25,Central,MG Advanced
2BG4ZR42,2BG4ZR42,A081,R013,Closed Lost,0.0,2017-09-19,East,GTX Plus Basic
QQCIN1M4,QQCIN1M4,A037,R018,Closed Won,420.0,2017-06-26,East,GTX Basic
KIMW6PXN,KIMW6PXN,A078,R018,Closed Won,4939.0,2017-06-20,East,GTX Pro
AKFNIQR0,AKFNIQR0,A062,R010,Closed Won,4564.0,2017-06-30,Central,GTX Pro
D5LEL3HF,D5LEL3HF,A057,R010,Closed Won,2683.0,2017-09-09,Central,MG Advanced
6X4EEUGA,6X4EEUGA,A010,R028,Closed Won,25464.0,2017-06-30,West,GTK 500
KTSB1KYT,KTSB1KYT,A036,R006,Closed Won,460.0,2017-09-09,Central,GTX Basic
RB7IA4JX,RB7IA4JX,A060,R006,Closed Won,546.0,2017-06-28,Central,GTX Basic
M4HY664H,M4HY664H,A013,R006,Closed Won,918.0,2017-09-25,Central,GTX Plus Basic
D2C191IK,D2C191IK,A016,R004,Closed Lost,0.0,2017-06-29,Central,MG Advanced
I2V3EPW7,I2V3EPW7,A072,R004,Closed Won,3018.0,2017-08-02,Central,MG Advanced
RB8LSFVK,RB8LSFVK,A065,R027,Closed Won,52.0,2017-08-24,West,MG Special
7SYJDW4L,7SYJDW4L,A005,R021,Closed Won,50.0,2017-08-04,East,MG Special
O7E0302B,O7E0302B,A078,R014,Closed Won,524.0,2017-09-13,East,GTX Basic
U11XXNCF,U11XXNCF,A078,R014,Closed Won,3306.0,2017-06-29,East,MG Advanced
73FYEJQV,73FYEJQV,A035,R024,Closed Won,54.0,2017-06-22,West,MG Special
C4CQ8FZL,C4CQ8FZL,A036,R024,Closed Won,53.0,2017-06-28,West,MG Special
OJ1WKIVY,OJ1WKIVY,A082,R016,Closed Won,514.0,2017-08-29,East,GTX Basic
N9ZXCBTU,N9ZXCBTU,A044,R018,Closed Won,985.0,2017-06-25,East,GTX Plus Basic
RLHNJZBW,RLHNJZBW,A013,R010,Closed Won,5843.0,2017-08-11,Central,GTX Pro
GKHTT70P,GKHTT70P,A028,R010,Closed Won,4577.0,2017-09-17,Central,GTX Pro
GL8PN4LQ,GL8PN4LQ,A039,R010,Closed Won,3323.0,2017-06-24,Central,MG Advanced
TTVQT1YD,TTVQT1YD,A002,R020,Closed Lost,0.0,2017-08-31,East,MG Advanced
NOHEK8PU,NOHEK8PU,A052,R020,Closed Won,483.0,2017-09-17,East,GTX Basic
56AN1DXW,56AN1DXW,A037,R015,Closed Lost,0.0,2017-08-22,East,GTX Basic
WB44DF28,WB44DF28,A075,R015,Closed Won,5206.0,2017-09-18,East,GTX Pro
DJ60T39C,DJ60T39C,A023,R008,Closed Won,3621.0,2017-09-04,Central,MG Advanced
52H2CE10,52H2CE10,A022,R032,Closed Won,4756.0,2017-06-25,West,GTX Pro
PVDGIYSB,PVDGIYSB,A039,R004,Closed Lost,0.0,2017-08-29,Central,GTX Plus Basic
F57Z7KJF,F57Z7KJF,A066,R004,Closed Won,3228.0,2017-06-24,Central,MG Advanced
ZGSQMEQ9,ZGSQMEQ9,A004,R009,Closed Won,1063.0,2017-09-17,Central,GTX Plus Basic
FM1RH52B,FM1RH52B,A080,R021,Closed Lost,0.0,2017-08-19,East,GTX Plus Basic
3NM7A8SX,3NM7A8SX,A051,R033,Closed Won,4234.0,2017-06-27,West,MG Advanced
1XWQZ1F8,1XWQZ1F8,A056,R019,Closed Won,1198.0,2017-09-16,East,GTX Plus Basic
LXGNXNX1,LXGNXNX1,A069,R013,Closed Won,4960.0,2017-09-09,East,GTX Pro
YQK2K6U5,YQK2K6U5,A003,R010,Closed Won,576.0,2017-08-22,Central,GTX Basic
FROU0UKW,FROU0UKW,A029,R010,Closed Won,5614.0,2017-08-25,Central,GTX Plus Pro
SD8JJSKT,SD8JJSKT,A068,R010,Closed Won,3422.0,2017-08-30,Central,MG Advanced
LCWP23CI,LCWP23CI,A024,R030,Closed Won,5306.0,2017-06-24,West,GTX Plus Pro
XQ4FN1KA,XQ4FN1KA,A031,R031,Closed Lost,0.0,2017-09-06,West,GTX Pro
9BTSKY01,9BTSKY01,A038,R004,Closed Won,60.0,2017-09-19,Central,MG Special
CQZSFN7C,CQZSFN7C,A044,R027,Closed Lost,0.0,2017-08-15,West,GTK 500
81LMZHD1,81LMZHD1,A004,R005,Closed Won,5018.0,2017-08-16,Central,GTX Plus Pro
1J5Y9X1H,1J5Y9X1H,A034,R024,Closed Won,3295.0,2017-09-17,West,MG Advanced
6LC0XB2D,6LC0XB2D,A060,R001,Closed Won,61.0,2017-08-29,Central,MG Special
YKC8JUSY,YKC8JUSY,A049,R022,Closed Lost,0.0,2017-07-01,East,GTX Plus Pro
PAQTBHVA,PAQTBHVA,A081,R019,Closed Won,59.0,2017-09-23,East,MG Special
JRWBU9BS,JRWBU9BS,A049,R018,Closed Won,3720.0,2017-06-26,East,GTX Pro
DXF00KY4,DXF00KY4,A039,R010,Closed Lost,0.0,2017-08-15,Central,MG Advanced
K6ZDH79M,K6ZDH79M,A025,R010,Closed Won,5088.0,2017-08-16,Central,GTX Pro
GKL9QV5B,GKL9QV5B,A061,R028,Closed Won,6666.0,2017-06-28,West,GTX Plus Pro
1V3IQVOF,1V3IQVOF,A059,R008,Closed Lost,0.0,2017-08-02,Central,GTX Plus Basic
BH7EXL5M,BH7EXL5M,A039,R008,Closed Won,5115.0,2017-06-23,Central,GTX Pro
K0HLZM4Q,K0HLZM4Q,A066,R006,Closed Lost,0.0,2017-08-21,Central,GTX Basic
BTNSR87A,BTNSR87A,A039,R006,Closed Won,1149.0,2017-07-01,Central,GTX Plus Basic
L58MN75X,L58MN75X,A004,R006,Closed Won,5220.0,2017-09-15,Central,GTX Pro
SWV0JUQJ,SWV0JUQJ,A066,R006,Closed Won,60.0,2017-06-22,Central,MG Special
910IXBKP,910IXBKP,A047,R032,Closed Won,551.0,2017-06-22,West,GTX Basic
NTNYA5PE,NTNYA5PE,A010,R027,Closed Won,505.0,2017-09-28,West,GTX Basic
AHRCT8IP,AHRCT8IP,A076,R007,Closed Lost,0.0,2017-09-03,Central,GTX Basic
ESH4HX52,ESH4HX52,A029,R007,Closed Won,5472.0,2017-08-21,Central,GTX Plus Pro
P8LGQH9G,P8LGQH9G,A028,R009,Closed Lost,0.0,2017-06-21,Central,GTX Pro
VT1LZKEY,VT1LZKEY,A021,R024,Closed Lost,0.0,2017-08-29,West,GTX Basic
0WC2J3UP,0WC2J3UP,A025,R001,Closed Lost,0.0,2017-08-28,Central,GTX Basic
VWSFZUNS,VWSFZUNS,A036,R001,Closed Won,5271.0,2017-08-24,Central,GTX Plus Pro
F3UB81V7,F3UB81V7,A005,R022,Closed Won,49.0,2017-08-23,East,MG Special
SEX08VFB,SEX08VFB,A053,R019,Closed Lost,0.0,2017-06-30,East,MG Advanced
FLANUQCV,FLANUQCV,A037,R013,Closed Won,1236.0,2017-09-21,East,GTX Plus Basic
8MKXIQQK,8MKXIQQK,A082,R018,Closed Won,5388.0,2017-06-21,East,GTX Pro
NDMY5PPT,NDMY5PPT,A013,R010,Closed Lost,0.0,2017-08-27,Central,GTX Pro
E4H6CBPJ,E4H6CBPJ,A025,R010,Closed Won,5449.0,2017-09-26,Central,GTX Pro
1FAMR9UR,1FAMR9UR,A025,R010,Closed Won,5030.0,2017-06-25,Central,GTX Pro
SYJKN818,SYJKN818,A036,R010,Closed Won,5195.0,2017-08-22,Central,GTX Pro
VMTPCY5G,VMTPCY5G,A012,R026,Closed Won,55.0,2017-06-25,West,MG Special
CV0BDYMP,CV0BDYMP,A021,R026,Closed Won,62.0,2017-09-29,West,MG Special
7DI7A7G7,7DI7A7G7,A070,R030,Closed Won,459.0,2017-08-19,West,GTX Basic
WE7YS7HD,WE7YS7HD,A079,R032,Closed Lost,0.0,2017-08-25,West,GTX Basic
4DLOXD13,4DLOXD13,A079,R032,Closed Won,1097.0,2017-08-07,West,GTX Plus Basic
XN63KZRZ,XN63KZRZ,A054,R032,Closed Won,5033.0,2017-09-29,West,GTX Plus Pro
WSG25BZ9,WSG25BZ9,A006,R031,Closed Won,4966.0,2017-09-22,West,GTX Pro
6GL2LRUH,6GL2LRUH,A024,R031,Closed Won,52.0,2017-06-24,West,MG Special
K0G1IB3Q,K0G1IB3Q,A017,R027,Closed Won,54.0,2017-06-27,West,MG Special
UYJDOT4Q,UYJDOT4Q,A065,R034,Closed Won,5816.0,2017-09-12,West,GTX Plus Pro
VOSSIXSY,VOSSIXSY,A012,R034,Closed Won,53.0,2017-09-03,West,MG Special
ILUMUKG8,ILUMUKG8,A054,R034,Closed Won,3994.0,2017-08-15,West,MG Advanced
DYUWF61W,DYUWF61W,A076,R005,Closed Lost,0.0,2017-06-28,Central,GTX Plus Pro
NUNQGOUW,NUNQGOUW,A067,R005,Closed Won,57.0,2017-09-04,Central,MG Special
CKT1GTY2,CKT1GTY2,A012,R021,Closed Lost,0.0,2017-07-02,East,MG Special
FUHP1IXR,FUHP1IXR,A061,R025,Closed Won,3752.0,2017-08-05,West,MG Advanced
TJEEFJG8,TJEEFJG8,A012,R014,Closed Won,4759.0,2017-09-21,East,GTX Pro
ABRQIWS9,ABRQIWS9,A067,R003,Closed Won,555.0,2017-08-24,Central,GTX Basic
B3K4Z5L0,B3K4Z5L0,A074,R012,Closed Lost,0.0,2017-06-24,East,GTX Basic
IVCON5CU,IVCON5CU,A044,R033,Closed Won,1213.0,2017-09-20,West,GTX Plus Basic
RQXFD7FW,RQXFD7FW,A065,R033,Closed Won,4428.0,2017-09-08,West,GTX Pro
LUP7FYS5,LUP7FYS5,A078,R022,Closed Lost,0.0,2017-07-02,East,GTX Plus Pro
REVQ7DSW,REVQ7DSW,A044,R019,Closed Lost,0.0,2017-08-08,East,GTX Pro
YSNODM63,YSNODM63,A068,R002,Closed Lost,0.0,2017-06-27,Central,GTX Plus Pro
PN3T4FUG,PN3T4FUG,A078,R013,Closed Lost,0.0,2017-09-21,East,GTX Basic
AQ3HBL9S,AQ3HBL9S,A040,R018,Closed Lost,0.0,2017-06-25,East,GTX Pro
VE4LZ8F5,VE4LZ8F5,A042,R018,Closed Won,62.0,2017-08-25,East,MG Special
Q5R1PYJS,Q5R1PYJS,A004,R010,Closed Lost,0.0,2017-09-11,Central,GTX Pro
5AOWZ6AG,5AOWZ6AG,A063,R020,Closed Won,3546.0,2017-08-09,East,MG Advanced
3AIA6RL3,3AIA6RL3,A036,R006,Closed Won,1132.0,2017-08-20,Central,GTX Plus Basic
OXPNURPT,OXPNURPT,A010,R032,Closed Lost,0.0,2017-08-13,West,GTX Basic
9TRVSW35,9TRVSW35,A012,R034,Closed Won,57.0,2017-08-19,West,MG Special
GTH3VIDW,GTH3VIDW,A021,R034,Closed Won,61.0,2017-06-23,West,MG Special
WFNKJ2LT,WFNKJ2LT,A055,R034,Closed Won,57.0,2017-07-01,West,MG Special
P7GCDFU8,P7GCDFU8,A048,R021,Closed Won,649.0,2017-09-14,East,GTX Basic
O22J2QPD,O22J2QPD,A020,R014,Closed Lost,0.0,2017-08-15,East,GTX Pro
ACOJBA02,ACOJBA02,A023,R003,Closed Won,4813.0,2017-07-01,Central,GTX Plus Pro
2FGEGLVU,2FGEGLVU,A017,R024,Closed Lost,0.0,2017-06-23,West,MG Special
FQB53DQH,FQB53DQH,A006,R024,Closed Won,51.0,2017-07-01,West,MG Special
1C2V9RAO,1C2V9RAO,A032,R024,Closed Won,3241.0,2017-09-13,West,MG Advanced
MNTTYFR6,MNTTYFR6,A037,R012,Closed Lost,0.0,2017-08-04,East,MG Special
7FN6LV2E,7FN6LV2E,A069,R012,Closed Won,592.0,2017-09-12,East,GTX Basic
V8I2CE9V,V8I2CE9V,A084,R016,Closed Won,506.0,2017-09-20,East,GTX Basic
1FXXXLJY,1FXXXLJY,A046,R033,Closed Lost,0.0,2017-09-25,West,GTX Basic
NYI5VMXK,NYI5VMXK,A011,R001,Closed Won,3571.0,2017-09-06,Central,MG Advanced
OJ1NQRDS,OJ1NQRDS,A071,R019,Closed Lost,0.0,2017-08-30,East,GTX Basic
Z9W748SJ,Z9W748SJ,A040,R019,Closed Won,60.0,2017-07-03,East,MG Special
LWX9V7HI,LWX9V7HI,A044,R019,Closed Won,59.0,2017-09-15,East,MG Special
PAQOPSR0,PAQOPSR0,A063,R013,Closed Won,551.0,2017-06-25,East,GTX Basic
AFQG21L7,AFQG21L7,A025,R010,Closed Lost,0.0,2017-07-01,Central,GTX Pro
RQJKAR7E,RQJKAR7E,A039,R010,Closed Lost,0.0,2017-07-02,Central,GTX Pro
6BV9IARK,6BV9IARK,A039,R010,Closed Won,4826.0,2017-07-01,Central,GTX Pro
NTGU3NYS,NTGU3NYS,A033,R028,Closed Won,58.0,2017-09-30,West,MG Special
3F5AAJZB,3F5AAJZB,A027,R015,Closed Won,5622.0,2017-06-26,East,GTX Pro
RJH0CL3Z,RJH0CL3Z,A036,R008,Closed Lost,0.0,2017-07-02,Central,MG Special
EK0KWGQX,EK0KWGQX,A019,R008,Closed Won,3177.0,2017-08-27,Central,MG Advanced
K33NPCAY,K33NPCAY,A021,R032,Closed Won,56.0,2017-08-11,West,MG Special
1LLRNE8G,1LLRNE8G,A042,R034,Closed Won,990.0,2017-09-22,West,GTX Plus Basic
EFWND7VS,EFWND7VS,A076,R009,Closed Won,587.0,2017-09-30,Central,GTX Basic
IR2D4ZG5,IR2D4ZG5,A005,R014,Closed Won,6229.0,2017-06-27,East,GTX Plus Pro
BYBZJBC9,BYBZJBC9,A076,R003,Closed Lost,0.0,2017-08-02,Central,MG Special
BO8DSRV7,BO8DSRV7,A077,R024,Closed Won,1027.0,2017-09-23,West,GTX Plus Basic
LD1HNIUL,LD1HNIUL,A061,R024,Closed Won,3559.0,2017-06-23,West,MG Advanced
RX39Z0P1,RX39Z0P1,A033,R033,Closed Won,506.0,2017-08-28,West,GTX Basic
PFHUAJ47,PFHUAJ47,A030,R001,Closed Lost,0.0,2017-07-03,Central,MG Special
CKJZ86N6,CKJZ86N6,A028,R001,Closed Lost,0.0,2017-08-11,Central,MG Advanced
ASC1OWNE,ASC1OWNE,A066,R001,Closed Won,6250.0,2017-09-12,Central,GTX Plus Pro
WCEPUBH5,WCEPUBH5,A036,R002,Closed Won,3510.0,2017-09-12,Central,MG Advanced
VMIMPP6H,VMIMPP6H,A074,R018,Closed Won,1078.0,2017-09-11,East,GTX Plus Basic
B0XO4WY7,B0XO4WY7,A048,R020,Closed Won,553.0,2017-07-02,East,GTX Basic
VYPIKMKO,VYPIKMKO,A072,R006,Closed Won,612.0,2017-08-27,Central,GTX Basic
VCD47XNB,VCD47XNB,A025,R006,Closed Won,1033.0,2017-06-26,Central,GTX Plus Basic
8QH99OEZ,8QH99OEZ,A038,R006,Closed Won,1051.0,2017-09-13,Central,GTX Plus Basic
1DMERFNB,1DMERFNB,A079,R031,Closed Won,628.0,2017-09-22,West,GTX Basic
FR8FT0ZX,FR8FT0ZX,A033,R027,Closed Won,4916.0,2017-09-04,West,GTX Plus Pro
DG7LABPD,DG7LABPD,A066,R007,Closed Won,3590.0,2017-09-28,Central,MG Advanced
ZMYUFTS9,ZMYUFTS9,A016,R005,Closed Won,3207.0,2017-08-16,Central,MG Advanced
P60EK5NN,P60EK5NN,A085,R005,Closed Won,2739.0,2017-09-21,Central,MG Advanced
YRYMSUE3,YRYMSUE3,A030,R009,Closed Won,557.0,2017-07-03,Central,GTX Basic
UZOTC90C,UZOTC90C,A080,R021,Closed Won,5302.0,2017-06-30,East,GTX Pro
5AAN00N1,5AAN00N1,A016,R003,Closed Lost,0.0,2017-08-26,Central,MG Special
JFHKBG40,JFHKBG40,A085,R003,Closed Won,3465.0,2017-07-01,Central,MG Advanced
RJD0D0GD,RJD0D0GD,A083,R033,Closed Won,4356.0,2017-09-06,West,GTX Pro
L9IXFTIL,L9IXFTIL,A027,R022,Closed Won,5301.0,2017-09-21,East,GTX Pro
HPBCTTV3,HPBCTTV3,A057,R002,Closed Lost,0.0,2017-07-04,Central,MG Advanced
48FB5MD2,48FB5MD2,A073,R002,Closed Won,66.0,2017-07-05,Central,MG Special
EJZM1INM,EJZM1INM,A075,R013,Closed Lost,0.0,2017-07-03,East,GTX Basic
FKNT3I12,FKNT3I12,A001,R013,Closed Lost,0.0,2017-07-01,East,GTX Pro
BLY5FD3N,BLY5FD3N,A040,R013,Closed Won,5640.0,2017-07-01,East,GTX Plus Pro
LXLU6LFC,LXLU6LFC,A043,R018,Closed Lost,0.0,2017-08-30,East,MG Advanced
A60QAIT3,A60QAIT3,A042,R018,Closed Won,1291.0,2017-09-28,East,GTX Plus Basic
RQ3BV2I5,RQ3BV2I5,A049,R018,Closed Won,3729.0,2017-09-27,East,GTX Pro
W8CSV90F,W8CSV90F,A073,R010,Closed Lost,0.0,2017-08-23,Central,GTX Pro
0W6S0ODT,0W6S0ODT,A013,R008,Closed Won,49.0,2017-07-03,Central,MG Special
408AHOYL,408AHOYL,A064,R026,Closed Lost,0.0,2017-07-03,West,MG Advanced
557JX4BM,557JX4BM,A055,R026,Closed Won,1099.0,2017-09-12,West,GTX Plus Basic
QPZFP9WT,QPZFP9WT,A046,R031,Closed Lost,0.0,2017-07-04,West,GTX Pro
L5T284M7,L5T284M7,A012,R004,Closed Lost,0.0,2017-07-03,Central,MG Advanced
G17TENJ4,G17TENJ4,A045,R007,Closed Lost,0.0,2017-09-22,Central,MG Advanced
VRSTX620,VRSTX620,A012,R009,Closed Won,932.0,2017-07-02,Central,GTX Plus Basic
Y9VWZ93C,Y9VWZ93C,A063,R021,Closed Lost,0.0,2017-07-01,East,GTX Basic
Y6IIUECA,Y6IIUECA,A018,R021,Closed Won,880.0,2017-07-04,East,GTX Plus Basic
LXWQDEU3,LXWQDEU3,A026,R021,Closed Won,4801.0,2017-09-18,East,GTX Pro
P1E4KWF7,P1E4KWF7,A044,R014,Closed Won,59.0,2017-07-01,East,MG Special
BN84DD6H,BN84DD6H,A023,R003,Closed Lost,0.0,2017-07-05,Central,MG Special
R8MZ10BW,R8MZ10BW,A059,R003,Closed Won,52.0,2017-09-29,Central,MG Special
PI8RROK0,PI8RROK0,A066,R003,Closed Won,2949.0,2017-09-21,Central,MG Advanced
GID40O2B,GID40O2B,A017,R024,Closed Lost,0.0,2017-07-06,West,GTX Pro
KDRIBXNQ,KDRIBXNQ,A044,R012,Closed Won,50.0,2017-08-15,East,MG Special
TCK6V290,TCK6V290,A056,R012,Closed Won,3863.0,2017-06-30,East,MG Advanced
VFZ5GB3W,VFZ5GB3W,A031,R033,Closed Lost,0.0,2017-07-04,West,GTX Basic
UKSS5YPE,UKSS5YPE,A066,R001,Closed Won,64.0,2017-07-02,Central,MG Special
RDDUG8VD,RDDUG8VD,A074,R013,Closed Lost,0.0,2017-07-03,East,GTX Plus Basic
Z3QJESWJ,Z3QJESWJ,A043,R013,Closed Won,5038.0,2017-08-22,East,GTX Plus Pro
PYIQ65W0,PYIQ65W0,A084,R013,Closed Won,5088.0,2017-07-02,East,GTX Pro
RGRUF328,RGRUF328,A067,R008,Closed Won,48.0,2017-08-14,Central,MG Special
TLSSOOVB,TLSSOOVB,A014,R026,Closed Lost,0.0,2017-07-04,West,GTX Plus Basic
2YBEN3MV,2YBEN3MV,A033,R031,Closed Lost,0.0,2017-09-08,West,GTX Plus Basic
EFA9E6WV,EFA9E6WV,A047,R031,Closed Won,5056.0,2017-09-30,West,GTX Plus Pro
YTSX7IW3,YTSX7IW3,A006,R027,Closed Won,59.0,2017-07-02,West,MG Special
86DMJ7GA,86DMJ7GA,A010,R034,Closed Lost,0.0,2017-08-20,West,GTX Plus Basic
CMD0758L,CMD0758L,A022,R034,Closed Won,562.0,2017-08-21,West,GTX Basic
CM5MFWCO,CM5MFWCO,A011,R005,Closed Won,63.0,2017-09-10,Central,MG Special
0MNAGD91,0MNAGD91,A003,R005,Closed Won,3355.0,2017-07-05,Central,MG Advanced
9S749GJD,9S749GJD,A007,R012,Closed Lost,0.0,2017-07-05,East,MG Advanced
LBZY9VUG,LBZY9VUG,A048,R012,Closed Won,55.0,2017-09-17,East,MG Special
6UUTR15S,6UUTR15S,A051,R033,Closed Won,4059.0,2017-09-23,West,GTX Plus Pro
DVPYKS4A,DVPYKS4A,A008,R019,Closed Lost,0.0,2017-07-04,East,MG Advanced
9SRU5CI6,9SRU5CI6,A011,R002,Closed Won,1128.0,2017-08-09,Central,GTX Plus Basic
GZ5M7MIQ,GZ5M7MIQ,A013,R010,Closed Lost,0.0,2017-07-01,Central,GTX Plus Basic
CM2GVLV6,CM2GVLV6,A059,R010,Closed Won,5536.0,2017-07-08,Central,GTX Plus Pro
NZB45UZX,NZB45UZX,A028,R010,Closed Won,4964.0,2017-09-03,Central,GTX Pro
T2J83GFD,T2J83GFD,A016,R010,Closed Won,54.0,2017-07-03,Central,MG Special
28S2Z15A,28S2Z15A,A059,R010,Closed Won,56.0,2017-08-02,Central,MG Special
WOJBLO4B,WOJBLO4B,A075,R020,Closed Lost,0.0,2017-07-02,East,GTX Plus Pro
788SW6EX,788SW6EX,A027,R020,Closed Lost,0.0,2017-08-19,East,GTX Pro
EUOA0E47,EUOA0E47,A084,R020,Closed Won,3423.0,2017-07-05,East,MG Advanced
S9ZUMLSY,S9ZUMLSY,A041,R028,Closed Lost,0.0,2017-09-13,West,MG Special
0UCQUW6U,0UCQUW6U,A074,R015,Closed Lost,0.0,2017-07-07,East,MG Advanced
07FRJ44N,07FRJ44N,A009,R008,Closed Lost,0.0,2017-07-03,Central,GTX Plus Pro
NMN9DVEV,NMN9DVEV,A057,R008,Closed Won,1102.0,2017-09-14,Central,GTX Plus Basic
95V8BLR2,95V8BLR2,A032,R032,Closed Won,519.0,2017-09-22,West,GTX Basic
BDGB4NS0,BDGB4NS0,A035,R031,Closed Lost,0.0,2017-07-02,West,GTX Plus Pro
SPHS260Y,SPHS260Y,A035,R031,Closed Lost,0.0,2017-08-27,West,MG Special
O9L7KMPU,O9L7KMPU,A039,R004,Closed Lost,0.0,2017-08-27,Central,GTX Plus Basic
FGES2PQ2,FGES2PQ2,A004,R004,Closed Lost,0.0,2017-07-04,Central,MG Advanced
81DXTTI5,81DXTTI5,A039,R004,Closed Won,5536.0,2017-07-03,Central,GTX Plus Pro
JGG9CO2Y,JGG9CO2Y,A003,R007,Closed Lost,0.0,2017-08-14,Central,GTX Plus Pro
95B6AKI1,95B6AKI1,A076,R007,Closed Won,839.0,2017-07-02,Central,GTX Plus Basic
N1G2CFCB,N1G2CFCB,A014,R034,Closed Won,500.0,2017-09-06,West,GTX Basic
40VSPND6,40VSPND6,A057,R005,Closed Won,3679.0,2017-09-24,Central,MG Advanced
QWYRCDA8,QWYRCDA8,A073,R009,Closed Lost,0.0,2017-07-05,Central,GTX Plus Basic
00ZD3M4J,00ZD3M4J,A056,R021,Closed Lost,0.0,2017-07-04,East,GTX Pro
CJZFFC91,CJZFFC91,A011,R003,Closed Lost,0.0,2017-08-07,Central,MG Special
3PD8YBPK,3PD8YBPK,A061,R024,Closed Lost,0.0,2017-07-04,West,GTX Basic
KBG5R0WH,KBG5R0WH,A006,R024,Closed Lost,0.0,2017-07-02,West,GTX Plus Pro
7RPM84Y4,7RPM84Y4,A032,R024,Closed Won,3815.0,2017-06-30,West,MG Advanced
LFN6XPK7,LFN6XPK7,A070,R024,Closed Won,2753.0,2017-06-27,West,MG Advanced
18LZY55R,18LZY55R,A078,R012,Closed Won,60.0,2017-07-02,East,MG Special
E88W1Z0H,E88W1Z0H,A042,R033,Closed Lost,0.0,2017-07-02,West,GTX Basic
UQALCAIV,UQALCAIV,A058,R033,Closed Won,1137.0,2017-07-03,West,GTX Plus Basic
6E2Y3HKI,6E2Y3HKI,A080,R022,Closed Won,5201.0,2017-07-04,East,GTX Plus Pro
YWKFH7VT,YWKFH7VT,A049,R019,Closed Lost,0.0,2017-09-27,East,GTX Basic
MF4299DQ,MF4299DQ,A007,R019,Closed Lost,0.0,2017-07-03,East,MG Advanced
ZRZI054E,ZRZI054E,A072,R002,Closed Won,612.0,2017-07-06,Central,GTX Basic
CN69EYQ1,CN69EYQ1,A018,R013,Closed Won,4905.0,2017-09-11,East,GTX Plus Pro
KX80WC22,KX80WC22,A071,R018,Closed Lost,0.0,2017-07-07,East,MG Special
YQ6VELF1,YQ6VELF1,A068,R010,Closed Lost,0.0,2017-07-03,Central,GTX Pro
NX4ODZY2,NX4ODZY2,A068,R010,Closed Won,1028.0,2017-08-31,Central,GTX Plus Basic
L2QMWU4H,L2QMWU4H,A011,R010,Closed Won,4430.0,2017-09-12,Central,GTX Plus Pro
0MPEK4ZA,0MPEK4ZA,A018,R020,Closed Lost,0.0,2017-09-18,East,GTX Plus Basic
TP0SU68U,TP0SU68U,A053,R020,Closed Lost,0.0,2017-07-09,East,GTX Plus Basic
8U7LNL7U,8U7LNL7U,A081,R020,Closed Lost,0.0,2017-07-03,East,GTX Pro
XVYL67FL,XVYL67FL,A005,R020,Closed Won,541.0,2017-07-06,East,GTX Basic
AIN2RE2H,AIN2RE2H,A034,R028,Closed Lost,0.0,2017-07-05,West,GTX Pro
G1303HIC,G1303HIC,A009,R008,Closed Won,5081.0,2017-07-02,Central,GTX Pro
HVDQ4EEA,HVDQ4EEA,A057,R008,Closed Won,3478.0,2017-06-28,Central,MG Advanced
2RB900SL,2RB900SL,A041,R030,Closed Won,5541.0,2017-09-15,West,GTX Pro
AUS25SFH,AUS25SFH,A009,R006,Closed Won,504.0,2017-07-03,Central,GTX Basic
O6DSGX6P,O6DSGX6P,A004,R004,Closed Lost,0.0,2017-08-10,Central,GTX Basic
2MBFRRGW,2MBFRRGW,A019,R004,Closed Lost,0.0,2017-07-03,Central,GTX Basic
Q3HYAWDW,Q3HYAWDW,A031,R027,Closed Won,3838.0,2017-08-24,West,MG Advanced
94TA0AWF,94TA0AWF,A062,R007,Closed Won,5217.0,2017-08-26,Central,GTX Plus Pro
G1XX0IB4,G1XX0IB4,A068,R007,Closed Won,4181.0,2017-07-05,Central,GTX Plus Pro
VIMY08JH,VIMY08JH,A035,R034,Closed Won,518.0,2017-07-06,West,GTX Basic
WPTNE0QN,WPTNE0QN,A068,R005,Closed Won,533.0,2017-09-17,Central,GTX Basic
DLGW8Y7B,DLGW8Y7B,A064,R025,Closed Won,3855.0,2017-08-03,West,MG Advanced
YSOUU0T0,YSOUU0T0,A055,R024,Closed Lost,0.0,2017-07-07,West,GTX Basic
HM4TKVET,HM4TKVET,A050,R033,Closed Won,617.0,2017-07-04,West,GTX Basic
Q81Q0PJK,Q81Q0PJK,A076,R001,Closed Won,991.0,2017-07-06,Central,GTX Plus Basic
3BEPEWRS,3BEPEWRS,A053,R019,Closed Lost,0.0,2017-08-24,East,GTX Pro
Y5HR9J3G,Y5HR9J3G,A016,R002,Closed Won,513.0,2017-08-01,Central,GTX Basic
STYLQ47K,STYLQ47K,A026,R013,Closed Won,5121.0,2017-07-07,East,GTX Plus Pro
W07JMUG9,W07JMUG9,A042,R018,Closed Lost,0.0,2017-07-01,East,MG Advanced
L8CG1IQO,L8CG1IQO,A012,R010,Closed Lost,0.0,2017-07-06,Central,GTX Basic
6CFONO4W,6CFONO4W,A085,R010,Closed Won,4635.0,2017-07-06,Central,GTX Pro
AMGC18DS,AMGC18DS,A084,R020,Closed Lost,0.0,2017-09-08,East,GTX Plus Pro
RKT3WVBC,RKT3WVBC,A040,R015,Closed Won,470.0,2017-09-20,East,GTX Basic
H5ZSM3IR,H5ZSM3IR,A039,R008,Closed Lost,0.0,2017-09-01,Central,MG Special
07WKR17A,07WKR17A,A073,R008,Closed Won,6193.0,2017-09-17,Central,GTX Plus Pro
7GM1XD9W,7GM1XD9W,A022,R030,Closed Won,4277.0,2017-09-16,West,GTX Pro
QM6GJ78P,QM6GJ78P,A006,R032,Closed Won,59.0,2017-07-07,West,MG Special
L582YMSV,L582YMSV,A077,R031,Closed Lost,0.0,2017-09-08,West,GTX Pro
EQS3UNXX,EQS3UNXX,A012,R027,Closed Lost,0.0,2017-07-06,West,GTX Basic
DZR5L7XQ,DZR5L7XQ,A033,R027,Closed Lost,0.0,2017-07-05,West,GTX Pro
DQ0DSK7P,DQ0DSK7P,A029,R007,Closed Won,1176.0,2017-07-02,Central,GTX Plus Basic
CGEXH2QO,CGEXH2QO,A023,R005,Closed Lost,0.0,2017-07-08,Central,GTX Plus Pro
MIX6JTSN,MIX6JTSN,A067,R005,Closed Won,541.0,2017-07-05,Central,GTX Basic
9KYX5G9K,9KYX5G9K,A016,R009,Closed Won,4766.0,2017-07-01,Central,GTX Plus Pro
FG29YOWT,FG29YOWT,A040,R021,Closed Lost,0.0,2017-09-06,East,MG Advanced
KWYKKVJC,KWYKKVJC,A075,R021,Closed Won,4785.0,2017-07-01,East,GTX Pro
T7TDUK3T,T7TDUK3T,A057,R003,Closed Won,3046.0,2017-09-12,Central,MG Advanced
42YPT5L7,42YPT5L7,A059,R003,Closed Won,3548.0,2017-07-04,Central,MG Advanced
99I4V65G,99I4V65G,A058,R024,Closed Lost,0.0,2017-07-06,West,MG Advanced
ACZQMAR4,ACZQMAR4,A058,R024,Closed Won,3615.0,2017-07-07,West,MG Advanced
TP9IE6PV,TP9IE6PV,A028,R001,Closed Won,631.0,2017-09-11,Central,GTX Basic
E5CD0W5M,E5CD0W5M,A042,R019,Closed Lost,0.0,2017-07-01,East,GTX Basic
HKH717ED,HKH717ED,A036,R002,Closed Lost,0.0,2017-08-11,Central,GTX Basic
DAW2JTP5,DAW2JTP5,A028,R002,Closed Lost,0.0,2017-07-07,Central,MG Special
HBMOSBAK,HBMOSBAK,A048,R018,Closed Lost,0.0,2017-08-14,East,GTX Pro
V0V6O05H,V0V6O05H,A012,R010,Closed Lost,0.0,2017-07-07,Central,GTX Pro
3DY60YA7,3DY60YA7,A066,R010,Closed Lost,0.0,2017-07-06,Central,GTX Pro
8H19L55Y,8H19L55Y,A068,R010,Closed Won,4162.0,2017-07-07,Central,GTX Pro
TPNU79C1,TPNU79C1,A072,R010,Closed Won,54.0,2017-09-29,Central,MG Special
TFQR150O,TFQR150O,A040,R020,Closed Won,5064.0,2017-07-02,East,GTX Pro
9MM27P8C,9MM27P8C,A042,R028,Closed Lost,0.0,2017-07-07,West,MG Advanced
MMWD47ZY,MMWD47ZY,A045,R008,Closed Lost,0.0,2017-08-29,Central,GTX Plus Basic
JFIBKWMQ,JFIBKWMQ,A045,R008,Closed Lost,0.0,2017-07-09,Central,MG Special
6FUPOO3I,6FUPOO3I,A013,R008,Closed Won,3865.0,2017-07-07,Central,MG Advanced
29VR6EL4,29VR6EL4,A044,R026,Closed Lost,0.0,2017-09-14,West,MG Advanced
L45N3D2E,L45N3D2E,A054,R030,Closed Lost,0.0,2017-07-04,West,GTX Pro
K1OBT27J,K1OBT27J,A077,R030,Closed Won,553.0,2017-08-10,West,GTX Basic
OZL7CDMQ,OZL7CDMQ,A023,R006,Closed Lost,0.0,2017-07-03,Central,GTX Plus Basic
LZ6PSZ4T,LZ6PSZ4T,A019,R006,Closed Lost,0.0,2017-07-05,Central,MG Advanced
5CFCTZ5K,5CFCTZ5K,A059,R006,Closed Won,501.0,2017-09-02,Central,GTX Basic
EG5M02ZV,EG5M02ZV,A041,R031,Closed Won,539.0,2017-09-27,West,GTX Basic
5UKQ16DK,5UKQ16DK,A064,R031,Closed Won,1028.0,2017-07-04,West,GTX Plus Basic
C9M5B1N6,C9M5B1N6,A050,R031,Closed Won,3951.0,2017-09-13,West,GTX Pro
ZS4PKX65,ZS4PKX65,A023,R004,Closed Won,560.0,2017-08-11,Central,GTX Basic
PYLS9RJH,PYLS9RJH,A032,R027,Closed Lost,0.0,2017-07-05,West,GTX Plus Pro
X2ZONP2D,X2ZONP2D,A003,R005,Closed Lost,0.0,2017-08-24,Central,GTX Plus Pro
Y5CP83V4,Y5CP83V4,A039,R005,Closed Won,530.0,2017-09-30,Central,GTX Basic
9Y2HDGST,9Y2HDGST,A019,R003,Closed Won,462.0,2017-07-02,Central,GTX Basic
7R0G2LC1,7R0G2LC1,A006,R024,Closed Won,1211.0,2017-09-07,West,GTX Plus Basic
8FX574BJ,8FX574BJ,A061,R024,Closed Won,4264.0,2017-07-03,West,GTX Pro
AU5Q1XCW,AU5Q1XCW,A022,R024,Closed Won,3104.0,2017-09-09,West,MG Advanced
CUMYWQYP,CUMYWQYP,A027,R012,Closed Won,56.0,2017-09-30,East,MG Special
29ZDUK49,29ZDUK49,A003,R001,Closed Won,1047.0,2017-07-10,Central,GTX Plus Basic
VLVP8FPJ,VLVP8FPJ,A040,R019,Closed Lost,0.0,2017-07-08,East,MG Advanced
SNGS64S7,SNGS64S7,A067,R010,Closed Lost,0.0,2017-07-06,Central,GTX Pro
CMCVD0N8,CMCVD0N8,A076,R010,Closed Won,5321.0,2017-07-08,Central,GTX Pro
NNKWGFDH,NNKWGFDH,A029,R010,Closed Won,57.0,2017-07-06,Central,MG Special
YC6QEUJN,YC6QEUJN,A042,R015,Closed Won,950.0,2017-07-08,East,GTX Plus Basic
794XWMYE,794XWMYE,A049,R015,Closed Won,61.0,2017-09-07,East,MG Special
FHK0BBGK,FHK0BBGK,A078,R015,Closed Won,62.0,2017-07-08,East,MG Special
461LIUS7,461LIUS7,A039,R008,Closed Won,1105.0,2017-07-07,Central,GTX Plus Basic
Y9SCLUH8,Y9SCLUH8,A059,R006,Closed Won,835.0,2017-09-02,Central,GTX Plus Basic
J75Y9C75,J75Y9C75,A058,R032,Closed Won,1104.0,2017-08-28,West,GTX Plus Basic
PUP6JDT9,PUP6JDT9,A042,R032,Closed Won,3464.0,2017-09-12,West,MG Advanced
88AA2RK1,88AA2RK1,A065,R031,Closed Lost,0.0,2017-07-06,West,GTX Basic
4F222JU9,4F222JU9,A062,R004,Closed Lost,0.0,2017-08-31,Central,MG Special
CBYRECX6,CBYRECX6,A068,R004,Closed Lost,0.0,2017-07-06,Central,MG Advanced
QXT65QTI,QXT65QTI,A036,R027,Closed Lost,0.0,2017-07-10,West,GTX Basic
8RTR1VMP,8RTR1VMP,A012,R027,Closed Lost,0.0,2017-07-06,West,MG Special
T7RA32XV,T7RA32XV,A064,R027,Closed Lost,0.0,2017-07-06,West,MG Special
8IYVJKT4,8IYVJKT4,A014,R034,Closed Lost,0.0,2017-07-10,West,GTX Pro
G087QT6R,G087QT6R,A060,R005,Closed Won,3676.0,2017-07-06,Central,MG Advanced
JT1UUOXN,JT1UUOXN,A045,R009,Closed Lost,0.0,2017-07-08,Central,GTX Pro
PUTILZZG,PUTILZZG,A073,R009,Closed Won,568.0,2017-08-09,Central,GTX Basic
QU7MSL36,QU7MSL36,A056,R021,Closed Won,4837.0,2017-07-09,East,GTX Pro
FEGSJ8QI,FEGSJ8QI,A065,R025,Closed Won,4936.0,2017-08-19,West,GTX Pro
1SKIPYI7,1SKIPYI7,A034,R025,Closed Won,55.0,2017-09-03,West,MG Special
66Q03Q2P,66Q03Q2P,A045,R003,Closed Won,466.0,2017-07-10,Central,GTX Basic
Z1NWKS9A,Z1NWKS9A,A024,R024,Closed Lost,0.0,2017-07-05,West,MG Special
ZZCKQ2JV,ZZCKQ2JV,A051,R024,Closed Won,4856.0,2017-07-04,West,GTX Pro
F3G00C56,F3G00C56,A054,R024,Closed Won,3562.0,2017-07-08,West,MG Advanced
9824T94P,9824T94P,A049,R012,Closed Won,5159.0,2017-07-09,East,GTX Pro
B8TD9HCN,B8TD9HCN,A043,R012,Closed Won,3172.0,2017-07-11,East,MG Advanced
PEFTXK4Q,PEFTXK4Q,A043,R016,Closed Won,3350.0,2017-09-10,East,MG Advanced
LUIEQRMQ,LUIEQRMQ,A032,R033,Closed Won,595.0,2017-07-10,West,GTX Basic
8QOUXQEV,8QOUXQEV,A003,R001,Closed Won,560.0,2017-09-27,Central,GTX Basic
6SC26SGG,6SC26SGG,A080,R022,Closed Won,1167.0,2017-07-02,East,GTX Plus Basic
GITEQ8VZ,GITEQ8VZ,A037,R019,Closed Lost,0.0,2017-07-10,East,GTX Plus Pro
2Y9R7T2W,2Y9R7T2W,A002,R019,Closed Won,3280.0,2017-09-26,East,MG Advanced
8U5GBXK1,8U5GBXK1,A028,R002,Closed Won,3427.0,2017-09-15,Central,MG Advanced
THI3LNT0,THI3LNT0,A063,R013,Closed Lost,0.0,2017-07-12,East,GTX Basic
KTLIR2ZX,KTLIR2ZX,A056,R018,Closed Lost,0.0,2017-07-08,East,GTX Plus Basic
G2EECJNG,G2EECJNG,A040,R018,Closed Won,940.0,2017-09-27,East,GTX Plus Basic
UZN5JBF3,UZN5JBF3,A076,R010,Closed Won,565.0,2017-09-29,Central,GTX Basic
2CZVRGQ4,2CZVRGQ4,A013,R010,Closed Won,4749.0,2017-07-06,Central,GTX Pro
K5D2IP27,K5D2IP27,A046,R028,Closed Won,51.0,2017-07-09,West,MG Special
PTKOWYW6,PTKOWYW6,A067,R008,Closed Lost,0.0,2017-08-28,Central,MG Special
G3DIX74Y,G3DIX74Y,A079,R030,Closed Lost,0.0,2017-07-08,West,GTX Pro
4F8MNVNP,4F8MNVNP,A076,R006,Closed Lost,0.0,2017-07-07,Central,GTX Basic
7UL8T1BZ,7UL8T1BZ,A017,R027,Closed Lost,0.0,2017-07-01,West,MG Special
4HP16LRH,4HP16LRH,A045,R007,Closed Won,3699.0,2017-07-09,Central,MG Advanced
MNTHSHH6,MNTHSHH6,A010,R034,Closed Won,5909.0,2017-07-07,West,GTX Plus Pro
Q7C5MJ4W,Q7C5MJ4W,A012,R005,Closed Lost,0.0,2017-11-01,Central,GTX Basic
ON9H54WD,ON9H54WD,A019,R009,Closed Lost,0.0,2017-07-01,Central,GTX Pro
8M3H9UME,8M3H9UME,A012,R021,Closed Lost,0.0,2017-07-07,East,GTX Plus Pro
5J1C46RJ,5J1C46RJ,A048,R021,Closed Won,5927.0,2017-09-19,East,GTX Plus Pro
0BSYDRMT,0BSYDRMT,A007,R021,Closed Won,60.0,2017-09-18,East,MG Special
NKERC6IA,NKERC6IA,A082,R021,Closed Won,3351.0,2017-07-11,East,MG Advanced
H6AN87LE,H6AN87LE,A050,R025,Closed Won,64.0,2017-07-09,West,MG Special
1SSFC7XZ,1SSFC7XZ,A018,R014,Closed Lost,0.0,2017-07-02,East,MG Advanced
0XK80WX8,0XK80WX8,A015,R003,Closed Won,47.0,2017-07-11,Central,MG Special
X4ARE2PT,X4ARE2PT,A019,R003,Closed Won,53.0,2017-07-01,Central,MG Special
KCIFANLK,KCIFANLK,A079,R024,Closed Lost,0.0,2017-07-12,West,GTX Basic
J7U29ZM5,J7U29ZM5,A001,R012,Closed Lost,0.0,2017-09-23,East,GTX Basic
3KVXBQ5V,3KVXBQ5V,A001,R022,Closed Lost,0.0,2017-08-15,East,GTX Plus Basic
7T9J42UX,7T9J42UX,A029,R002,Closed Won,4391.0,2017-07-11,Central,GTX Plus Pro
2J649YC5,2J649YC5,A067,R010,Closed Won,1308.0,2017-07-11,Central,GTX Plus Basic
9N66Q1VO,9N66Q1VO,A057,R010,Closed Won,4888.0,2017-09-23,Central,GTX Pro
ZWXKCHOO,ZWXKCHOO,A012,R020,Closed Won,535.0,2017-09-25,East,GTX Basic
I8OUZNDS,I8OUZNDS,A014,R028,Closed Lost,0.0,2017-11-03,West,GTX Plus Pro
CJZLM3WA,CJZLM3WA,A002,R015,Closed Lost,0.0,2017-09-16,East,MG Special
4QTD5X53,4QTD5X53,A039,R008,Closed Won,3252.0,2017-07-06,Central,MG Advanced
LQXWWZGN,LQXWWZGN,A036,R006,Closed Lost,0.0,2017-07-03,Central,GTX Basic
NT510FGZ,NT510FGZ,A072,R006,Closed Lost,0.0,2017-08-27,Central,MG Special
2IQ0ZY9W,2IQ0ZY9W,A062,R006,Closed Won,574.0,2017-07-11,Central,GTX Basic
N3TUSU37,N3TUSU37,A011,R006,Closed Won,1012.0,2017-08-11,Central,GTX Plus Basic
O6LVMQ5R,O6LVMQ5R,A014,R031,Closed Won,576.0,2017-07-07,West,GTX Basic
072ELFQF,072ELFQF,A039,R004,Closed Lost,0.0,2017-07-03,Central,MG Advanced
CDFKC6E0,CDFKC6E0,A065,R027,Closed Lost,0.0,2017-07-03,West,MG Special
Z005FB1N,Z005FB1N,A036,R027,Closed Lost,0.0,2017-07-08,West,MG Advanced
LYAFXO9B,LYAFXO9B,A041,R027,Closed Won,592.0,2017-07-12,West,GTX Basic
SNY2UWJ2,SNY2UWJ2,A017,R027,Closed Won,4859.0,2017-07-09,West,GTX Pro
UFIAFP10,UFIAFP10,A033,R027,Closed Won,50.0,2017-07-02,West,MG Special
MG7CZFIG,MG7CZFIG,A044,R027,Closed Won,3225.0,2017-09-30,West,MG Advanced
H4U50AEW,H4U50AEW,A066,R007,Closed Won,5422.0,2017-07-09,Central,GTX Plus Pro
8PU9FIQS,8PU9FIQS,A016,R007,Closed Won,3657.0,2017-07-11,Central,MG Advanced
FBQN3UM3,FBQN3UM3,A021,R034,Closed Lost,0.0,2017-07-07,West,GTX Plus Basic
MJ12SZ89,MJ12SZ89,A032,R034,Closed Won,4974.0,2017-07-10,West,GTX Plus Pro
B6F9PSRN,B6F9PSRN,A047,R034,Closed Won,4689.0,2017-08-07,West,GTX Pro
RLDIPPFT,RLDIPPFT,A072,R009,Closed Lost,0.0,2017-07-10,Central,GTX Plus Basic
TKKSOBRC,TKKSOBRC,A076,R009,Closed Won,50.0,2017-07-12,Central,MG Special
FCWU08BA,FCWU08BA,A049,R021,Closed Lost,0.0,2017-07-03,East,GTX Pro
AX63HIS9,AX63HIS9,A042,R021,Closed Won,4611.0,2017-08-23,East,GTX Pro
1F8MPXZQ,1F8MPXZQ,A066,R003,Closed Lost,0.0,2017-07-13,Central,MG Advanced
YY3ACGA2,YY3ACGA2,A042,R024,Closed Won,571.0,2017-07-11,West,GTX Basic
6MQA3YYW,6MQA3YYW,A074,R012,Closed Lost,0.0,2017-07-03,East,MG Special
IM5AGXLX,IM5AGXLX,A002,R016,Closed Lost,0.0,2017-08-06,East,GTX Plus Pro
313EIVW4,313EIVW4,A004,R001,Closed Lost,0.0,2017-07-10,Central,GTX Plus Basic
NNAYAA7T,NNAYAA7T,A066,R001,Closed Lost,0.0,2017-07-13,Central,MG Advanced
019I751P,019I751P,A067,R001,Closed Won,1180.0,2017-07-09,Central,GTX Plus Basic
5TRALM9T,5TRALM9T,A075,R022,Closed Lost,0.0,2017-09-17,East,GTX Plus Pro
LWC0UJWD,LWC0UJWD,A005,R019,Closed Lost,0.0,2017-07-03,East,GTX Basic
PI0FYKXU,PI0FYKXU,A081,R019,Closed Won,5274.0,2017-07-04,East,GTX Plus Pro
I7QSO0VZ,I7QSO0VZ,A060,R002,Closed Won,480.0,2017-07-04,Central,GTX Basic
5AU1SJA7,5AU1SJA7,A052,R013,Closed Won,4830.0,2017-07-08,East,GTX Pro
S9N98QU9,S9N98QU9,A007,R018,Closed Lost,0.0,2017-07-03,East,GTX Plus Pro
A9Q7ERA4,A9Q7ERA4,A023,R010,Closed Won,5333.0,2017-07-04,Central,GTX Plus Pro
RY8Z6RH2,RY8Z6RH2,A012,R028,Closed Lost,0.0,2017-07-11,West,MG Advanced
9J8O59QW,9J8O59QW,A066,R008,Closed Lost,0.0,2017-08-24,Central,GTX Plus Pro
KWVYR0LQ,KWVYR0LQ,A011,R008,Closed Lost,0.0,2017-07-03,Central,MG Advanced
0D95JSVW,0D95JSVW,A035,R030,Closed Won,6192.0,2017-09-16,West,GTX Plus Pro
74JAOLQU,74JAOLQU,A058,R032,Closed Lost,0.0,2017-08-16,West,GTX Basic
CMLYDJFN,CMLYDJFN,A054,R032,Closed Won,490.0,2017-08-11,West,GTX Basic
TFQEGZ1X,TFQEGZ1X,A059,R004,Closed Lost,0.0,2017-07-04,Central,GTX Basic
5COSD90U,5COSD90U,A044,R027,Closed Lost,0.0,2017-07-09,West,GTX Basic
6TBAKLMX,6TBAKLMX,A025,R009,Closed Won,1157.0,2017-09-23,Central,GTX Plus Basic
B50V1XGA,B50V1XGA,A021,R024,Closed Lost,0.0,2017-08-31,West,MG Advanced
SOW7H1RP,SOW7H1RP,A047,R024,Closed Lost,0.0,2017-07-03,West,MG Advanced
OHJGW03I,OHJGW03I,A080,R012,Closed Won,55.0,2017-07-13,East,MG Special
R6KPUAH7,R6KPUAH7,A070,R033,Closed Lost,0.0,2017-07-06,West,MG Advanced
AJQC76NI,AJQC76NI,A017,R033,Closed Won,4655.0,2017-08-26,West,GTX Pro
PH5GSB37,PH5GSB37,A048,R022,Closed Won,5833.0,2017-08-26,East,GTX Pro
9OLZU3WB,9OLZU3WB,A012,R002,Closed Won,47.0,2017-09-23,Central,MG Special
JDXET5H9,JDXET5H9,A076,R002,Closed Won,51.0,2017-08-31,Central,MG Special
8RE1600O,8RE1600O,A038,R010,Closed Lost,0.0,2017-07-04,Central,GTX Pro
NGMC9NSG,NGMC9NSG,A030,R010,Closed Lost,0.0,2017-07-12,Central,MG Advanced
G6FKELQV,G6FKELQV,A037,R020,Closed Lost,0.0,2017-09-25,East,GTX Basic
IKNMU8HM,IKNMU8HM,A056,R020,Closed Lost,0.0,2017-09-10,East,GTX Plus Pro
AHIDE6VS,AHIDE6VS,A042,R020,Closed Won,540.0,2017-07-12,East,GTX Basic
YZJLPVJG,YZJLPVJG,A044,R020,Closed Won,4915.0,2017-07-04,East,GTX Plus Pro
GOSCKNUX,GOSCKNUX,A058,R030,Closed Lost,0.0,2017-07-04,West,GTX Plus Pro
GC3IVG7S,GC3IVG7S,A064,R030,Closed Lost,0.0,2017-07-05,West,GTX Plus Pro
S81YI4QH,S81YI4QH,A070,R030,Closed Lost,0.0,2017-07-10,West,GTX Plus Pro
M3MJY0CK,M3MJY0CK,A047,R030,Closed Won,6693.0,2017-09-27,West,GTX Plus Pro
H2HNTSIP,H2HNTSIP,A036,R006,Closed Won,3101.0,2017-07-05,Central,MG Advanced
8APZZ20T,8APZZ20T,A079,R032,Closed Lost,0.0,2017-08-15,West,GTX Plus Basic
RABLXW5E,RABLXW5E,A035,R032,Closed Won,56.0,2017-09-02,West,MG Special
TJTOVN5K,TJTOVN5K,A010,R031,Closed Won,935.0,2017-07-12,West,GTX Plus Basic
1IG94UUQ,1IG94UUQ,A064,R031,Closed Won,1133.0,2017-07-13,West,GTX Plus Basic
MN8UHP5B,MN8UHP5B,A079,R031,Closed Won,4904.0,2017-08-12,West,GTX Pro
D7JDQB12,D7JDQB12,A004,R004,Closed Won,2857.0,2017-09-23,Central,MG Advanced
GWI45VGH,GWI45VGH,A019,R004,Closed Won,3118.0,2017-09-02,Central,MG Advanced
G3TZD0CB,G3TZD0CB,A025,R007,Closed Won,1204.0,2017-07-11,Central,GTX Plus Basic
1PAPS9QO,1PAPS9QO,A079,R034,Closed Lost,0.0,2017-07-09,West,MG Advanced
WXCEZ7JY,WXCEZ7JY,A013,R005,Closed Won,376.0,2017-09-06,Central,GTX Basic
WR45SVGN,WR45SVGN,A072,R003,Closed Won,511.0,2017-11-02,Central,GTX Basic
WAFSPTW6,WAFSPTW6,A047,R024,Closed Won,491.0,2017-07-14,West,GTX Basic
5FYPINRL,5FYPINRL,A020,R012,Closed Lost,0.0,2017-07-16,East,MG Special
VLPSQ076,VLPSQ076,A002,R016,Closed Lost,0.0,2017-07-12,East,MG Advanced
3AX6QBR3,3AX6QBR3,A018,R016,Closed Won,3101.0,2017-09-07,East,MG Advanced
ZY3AVAK0,ZY3AVAK0,A079,R033,Closed Lost,0.0,2017-08-22,West,MG Special
FVCL72VU,FVCL72VU,A009,R001,Closed Lost,0.0,2017-07-14,Central,GTX Plus Pro
24OSGLGF,24OSGLGF,A019,R001,Closed Won,56.0,2017-07-06,Central,MG Special
31NQQEEO,31NQQEEO,A053,R019,Closed Lost,0.0,2017-09-11,East,GTX Basic
ADRU5BLP,ADRU5BLP,A038,R010,Closed Lost,0.0,2017-07-12,Central,GTX Plus Basic
AUPXRV8O,AUPXRV8O,A059,R010,Closed Won,1300.0,2017-09-05,Central,GTX Plus Basic
CI00UV0Y,CI00UV0Y,A060,R010,Closed Won,4544.0,2017-07-05,Central,GTX Pro
VH3C0A8F,VH3C0A8F,A049,R020,Closed Lost,0.0,2017-07-05,East,GTX Basic
1E5MFGR7,1E5MFGR7,A056,R020,Closed Lost,0.0,2017-09-26,East,GTX Basic
TS2JEK3E,TS2JEK3E,A002,R020,Closed Won,531.0,2017-09-23,East,GTX Basic
4R0TB2CL,4R0TB2CL,A008,R020,Closed Won,4669.0,2017-07-13,East,GTX Pro
5OJ3QR1W,5OJ3QR1W,A038,R008,Closed Lost,0.0,2017-11-03,Central,MG Special
R162LSFR,R162LSFR,A032,R032,Closed Lost,0.0,2017-07-06,West,GTX Pro
X7J3O7TC,X7J3O7TC,A014,R031,Closed Lost,0.0,2017-07-11,West,GTX Basic
Q7RV0YW6,Q7RV0YW6,A033,R031,Closed Lost,0.0,2017-07-10,West,GTX Plus Basic
S5E8MBO3,S5E8MBO3,A054,R027,Closed Lost,0.0,2017-09-19,West,GTX Basic
QE6A49LE,QE6A49LE,A036,R005,Closed Lost,0.0,2017-07-11,Central,MG Special
XGMMHWZC,XGMMHWZC,A016,R005,Closed Won,475.0,2017-09-25,Central,GTX Basic
7MK55ULJ,7MK55ULJ,A059,R005,Closed Won,1102.0,2017-07-05,Central,GTX Plus Basic
0VZIDVCC,0VZIDVCC,A085,R005,Closed Won,55.0,2017-07-09,Central,MG Special
D1XYQH35,D1XYQH35,A073,R009,Closed Lost,0.0,2017-07-15,Central,GTX Basic
XAR2VX09,XAR2VX09,A062,R003,Closed Lost,0.0,2017-07-06,Central,MG Special
YTQH4YM9,YTQH4YM9,A009,R003,Closed Won,63.0,2017-07-05,Central,MG Special
KMLW6GXY,KMLW6GXY,A042,R024,Closed Lost,0.0,2017-07-12,West,MG Advanced
IG734VZK,IG734VZK,A055,R024,Closed Won,5971.0,2017-07-14,West,GTX Plus Pro
W3C2KLXD,W3C2KLXD,A026,R016,Closed Won,5710.0,2017-08-27,East,GTX Plus Pro
8Z1SIQSI,8Z1SIQSI,A058,R033,Closed Lost,0.0,2017-07-09,West,GTX Pro
IZJR1WDM,IZJR1WDM,A054,R033,Closed Won,52.0,2017-09-21,West,MG Special
5MRPZ44K,5MRPZ44K,A016,R001,Closed Won,522.0,2017-08-28,Central,GTX Basic
W0LFL18P,W0LFL18P,A040,R019,Closed Lost,0.0,2017-07-12,East,GTX Plus Basic
5H9ELV2H,5H9ELV2H,A081,R019,Closed Lost,0.0,2017-07-13,East,GTX Plus Pro
KDDN1E4O,KDDN1E4O,A002,R019,Closed Won,1109.0,2017-07-14,East,GTX Plus Basic
S8JALB62,S8JALB62,A071,R019,Closed Won,3508.0,2017-07-06,East,MG Advanced
2HPCHBIL,2HPCHBIL,A007,R013,Closed Lost,0.0,2017-07-14,East,GTX Plus Pro
Q9JV7YXX,Q9JV7YXX,A056,R018,Closed Lost,0.0,2017-07-16,East,GTX Plus Basic
J3N73B00,J3N73B00,A036,R010,Closed Won,4346.0,2017-08-29,Central,GTX Pro
STG85Q0N,STG85Q0N,A043,R020,Closed Lost,0.0,2017-07-06,East,GTX Basic
VMI5QYS3,VMI5QYS3,A078,R020,Closed Lost,0.0,2017-07-09,East,GTX Pro
09W047QT,09W047QT,A074,R020,Closed Won,4565.0,2017-08-10,East,GTX Pro
VXOZC2CN,VXOZC2CN,A075,R015,Closed Won,1319.0,2017-09-29,East,GTX Plus Basic
JAMW5SWB,JAMW5SWB,A036,R030,Closed Won,5157.0,2017-07-06,West,GTX Pro
WCKKFSVL,WCKKFSVL,A019,R006,Closed Lost,0.0,2017-07-06,Central,MG Advanced
GVCWDG9Y,GVCWDG9Y,A029,R006,Closed Won,4213.0,2017-07-17,Central,GTX Pro
UEXJN3Y6,UEXJN3Y6,A044,R032,Closed Won,1230.0,2017-07-12,West,GTX Plus Basic
MCQGU5EA,MCQGU5EA,A070,R031,Closed Won,443.0,2017-07-15,West,GTX Basic
M0IN22XH,M0IN22XH,A083,R031,Closed Won,1043.0,2017-09-26,West,GTX Plus Basic
8HWWW76K,8HWWW76K,A015,R004,Closed Lost,0.0,2017-07-07,Central,GTX Basic
707CQDQK,707CQDQK,A034,R027,Closed Lost,0.0,2017-08-23,West,MG Special
4PTCB3CS,4PTCB3CS,A029,R007,Closed Lost,0.0,2017-07-13,Central,MG Advanced
IEB855X8,IEB855X8,A011,R007,Closed Won,3458.0,2017-08-08,Central,MG Advanced
IDA8D96H,IDA8D96H,A083,R034,Closed Lost,0.0,2017-07-13,West,GTX Plus Pro
DLQNAOWB,DLQNAOWB,A055,R025,Closed Lost,0.0,2017-07-07,West,MG Special
R9V8QAPK,R9V8QAPK,A042,R014,Closed Won,58.0,2017-07-14,East,MG Special
P6KXSJPD,P6KXSJPD,A011,R003,Closed Lost,0.0,2017-07-10,Central,MG Special
KM0RKC4Q,KM0RKC4Q,A036,R024,Closed Lost,0.0,2017-07-06,West,GTX Basic
58TUIJ6D,58TUIJ6D,A010,R033,Closed Lost,0.0,2017-07-17,West,GTX Pro
BXOIQHTS,BXOIQHTS,A079,R033,Closed Won,658.0,2017-09-20,West,GTX Basic
CC3B5DSU,CC3B5DSU,A073,R001,Closed Lost,0.0,2017-07-16,Central,GTX Plus Pro
GLM4XZLI,GLM4XZLI,A020,R019,Closed Lost,0.0,2017-07-07,East,GTX Plus Pro
K8VBNOW9,K8VBNOW9,A056,R019,Closed Won,4791.0,2017-09-01,East,GTX Plus Pro
3GEDSDVN,3GEDSDVN,A038,R002,Closed Won,590.0,2017-07-08,Central,GTX Basic
R0ZYAJFM,R0ZYAJFM,A039,R002,Closed Won,5629.0,2017-07-14,Central,GTX Plus Pro
R8X2RVQ2,R8X2RVQ2,A075,R013,Closed Lost,0.0,2017-07-15,East,GTX Pro
DFG6OP8T,DFG6OP8T,A048,R018,Closed Lost,0.0,2017-07-18,East,GTX Plus Pro
JB4MECWM,JB4MECWM,A078,R018,Closed Lost,0.0,2017-07-07,East,GTX Pro
CDGA1SD7,CDGA1SD7,A068,R010,Closed Won,4323.0,2017-09-12,Central,GTX Pro
SBILEY2W,SBILEY2W,A073,R010,Closed Won,5085.0,2017-07-12,Central,GTX Pro
JMTKEPXF,JMTKEPXF,A084,R020,Closed Won,2996.0,2017-07-17,East,MG Advanced
937CNF5D,937CNF5D,A012,R015,Closed Won,4682.0,2017-07-14,East,GTX Pro
EQ399D3M,EQ399D3M,A065,R026,Closed Won,3250.0,2017-07-14,West,MG Advanced
DOVNGYN4,DOVNGYN4,A033,R032,Closed Lost,0.0,2017-07-12,West,GTX Basic
A0IS9TWV,A0IS9TWV,A042,R031,Closed Lost,0.0,2017-07-16,West,GTX Pro
E7TDBIDS,E7TDBIDS,A042,R031,Closed Won,5323.0,2017-09-06,West,GTX Pro
TIFPUXSQ,TIFPUXSQ,A012,R007,Closed Lost,0.0,2017-07-07,Central,GTX Basic
LXDCC260,LXDCC260,A025,R007,Closed Won,5966.0,2017-07-07,Central,GTX Plus Pro
1Z72JRDI,1Z72JRDI,A046,R034,Closed Won,3452.0,2017-07-16,West,MG Advanced
XTBADYHW,XTBADYHW,A072,R005,Closed Lost,0.0,2017-07-17,Central,MG Special
PPDU7OWD,PPDU7OWD,A066,R005,Closed Lost,0.0,2017-07-13,Central,MG Advanced
CJ05Q2G5,CJ05Q2G5,A046,R025,Closed Lost,0.0,2017-07-11,West,GTX Basic
MON3JWUF,MON3JWUF,A022,R024,Closed Won,583.0,2017-07-13,West,GTX Basic
SFMKU2FV,SFMKU2FV,A052,R012,Closed Lost,0.0,2017-07-16,East,MG Special
9FH2VYQQ,9FH2VYQQ,A032,R033,Closed Lost,0.0,2017-07-13,West,GTX Plus Basic
PMVKMS6A,PMVKMS6A,A041,R033,Closed Won,507.0,2017-09-27,West,GTX Basic
E62A05BH,E62A05BH,A038,R001,Closed Lost,0.0,2017-07-15,Central,GTX Basic
U3GCADFV,U3GCADFV,A057,R001,Closed Lost,0.0,2017-07-13,Central,MG Special
611J0LEK,611J0LEK,A002,R022,Closed Won,574.0,2017-07-09,East,GTX Basic
ZWA2ES4F,ZWA2ES4F,A053,R019,Closed Won,48.0,2017-09-07,East,MG Special
LNT5B9XY,LNT5B9XY,A067,R002,Closed Lost,0.0,2017-07-17,Central,MG Special
CPQ348W9,CPQ348W9,A039,R002,Closed Won,458.0,2017-07-15,Central,GTX Basic
UZ0MRAFU,UZ0MRAFU,A011,R002,Closed Won,5455.0,2017-09-18,Central,GTX Plus Pro
VFO5EK6R,VFO5EK6R,A063,R013,Closed Lost,0.0,2017-07-14,East,GTX Basic
GE5SORJX,GE5SORJX,A042,R013,Closed Won,5666.0,2017-09-17,East,GTX Plus Pro
03O9FNTZ,03O9FNTZ,A007,R018,Closed Won,1107.0,2017-07-09,East,GTX Plus Basic
FIQIRK37,FIQIRK37,A001,R018,Closed Won,4089.0,2017-07-08,East,GTX Pro
M6J6VNVQ,M6J6VNVQ,A052,R020,Closed Won,498.0,2017-09-08,East,GTX Basic
S767XDO3,S767XDO3,A035,R028,Closed Lost,0.0,2017-09-07,West,MG Advanced
ZPKCSV3R,ZPKCSV3R,A019,R006,Closed Won,64.0,2017-07-11,Central,MG Special
CLA3RTMS,CLA3RTMS,A077,R032,Closed Lost,0.0,2017-07-09,West,MG Advanced
OJWV4RT2,OJWV4RT2,A044,R031,Closed Lost,0.0,2017-07-09,West,GTX Basic
PMQCN4PR,PMQCN4PR,A024,R031,Closed Won,565.0,2017-07-09,West,GTX Basic
CBIFB5BB,CBIFB5BB,A042,R031,Closed Won,579.0,2017-07-17,West,GTX Basic
BSVZWUXR,BSVZWUXR,A036,R004,Closed Won,56.0,2017-09-11,Central,MG Special
PU2UJDTV,PU2UJDTV,A061,R027,Closed Won,4063.0,2017-09-05,West,GTX Pro
LN9NU0A8,LN9NU0A8,A038,R007,Closed Won,1193.0,2017-07-17,Central,GTX Plus Basic
KD27RNU9,KD27RNU9,A062,R005,Closed Lost,0.0,2017-07-15,Central,GTX Basic
FN50OJHN,FN50OJHN,A003,R009,Closed Won,1088.0,2017-07-11,Central,GTX Plus Basic
YA68AAQK,YA68AAQK,A078,R021,Closed Lost,0.0,2017-09-17,East,GTX Plus Basic
90K2ZTKB,90K2ZTKB,A077,R025,Closed Won,58.0,2017-09-11,West,MG Special
1M0THQSZ,1M0THQSZ,A031,R024,Closed Lost,0.0,2017-07-09,West,MG Advanced
Y1GEH2EG,Y1GEH2EG,A033,R024,Closed Won,4466.0,2017-07-13,West,GTX Plus Pro
593L4BNI,593L4BNI,A043,R012,Closed Lost,0.0,2017-07-14,East,GTX Basic
83EZC8YK,83EZC8YK,A078,R012,Closed Lost,0.0,2017-07-15,East,MG Advanced
4MTCQ31T,4MTCQ31T,A030,R001,Closed Won,55.0,2017-11-06,Central,MG Special
TJYNW3C7,TJYNW3C7,A020,R019,Closed Lost,0.0,2017-07-15,East,GTX Plus Basic
COGZW25D,COGZW25D,A044,R019,Closed Won,861.0,2017-07-16,East,GTX Plus Basic
O83AR1CC,O83AR1CC,A056,R013,Closed Lost,0.0,2017-07-09,East,MG Advanced
BOG3D6D7,BOG3D6D7,A074,R013,Closed Won,5137.0,2017-07-19,East,GTX Pro
J03H7OQF,J03H7OQF,A003,R010,Closed Won,54.0,2017-07-16,Central,MG Special
DJXM9LIW,DJXM9LIW,A043,R020,Closed Won,1020.0,2017-07-14,East,GTX Plus Basic
6XH71PH8,6XH71PH8,A080,R020,Closed Won,1136.0,2017-09-28,East,GTX Plus Basic
AW1U6QKR,AW1U6QKR,A044,R020,Closed Won,55.0,2017-07-14,East,MG Special
MAVEITJH,MAVEITJH,A034,R028,Closed Won,5097.0,2017-09-09,West,GTX Pro
GUJNYTXN,GUJNYTXN,A043,R015,Closed Won,483.0,2017-07-09,East,GTX Basic
ELLLRB7A,ELLLRB7A,A083,R030,Closed Won,587.0,2017-08-29,West,GTX Basic
F4EHCQIC,F4EHCQIC,A042,R030,Closed Won,5284.0,2017-07-16,West,GTX Plus Pro
EHC9KQDN,EHC9KQDN,A062,R006,Closed Lost,0.0,2017-07-09,Central,GTX Basic
MBLFZPU2,MBLFZPU2,A076,R006,Closed Lost,0.0,2017-09-12,Central,GTX Basic
L0SOZL9A,L0SOZL9A,A079,R031,Closed Lost,0.0,2017-09-28,West,MG Advanced
00XBYXIB,00XBYXIB,A033,R031,Closed Won,993.0,2017-07-09,West,GTX Plus Basic
ASN7OCWQ,ASN7OCWQ,A034,R027,Closed Lost,0.0,2017-07-15,West,GTX Basic
SHS9HQX4,SHS9HQX4,A024,R034,Closed Won,4642.0,2017-09-19,West,GTX Pro
JYEQFGS5,JYEQFGS5,A074,R021,Closed Lost,0.0,2017-07-17,East,GTX Pro
S9DVJGUO,S9DVJGUO,A042,R021,Closed Won,4530.0,2017-07-15,East,GTX Pro
0YPN92QB,0YPN92QB,A079,R025,Closed Lost,0.0,2017-07-10,West,MG Special
UIA0FO51,UIA0FO51,A078,R014,Closed Won,3569.0,2017-07-09,East,MG Advanced
48J7F1A2,48J7F1A2,A036,R024,Closed Won,3276.0,2017-08-31,West,MG Advanced
SFIMNCPZ,SFIMNCPZ,A049,R012,Closed Lost,0.0,2017-07-10,East,MG Advanced
57NT8T8S,57NT8T8S,A024,R033,Closed Lost,0.0,2017-07-16,West,GTX Basic
7GLF1GBJ,7GLF1GBJ,A033,R033,Closed Lost,0.0,2017-07-16,West,GTX Plus Basic
YST07PM6,YST07PM6,A017,R033,Closed Lost,0.0,2017-07-17,West,GTX Plus Pro
HPU7RQG6,HPU7RQG6,A058,R033,Closed Lost,0.0,2017-07-15,West,GTX Plus Pro
6Z1XK6YR,6Z1XK6YR,A035,R033,Closed Lost,0.0,2017-11-09,West,GTX Pro
045D5MZO,045D5MZO,A042,R033,Closed Won,5576.0,2017-07-17,West,GTX Plus Pro
K1UREXI5,K1UREXI5,A028,R001,Closed Won,460.0,2017-09-16,Central,GTX Basic
M7Y1LHHA,M7Y1LHHA,A081,R022,Closed Won,457.0,2017-07-16,East,GTX Basic
WP6SUIMC,WP6SUIMC,A063,R019,Closed Lost,0.0,2017-07-15,East,MG Advanced
SGI5I4X1,SGI5I4X1,A027,R013,Closed Won,665.0,2017-07-10,East,GTX Basic
U07VUUGP,U07VUUGP,A081,R013,Closed Won,1122.0,2017-07-15,East,GTX Plus Basic
SEC6K7X2,SEC6K7X2,A074,R013,Closed Won,5578.0,2017-07-18,East,GTX Plus Pro
MXVBWIE5,MXVBWIE5,A060,R010,Closed Won,460.0,2017-09-08,Central,GTX Basic
794F5VJB,794F5VJB,A020,R020,Closed Won,1133.0,2017-08-31,East,GTX Plus Basic
TNEB1XNK,TNEB1XNK,A027,R020,Closed Won,1194.0,2017-09-18,East,GTX Plus Basic
P60PIE95,P60PIE95,A080,R020,Closed Won,5861.0,2017-09-16,East,GTX Plus Pro
QKOAWRXD,QKOAWRXD,A019,R008,Closed Lost,0.0,2017-07-17,Central,GTX Basic
NC7V5K1T,NC7V5K1T,A066,R008,Closed Won,1194.0,2017-08-28,Central,GTX Plus Basic
XTAPYDDI,XTAPYDDI,A025,R008,Closed Won,4440.0,2017-07-11,Central,GTX Pro
0CTHPQGT,0CTHPQGT,A009,R006,Closed Won,53.0,2017-07-19,Central,MG Special
N9KFOKLS,N9KFOKLS,A065,R032,Closed Lost,0.0,2017-07-14,West,GTX Basic
02SSRMSA,02SSRMSA,A038,R004,Closed Won,1192.0,2017-07-13,Central,GTX Plus Basic
HBJPBF3P,HBJPBF3P,A013,R007,Closed Won,54.0,2017-09-01,Central,MG Special
E6D2DBXF,E6D2DBXF,A059,R005,Closed Lost,0.0,2017-07-13,Central,MG Advanced
OUMM04QV,OUMM04QV,A076,R005,Closed Won,4651.0,2017-07-18,Central,GTX Plus Pro
TZQWGMG7,TZQWGMG7,A057,R009,Closed Lost,0.0,2017-07-19,Central,GTX Plus Pro
66KFPHBT,66KFPHBT,A003,R009,Closed Won,5944.0,2017-09-24,Central,GTX Plus Pro
WL4TLMUC,WL4TLMUC,A027,R021,Closed Lost,0.0,2017-07-17,East,MG Advanced
HXMJ5048,HXMJ5048,A033,R024,Closed Lost,0.0,2017-07-17,West,MG Advanced
6178B4JM,6178B4JM,A016,R001,Closed Won,962.0,2017-07-17,Central,GTX Plus Basic
WC7KCJ2N,WC7KCJ2N,A063,R022,Closed Won,1063.0,2017-07-21,East,GTX Plus Basic
5GBVA3ZZ,5GBVA3ZZ,A082,R019,Closed Lost,0.0,2017-07-23,East,MG Advanced
B7WWPCO6,B7WWPCO6,A030,R002,Closed Lost,0.0,2017-07-23,Central,GTX Basic
152DN1FE,152DN1FE,A009,R010,Closed Lost,0.0,2017-07-12,Central,GTX Plus Basic
3NJHQZT6,3NJHQZT6,A068,R010,Closed Lost,0.0,2017-07-17,Central,MG Special
9GOWJ93R,9GOWJ93R,A016,R010,Closed Won,2572.0,2017-09-03,Central,MG Advanced
QAB3H9H5,QAB3H9H5,A029,R008,Closed Lost,0.0,2017-07-11,Central,GTX Pro
9B9VDAFU,9B9VDAFU,A076,R008,Closed Won,4631.0,2017-07-18,Central,GTX Pro
L9F6QP4P,L9F6QP4P,A039,R008,Closed Won,3230.0,2017-07-19,Central,MG Advanced
1D5AYQO6,1D5AYQO6,A012,R026,Closed Won,59.0,2017-07-19,West,MG Special
6WR7JQ3C,6WR7JQ3C,A046,R030,Closed Won,3624.0,2017-11-03,West,MG Advanced
Y2XXRYMX,Y2XXRYMX,A046,R032,Closed Lost,0.0,2017-11-11,West,GTX Plus Basic
Z9DK5289,Z9DK5289,A031,R032,Closed Lost,0.0,2017-07-12,West,GTX Pro
MN34I4DD,MN34I4DD,A035,R032,Closed Won,5848.0,2017-09-22,West,GTX Plus Pro
9CQ6TMET,9CQ6TMET,A014,R032,Closed Won,42.0,2017-07-11,West,MG Special
N54HHLC4,N54HHLC4,A070,R031,Closed Lost,0.0,2017-07-12,West,GTX Plus Pro
TPP1IGKV,TPP1IGKV,A050,R031,Closed Lost,0.0,2017-07-17,West,GTX Pro
9USDNUBL,9USDNUBL,A035,R027,Closed Lost,0.0,2017-08-29,West,GTX Plus Pro
Q82O5QTN,Q82O5QTN,A057,R007,Closed Lost,0.0,2017-07-12,Central,MG Advanced
2HVDAY4L,2HVDAY4L,A009,R005,Closed Lost,0.0,2017-07-21,Central,MG Special
0FGWN6O0,0FGWN6O0,A039,R005,Closed Won,588.0,2017-07-19,Central,GTX Basic
FQXZBTEG,FQXZBTEG,A082,R021,Closed Lost,0.0,2017-07-18,East,GTX Plus Basic
8IGYTN3H,8IGYTN3H,A080,R021,Closed Won,54.0,2017-07-17,East,MG Special
OTNZ5ZCN,OTNZ5ZCN,A064,R024,Closed Won,5099.0,2017-09-06,West,GTX Pro
7O2ISWVB,7O2ISWVB,A054,R033,Closed Lost,0.0,2017-07-15,West,GTX Plus Pro
QUAD5082,QUAD5082,A044,R022,Closed Lost,0.0,2017-07-21,East,MG Advanced
P6H45Y25,P6H45Y25,A062,R002,Closed Lost,0.0,2017-09-16,Central,GTX Basic
28EVFB8G,28EVFB8G,A073,R002,Closed Lost,0.0,2017-07-13,Central,GTX Plus Basic
VV5LDD24,VV5LDD24,A063,R013,Closed Lost,0.0,2017-07-13,East,MG Advanced
SF3KBDJF,SF3KBDJF,A063,R018,Closed Lost,0.0,2017-08-18,East,GTX Pro
DKUVKTIT,DKUVKTIT,A037,R018,Closed Won,4881.0,2017-07-19,East,GTX Plus Pro
OYUUU6B9,OYUUU6B9,A004,R010,Closed Lost,0.0,2017-11-09,Central,GTX Basic
IIVNXACR,IIVNXACR,A011,R010,Closed Lost,0.0,2017-07-12,Central,GTX Pro
OWBGBQ4G,OWBGBQ4G,A066,R010,Closed Lost,0.0,2017-07-18,Central,GTX Pro
X2EH33CU,X2EH33CU,A028,R008,Closed Won,2878.0,2017-07-12,Central,MG Advanced
GNT6EM5M,GNT6EM5M,A077,R026,Closed Lost,0.0,2017-07-12,West,MG Special
U3ZMURXR,U3ZMURXR,A024,R026,Closed Won,3121.0,2017-09-08,West,MG Advanced
4UTOXXV4,4UTOXXV4,A031,R030,Closed Lost,0.0,2017-07-12,West,GTX Plus Pro
KHWG1W75,KHWG1W75,A032,R030,Closed Won,57.0,2017-07-18,West,MG Special
MWAW08I7,MWAW08I7,A073,R006,Closed Won,576.0,2017-07-12,Central,GTX Basic
0QV1LRME,0QV1LRME,A045,R006,Closed Won,1258.0,2017-07-18,Central,GTX Plus Basic
63GAY8GB,63GAY8GB,A064,R032,Closed Lost,0.0,2017-08-22,West,GTX Plus Basic
GXHAIS33,GXHAIS33,A017,R031,Closed Lost,0.0,2017-09-29,West,GTX Basic
VBRZZAP8,VBRZZAP8,A036,R031,Closed Won,491.0,2017-07-20,West,GTX Basic
JR76K5YA,JR76K5YA,A070,R027,Closed Won,494.0,2017-08-23,West,GTX Basic
Z3TX2K6F,Z3TX2K6F,A014,R034,Closed Lost,0.0,2017-07-20,West,GTX Pro
RGUC0V54,RGUC0V54,A083,R034,Closed Won,882.0,2017-09-19,West,GTX Plus Basic
M93A8LTF,M93A8LTF,A044,R021,Closed Won,1076.0,2017-07-20,East,GTX Plus Basic
CQW6TYOX,CQW6TYOX,A010,R025,Closed Lost,0.0,2017-07-18,West,GTK 500
P7H8UY1P,P7H8UY1P,A014,R025,Closed Lost,0.0,2017-09-21,West,MG Special
6XLFG3VK,6XLFG3VK,A083,R025,Closed Won,57.0,2017-07-19,West,MG Special
9ZPY98PB,9ZPY98PB,A050,R024,Closed Lost,0.0,2017-07-13,West,GTX Basic
YRXDI9E8,YRXDI9E8,A010,R024,Closed Lost,0.0,2017-11-05,West,MG Advanced
1JB82QZ0,1JB82QZ0,A065,R024,Closed Lost,0.0,2017-07-12,West,MG Advanced
G5GPTVMU,G5GPTVMU,A004,R001,Closed Lost,0.0,2017-08-31,Central,GTX Plus Basic
856VG3CS,856VG3CS,A056,R022,Closed Won,1100.0,2017-09-28,East,GTX Plus Basic
J80ZEYYM,J80ZEYYM,A018,R019,Closed Won,3630.0,2017-09-18,East,MG Advanced
T51ULXCZ,T51ULXCZ,A004,R010,Closed Lost,0.0,2017-07-23,Central,GTX Pro
3S73ZUQH,3S73ZUQH,A003,R010,Closed Lost,0.0,2017-07-21,Central,MG Advanced
JUU6C7NO,JUU6C7NO,A052,R020,Closed Lost,0.0,2017-09-27,East,GTX Plus Basic
8SNDBWPP,8SNDBWPP,A048,R020,Closed Lost,0.0,2017-09-28,East,GTX Plus Pro
0PH153YF,0PH153YF,A012,R008,Closed Lost,0.0,2017-07-13,Central,GTX Pro
YNYZNOWR,YNYZNOWR,A010,R026,Closed Lost,0.0,2017-07-25,West,MG Advanced
HUNM56HY,HUNM56HY,A070,R026,Closed Won,3741.0,2017-07-23,West,MG Advanced
SIONXEMH,SIONXEMH,A079,R026,Closed Won,2905.0,2017-07-14,West,MG Advanced
JX08Z5L5,JX08Z5L5,A064,R030,Closed Lost,0.0,2017-07-25,West,GTX Plus Basic
BUJ1TX7Y,BUJ1TX7Y,A024,R034,Closed Won,1023.0,2017-09-14,West,GTX Plus Basic
6C70OX62,6C70OX62,A079,R034,Closed Won,3257.0,2017-09-24,West,MG Advanced
V9WVYEE9,V9WVYEE9,A011,R005,Closed Lost,0.0,2017-07-20,Central,GTX Plus Pro
3N6BHLN6,3N6BHLN6,A068,R009,Closed Won,960.0,2017-08-20,Central,GTX Plus Basic
SQWCQRGY,SQWCQRGY,A063,R021,Closed Lost,0.0,2017-07-14,East,GTX Pro
32K5LEDV,32K5LEDV,A063,R021,Closed Won,5538.0,2017-07-18,East,GTX Plus Pro
XW1ONOVO,XW1ONOVO,A042,R022,Closed Won,3420.0,2017-07-23,East,MG Advanced
100W6J9A,100W6J9A,A073,R010,Closed Lost,0.0,2017-07-19,Central,GTX Pro
YYRYSVOO,YYRYSVOO,A004,R010,Closed Won,5382.0,2017-07-16,Central,GTX Pro
P7AX4B3N,P7AX4B3N,A065,R028,Closed Lost,0.0,2017-07-24,West,MG Special
GC1TSADL,GC1TSADL,A022,R028,Closed Won,5703.0,2017-07-18,West,GTX Pro
QF1I965E,QF1I965E,A049,R015,Closed Won,3340.0,2017-09-30,East,MG Advanced
P93UCMW8,P93UCMW8,A036,R026,Closed Lost,0.0,2017-07-15,West,MG Advanced
YKBRF0NG,YKBRF0NG,A050,R031,Closed Won,1014.0,2017-08-09,West,GTX Plus Basic
OP2DIRC2,OP2DIRC2,A038,R004,Closed Won,536.0,2017-07-19,Central,GTX Basic
VIHXI2JA,VIHXI2JA,A044,R027,Closed Lost,0.0,2017-07-14,West,GTX Plus Basic
IC4J0BIZ,IC4J0BIZ,A011,R009,Closed Won,550.0,2017-07-24,Central,GTX Basic
BNMJAOF4,BNMJAOF4,A030,R009,Closed Won,469.0,2017-09-28,Central,GTX Basic
VSWHUBD0,VSWHUBD0,A059,R009,Closed Won,585.0,2017-07-14,Central,GTX Basic
7ZWN0JO9,7ZWN0JO9,A062,R009,Closed Won,943.0,2017-08-29,Central,GTX Plus Basic
KLPVD6LR,KLPVD6LR,A005,R021,Closed Lost,0.0,2017-07-21,East,GTX Basic
U3M8XTMY,U3M8XTMY,A056,R021,Closed Won,1319.0,2017-08-01,East,GTX Plus Basic
P89VI9EN,P89VI9EN,A008,R021,Closed Won,5873.0,2017-07-22,East,GTX Pro
SPUXDRGN,SPUXDRGN,A042,R024,Closed Lost,0.0,2017-08-28,West,MG Advanced
PDIYRBQJ,PDIYRBQJ,A047,R033,Closed Lost,0.0,2017-07-15,West,GTX Plus Basic
185PGG0J,185PGG0J,A073,R001,Closed Won,44.0,2017-07-17,Central,MG Special
QQ5LW9HV,QQ5LW9HV,A056,R022,Closed Lost,0.0,2017-07-26,East,MG Advanced
8EF4D82U,8EF4D82U,A049,R022,Closed Won,3834.0,2017-09-14,East,GTX Pro
GFMLCHB0,GFMLCHB0,A081,R019,Closed Lost,0.0,2017-07-21,East,GTX Plus Basic
TFS537LA,TFS537LA,A040,R019,Closed Lost,0.0,2017-07-15,East,GTX Plus Pro
2X86737Q,2X86737Q,A038,R002,Closed Won,5537.0,2017-07-16,Central,GTX Plus Pro
HSZOPWWT,HSZOPWWT,A020,R013,Closed Won,530.0,2017-09-15,East,GTX Basic
1KVGSF08,1KVGSF08,A044,R013,Closed Won,4989.0,2017-09-23,East,GTX Plus Pro
UDFMSH1S,UDFMSH1S,A068,R010,Closed Lost,0.0,2017-07-25,Central,GTX Plus Pro
516C0X9F,516C0X9F,A067,R010,Closed Won,1144.0,2017-07-26,Central,GTX Plus Basic
DPAEMTHC,DPAEMTHC,A044,R020,Closed Lost,0.0,2017-07-15,East,GTX Basic
A6T69X6T,A6T69X6T,A077,R028,Closed Lost,0.0,2017-09-08,West,MG Advanced
DDD515FB,DDD515FB,A077,R026,Closed Won,3362.0,2017-07-15,West,MG Advanced
6GKGGY0U,6GKGGY0U,A033,R030,Closed Lost,0.0,2017-07-25,West,GTX Pro
8M6TB2ZX,8M6TB2ZX,A032,R030,Closed Won,5013.0,2017-07-21,West,GTX Plus Pro
BABQISCH,BABQISCH,A035,R032,Closed Lost,0.0,2017-07-15,West,GTX Basic
T46KPPNB,T46KPPNB,A006,R031,Closed Lost,0.0,2017-07-16,West,GTX Plus Basic
9CE6F4NZ,9CE6F4NZ,A055,R031,Closed Won,431.0,2017-08-27,West,GTX Basic
Z9KNL9A1,Z9KNL9A1,A034,R031,Closed Won,5161.0,2017-07-24,West,GTX Pro
7JBR36G8,7JBR36G8,A028,R004,Closed Won,579.0,2017-07-16,Central,GTX Basic
EYTBRK2B,EYTBRK2B,A076,R004,Closed Won,3411.0,2017-07-24,Central,MG Advanced
KFXZNC4N,KFXZNC4N,A077,R027,Closed Lost,0.0,2017-09-11,West,MG Special
SJ62BMK5,SJ62BMK5,A055,R027,Closed Won,3973.0,2017-07-15,West,MG Advanced
YDJV1DFE,YDJV1DFE,A059,R009,Closed Lost,0.0,2017-11-09,Central,MG Advanced
GHDAXC7T,GHDAXC7T,A081,R021,Closed Won,1029.0,2017-07-15,East,GTX Plus Basic
FQQ2JJZ1,FQQ2JJZ1,A027,R014,Closed Won,59.0,2017-07-23,East,MG Special
NCJJBWU3,NCJJBWU3,A029,R003,Closed Lost,0.0,2017-07-22,Central,MG Special
8SGMUWET,8SGMUWET,A032,R024,Closed Won,534.0,2017-09-29,West,GTX Basic
3KVS08NL,3KVS08NL,A040,R012,Closed Won,48.0,2017-07-15,East,MG Special
CLIIR1T0,CLIIR1T0,A024,R033,Closed Won,57.0,2017-07-25,West,MG Special
PHXX81YF,PHXX81YF,A020,R018,Closed Lost,0.0,2017-07-17,East,GTX Plus Pro
6K7LDRKR,6K7LDRKR,A066,R010,Closed Won,4009.0,2017-11-11,Central,GTX Plus Pro
J6UOUH6Y,J6UOUH6Y,A015,R010,Closed Won,3255.0,2017-09-03,Central,MG Advanced
2EYTB3PX,2EYTB3PX,A012,R020,Closed Won,3724.0,2017-07-25,East,MG Advanced
1U945R0D,1U945R0D,A014,R028,Closed Lost,0.0,2017-07-16,West,MG Advanced
FX4D649Y,FX4D649Y,A021,R026,Closed Lost,0.0,2017-07-24,West,GTX Plus Basic
4QBSY3CB,4QBSY3CB,A031,R030,Closed Lost,0.0,2017-08-26,West,GTX Plus Basic
ZWVRS27V,ZWVRS27V,A060,R006,Closed Lost,0.0,2017-11-04,Central,MG Special
8BBXNESQ,8BBXNESQ,A046,R031,Closed Lost,0.0,2017-07-22,West,GTX Plus Pro
3JJ7YI88,3JJ7YI88,A030,R004,Closed Lost,0.0,2017-07-16,Central,MG Special
AKMDEG3I,AKMDEG3I,A022,R027,Closed Lost,0.0,2017-07-17,West,MG Advanced
568NS3GO,568NS3GO,A010,R027,Closed Won,2791.0,2017-08-27,West,MG Advanced
TQLO6QP6,TQLO6QP6,A009,R009,Closed Won,3501.0,2017-09-02,Central,MG Advanced
DLVEVD9O,DLVEVD9O,A080,R021,Closed Lost,0.0,2017-07-27,East,GTX Plus Pro
C75RV9DY,C75RV9DY,A026,R021,Closed Won,555.0,2017-07-16,East,GTX Basic
EUQCW0ZA,EUQCW0ZA,A047,R025,Closed Won,650.0,2017-07-23,West,GTX Basic
CEOMZE9H,CEOMZE9H,A050,R024,Closed Lost,0.0,2017-07-26,West,GTX Basic
TT5QRQTF,TT5QRQTF,A044,R024,Closed Won,61.0,2017-07-21,West,MG Special
5NXD4U83,5NXD4U83,A051,R024,Closed Won,54.0,2017-07-17,West,MG Special
1IL51ZIW,1IL51ZIW,A012,R012,Closed Lost,0.0,2017-07-22,East,MG Special
CM33NN0P,CM33NN0P,A063,R016,Closed Lost,0.0,2017-07-23,East,MG Advanced
P3QQIMTA,P3QQIMTA,A060,R001,Closed Lost,0.0,2017-07-24,Central,GTX Basic
WB1CQNJU,WB1CQNJU,A025,R001,Closed Lost,0.0,2017-07-17,Central,MG Advanced
OQYDQCTM,OQYDQCTM,A057,R001,Closed Won,59.0,2017-07-25,Central,MG Special
M1VNX1D7,M1VNX1D7,A001,R019,Closed Won,5318.0,2017-07-28,East,GTX Pro
TWO2Q99P,TWO2Q99P,A013,R002,Closed Won,5753.0,2017-09-30,Central,GTX Plus Pro
72UVDOKU,72UVDOKU,A045,R002,Closed Won,62.0,2017-07-24,Central,MG Special
DMSQ0TSG,DMSQ0TSG,A039,R002,Closed Won,3146.0,2017-08-12,Central,MG Advanced
FEWIDJGH,FEWIDJGH,A060,R010,Closed Won,538.0,2017-07-18,Central,GTX Basic
AUZM3MLU,AUZM3MLU,A003,R010,Closed Won,1071.0,2017-09-18,Central,GTX Plus Basic
GS2CLR52,GS2CLR52,A003,R010,Closed Won,4488.0,2017-07-17,Central,GTX Pro
HYP3SXPV,HYP3SXPV,A039,R010,Closed Won,2837.0,2017-08-02,Central,MG Advanced
9G93P7SV,9G93P7SV,A042,R020,Closed Won,3593.0,2017-09-30,East,MG Advanced
7XSAHM67,7XSAHM67,A036,R028,Closed Won,583.0,2017-09-28,West,GTX Basic
N7MDRJ01,N7MDRJ01,A039,R006,Closed Lost,0.0,2017-07-25,Central,GTX Basic
4ID56TXX,4ID56TXX,A028,R006,Closed Lost,0.0,2017-07-28,Central,MG Advanced
ZOX0FW5W,ZOX0FW5W,A061,R032,Closed Lost,0.0,2017-07-23,West,GTX Pro
4SFRUL8J,4SFRUL8J,A046,R032,Closed Lost,0.0,2017-07-22,West,MG Advanced
UB2UAI38,UB2UAI38,A064,R032,Closed Won,1109.0,2017-07-21,West,GTX Plus Basic
B00OD1IF,B00OD1IF,A083,R032,Closed Won,1106.0,2017-07-23,West,GTX Plus Basic
OGO6SNTQ,OGO6SNTQ,A055,R031,Closed Lost,0.0,2017-07-24,West,GTX Plus Pro
I6ZC5V1K,I6ZC5V1K,A046,R031,Closed Won,5008.0,2017-07-26,West,GTX Plus Pro
1N3G9WG2,1N3G9WG2,A079,R031,Closed Won,5621.0,2017-07-19,West,GTX Pro
JHNXPUNX,JHNXPUNX,A057,R004,Closed Won,550.0,2017-07-17,Central,GTX Basic
NPHD3ZTC,NPHD3ZTC,A057,R005,Closed Won,574.0,2017-09-03,Central,GTX Basic
06KTPHYC,06KTPHYC,A036,R025,Closed Lost,0.0,2017-07-24,West,MG Advanced
YCA44Q4U,YCA44Q4U,A043,R016,Closed Won,52.0,2017-07-25,East,MG Special
FR4GTSEQ,FR4GTSEQ,A077,R033,Closed Won,477.0,2017-09-15,West,GTX Basic
S46ZLF3G,S46ZLF3G,A003,R001,Closed Lost,0.0,2017-07-26,Central,GTX Basic
WHZEK68G,WHZEK68G,A068,R001,Closed Lost,0.0,2017-07-22,Central,MG Special
DAJBIHBZ,DAJBIHBZ,A063,R019,Closed Lost,0.0,2017-07-28,East,MG Advanced
P6BJ24ZP,P6BJ24ZP,A056,R019,Closed Won,1202.0,2017-07-20,East,GTX Plus Basic
XORHQFNJ,XORHQFNJ,A025,R002,Closed Lost,0.0,2017-08-05,Central,MG Advanced
ZFRPQV2M,ZFRPQV2M,A025,R002,Closed Won,51.0,2017-11-03,Central,MG Special
RVRBCZAI,RVRBCZAI,A042,R018,Closed Lost,0.0,2017-07-18,East,GTX Plus Basic
2897DN4S,2897DN4S,A023,R010,Closed Lost,0.0,2017-07-18,Central,GTX Plus Basic
1DIL2X16,1DIL2X16,A060,R010,Closed Lost,0.0,2017-07-28,Central,GTX Pro
BMQEY089,BMQEY089,A062,R010,Closed Won,1203.0,2017-09-16,Central,GTX Plus Basic
CYOJ4G39,CYOJ4G39,A039,R010,Closed Won,5673.0,2017-07-19,Central,GTX Pro
5IOG6X00,5IOG6X00,A027,R020,Closed Won,6205.0,2017-09-08,East,GTX Plus Pro
QG6BCBXM,QG6BCBXM,A065,R028,Closed Lost,0.0,2017-08-03,West,GTX Plus Pro
CAXTE48L,CAXTE48L,A010,R026,Closed Won,3363.0,2017-07-24,West,MG Advanced
OO3BM7A9,OO3BM7A9,A044,R026,Closed Won,3700.0,2017-11-03,West,MG Advanced
NYPU55W4,NYPU55W4,A042,R030,Closed Lost,0.0,2017-11-01,West,GTX Pro
VE334W2U,VE334W2U,A011,R006,Closed Won,546.0,2017-09-23,Central,GTX Basic
AX7WS66G,AX7WS66G,A072,R006,Closed Won,617.0,2017-07-24,Central,GTX Basic
OB8UCQ17,OB8UCQ17,A076,R006,Closed Won,490.0,2017-07-26,Central,GTX Basic
BV4JZ4G8,BV4JZ4G8,A044,R032,Closed Lost,0.0,2017-07-19,West,GTX Basic
8CV5MZWW,8CV5MZWW,A050,R032,Closed Lost,0.0,2017-07-21,West,GTX Basic
3L965RUK,3L965RUK,A042,R031,Closed Won,3665.0,2017-07-26,West,MG Advanced
RZ8HI1Y5,RZ8HI1Y5,A076,R004,Closed Lost,0.0,2017-07-24,Central,GTX Plus Basic
IYKSBD0U,IYKSBD0U,A035,R027,Closed Lost,0.0,2017-07-18,West,MG Advanced
YVGDC8L2,YVGDC8L2,A057,R007,Closed Won,53.0,2017-07-26,Central,MG Special
JZU0JH07,JZU0JH07,A024,R034,Closed Lost,0.0,2017-09-28,West,GTX Plus Basic
ZEWNPF3K,ZEWNPF3K,A064,R034,Closed Won,1075.0,2017-11-13,West,GTX Plus Basic
6T64JWH9,6T64JWH9,A065,R034,Closed Won,4683.0,2017-07-25,West,GTX Pro
E7RTG575,E7RTG575,A067,R009,Closed Won,1114.0,2017-07-27,Central,GTX Plus Basic
I9U5PCM3,I9U5PCM3,A002,R021,Closed Won,5452.0,2017-11-17,East,GTX Pro
H1Y2W48V,H1Y2W48V,A034,R025,Closed Won,5561.0,2017-09-07,West,GTX Pro
YFNRXR7X,YFNRXR7X,A056,R014,Closed Won,57.0,2017-07-25,East,MG Special
9MZPL59I,9MZPL59I,A068,R003,Closed Lost,0.0,2017-08-03,Central,MG Special
1RL933VJ,1RL933VJ,A042,R024,Closed Lost,0.0,2017-09-22,West,GTX Pro
GAE0E4RI,GAE0E4RI,A010,R024,Closed Lost,0.0,2017-07-29,West,MG Advanced
VBN56JMP,VBN56JMP,A032,R024,Closed Won,496.0,2017-07-18,West,GTX Basic
7ITUU2YO,7ITUU2YO,A047,R024,Closed Won,5054.0,2017-09-17,West,GTX Pro
NDLX894H,NDLX894H,A007,R012,Closed Lost,0.0,2017-07-18,East,MG Special
6ALH2N0I,6ALH2N0I,A027,R012,Closed Won,55.0,2017-08-20,East,MG Special
G8XGVIG2,G8XGVIG2,A047,R033,Closed Lost,0.0,2017-07-26,West,GTX Plus Basic
HCR2GJ3O,HCR2GJ3O,A077,R033,Closed Lost,0.0,2017-07-27,West,GTX Pro
QABD6SAS,QABD6SAS,A064,R033,Closed Won,1064.0,2017-09-21,West,GTX Plus Basic
GUJCRHYU,GUJCRHYU,A032,R033,Closed Won,5268.0,2017-07-28,West,GTX Pro
SHKTBB71,SHKTBB71,A012,R001,Closed Won,54.0,2017-07-27,Central,MG Special
G0L0B1QC,G0L0B1QC,A053,R019,Closed Won,3407.0,2017-07-28,East,MG Advanced
3YC624RD,3YC624RD,A008,R018,Closed Lost,0.0,2017-08-05,East,GTX Basic
715TBGPE,715TBGPE,A060,R010,Closed Lost,0.0,2017-08-30,Central,GTX Pro
1Q3JQFAU,1Q3JQFAU,A015,R010,Closed Lost,0.0,2017-07-26,Central,MG Special
O3K5RKMI,O3K5RKMI,A073,R010,Closed Won,752.0,2017-07-19,Central,GTX Plus Basic
75P6HFA0,75P6HFA0,A067,R010,Closed Won,3727.0,2017-09-03,Central,MG Advanced
NE0XCH5E,NE0XCH5E,A012,R028,Closed Lost,0.0,2017-07-31,West,MG Special
W01768VM,W01768VM,A083,R028,Closed Won,532.0,2017-07-28,West,GTX Basic
38CPLDAR,38CPLDAR,A078,R015,Closed Lost,0.0,2017-07-30,East,GTX Plus Pro
TZRNKT72,TZRNKT72,A036,R008,Closed Lost,0.0,2017-07-23,Central,GTX Plus Pro
4LXAW8CH,4LXAW8CH,A038,R008,Closed Lost,0.0,2017-08-07,Central,GTX Plus Pro
GOGIZWW6,GOGIZWW6,A012,R008,Closed Won,3139.0,2017-09-27,Central,MG Advanced
DOPOI0R5,DOPOI0R5,A024,R026,Closed Won,3403.0,2017-07-28,West,MG Advanced
69V1WQLK,69V1WQLK,A055,R030,Closed Won,5440.0,2017-07-27,West,GTX Plus Pro
FEDXQCKJ,FEDXQCKJ,A029,R007,Closed Won,5698.0,2017-07-26,Central,GTX Plus Pro
RSP75BOI,RSP75BOI,A068,R005,Closed Lost,0.0,2017-07-19,Central,GTX Plus Pro
CKDPWHTZ,CKDPWHTZ,A028,R005,Closed Won,563.0,2017-07-28,Central,GTX Basic
ECBFFQL0,ECBFFQL0,A066,R009,Closed Lost,0.0,2017-07-28,Central,GTX Basic
Z8HW4Z9W,Z8HW4Z9W,A042,R014,Closed Lost,0.0,2017-07-26,East,GTX Basic
0KVZKA5T,0KVZKA5T,A044,R024,Closed Lost,0.0,2017-07-25,West,MG Special
944H7LRC,944H7LRC,A065,R024,Closed Won,4673.0,2017-07-27,West,GTX Plus Pro
F0OWRRLN,F0OWRRLN,A044,R024,Closed Won,3405.0,2017-07-28,West,MG Advanced
P4RLJHR3,P4RLJHR3,A074,R012,Closed Won,566.0,2017-11-15,East,GTX Basic
M10S36W3,M10S36W3,A044,R016,Closed Won,5559.0,2017-11-06,East,GTX Plus Pro
HT8UEA0H,HT8UEA0H,A061,R033,Closed Lost,0.0,2017-07-25,West,GTX Pro
GR6C7GQ9,GR6C7GQ9,A032,R033,Closed Won,4797.0,2017-09-16,West,GTX Pro
G11DEJSL,G11DEJSL,A019,R001,Closed Lost,0.0,2017-07-30,Central,MG Special
BP45IP77,BP45IP77,A003,R001,Closed Won,53.0,2017-07-25,Central,MG Special
3XJI7AD8,3XJI7AD8,A084,R019,Closed Lost,0.0,2017-09-27,East,MG Advanced
XP7YG96H,XP7YG96H,A018,R013,Closed Won,955.0,2017-07-30,East,GTX Plus Basic
GP4JNSJY,GP4JNSJY,A080,R018,Closed Lost,0.0,2017-07-30,East,GTX Plus Pro
EBVL81O5,EBVL81O5,A003,R010,Closed Lost,0.0,2017-07-22,Central,GTX Pro
NDHQMBA0,NDHQMBA0,A029,R010,Closed Won,1060.0,2017-08-03,Central,GTX Plus Basic
XV03TJV1,XV03TJV1,A030,R010,Closed Won,5401.0,2017-07-26,Central,GTX Pro
FQ5A489H,FQ5A489H,A042,R015,Closed Won,4895.0,2017-07-26,East,GTX Plus Pro
3PZ6Y6AJ,3PZ6Y6AJ,A073,R008,Closed Won,4907.0,2017-07-21,Central,GTX Plus Pro
564Y2IOV,564Y2IOV,A079,R026,Closed Lost,0.0,2017-07-29,West,MG Advanced
W7VULS00,W7VULS00,A070,R026,Closed Won,1170.0,2017-09-30,West,GTX Plus Basic
PLW3NMLJ,PLW3NMLJ,A022,R026,Closed Won,2718.0,2017-07-28,West,MG Advanced
MMVGTXDB,MMVGTXDB,A055,R030,Closed Lost,0.0,2017-08-30,West,MG Special
6UCZ36IC,6UCZ36IC,A042,R032,Closed Lost,0.0,2017-11-04,West,GTX Basic
4IC989F8,4IC989F8,A033,R031,Closed Lost,0.0,2017-07-30,West,GTX Basic
Y5FM7TJT,Y5FM7TJT,A054,R031,Closed Lost,0.0,2017-07-21,West,MG Special
OB3K0SVW,OB3K0SVW,A032,R031,Closed Won,624.0,2017-08-08,West,GTX Basic
WWOCI25Z,WWOCI25Z,A039,R004,Closed Lost,0.0,2017-07-30,Central,GTX Plus Pro
1UFFP5T3,1UFFP5T3,A009,R004,Closed Lost,0.0,2017-08-02,Central,MG Advanced
ALMZ6ZUI,ALMZ6ZUI,A028,R004,Closed Won,537.0,2017-07-29,Central,GTX Basic
B4UIGJRX,B4UIGJRX,A019,R004,Closed Won,1089.0,2017-07-30,Central,GTX Plus Basic
ZCAEQT06,ZCAEQT06,A011,R004,Closed Won,3352.0,2017-07-27,Central,MG Advanced
XBO6IN0E,XBO6IN0E,A058,R027,Closed Lost,0.0,2017-11-01,West,GTX Pro
U1SBKB0U,U1SBKB0U,A064,R027,Closed Won,535.0,2017-07-23,West,GTX Basic
8S7IAR2D,8S7IAR2D,A057,R007,Closed Won,571.0,2017-09-25,Central,GTX Basic
RWQKOD1W,RWQKOD1W,A010,R034,Closed Won,3535.0,2017-09-29,West,MG Advanced
6TOOTFQV,6TOOTFQV,A004,R005,Closed Won,3985.0,2017-07-27,Central,MG Advanced
I776MNA8,I776MNA8,A048,R014,Closed Won,3568.0,2017-07-21,East,MG Advanced
VG17J29L,VG17J29L,A004,R003,Closed Lost,0.0,2017-07-29,Central,MG Special
F7R8ICT8,F7R8ICT8,A025,R003,Closed Won,65.0,2017-07-27,Central,MG Special
KULR6FMD,KULR6FMD,A025,R003,Closed Won,47.0,2017-07-25,Central,MG Special
KOG75BRP,KOG75BRP,A059,R001,Closed Lost,0.0,2017-11-11,Central,GTX Plus Basic
SV3T5L5N,SV3T5L5N,A059,R001,Closed Won,1160.0,2017-07-21,Central,GTX Plus Basic
THRXY3SV,THRXY3SV,A066,R001,Closed Won,5847.0,2017-08-23,Central,GTX Plus Pro
9BFHDZOK,9BFHDZOK,A042,R022,Closed Lost,0.0,2017-07-30,East,MG Advanced
IHOU09D6,IHOU09D6,A080,R022,Closed Won,1029.0,2017-09-20,East,GTX Plus Basic
BJWS06GX,BJWS06GX,A052,R013,Closed Lost,0.0,2017-07-21,East,GTX Plus Pro
4IVW7F68,4IVW7F68,A018,R013,Closed Lost,0.0,2017-07-31,East,GTX Pro
ROSYV895,ROSYV895,A044,R018,Closed Lost,0.0,2017-11-09,East,MG Advanced
3V7Q3G52,3V7Q3G52,A025,R010,Closed Lost,0.0,2017-07-28,Central,GTX Pro
4U3OSLNM,4U3OSLNM,A030,R010,Closed Lost,0.0,2017-07-28,Central,GTX Pro
LX4D50OF,LX4D50OF,A057,R010,Closed Lost,0.0,2017-08-04,Central,GTX Pro
CWBHL1S7,CWBHL1S7,A066,R010,Closed Lost,0.0,2017-07-28,Central,GTX Pro
FCBBJJIJ,FCBBJJIJ,A004,R010,Closed Lost,0.0,2017-07-23,Central,MG Advanced
1D1L6FJX,1D1L6FJX,A073,R010,Closed Won,5058.0,2017-08-17,Central,GTX Pro
L2P99XIG,L2P99XIG,A027,R020,Closed Lost,0.0,2017-09-21,East,GTX Plus Basic
DEN2BPRR,DEN2BPRR,A063,R020,Closed Lost,0.0,2017-09-27,East,GTX Pro
1QGOH13Z,1QGOH13Z,A081,R020,Closed Lost,0.0,2017-07-28,East,GTX Pro
PCTOIQZA,PCTOIQZA,A057,R008,Closed Won,3552.0,2017-11-14,Central,MG Advanced
8AK1G9IT,8AK1G9IT,A042,R026,Closed Won,5526.0,2017-11-08,West,GTX Plus Pro
AEMGFUYH,AEMGFUYH,A054,R031,Closed Won,4428.0,2017-07-26,West,GTX Pro
6GLF0PU0,6GLF0PU0,A064,R034,Closed Won,523.0,2017-07-27,West,GTX Basic
908W84Y6,908W84Y6,A049,R021,Closed Lost,0.0,2017-07-22,East,GTX Plus Basic
48CVYAIE,48CVYAIE,A056,R021,Closed Lost,0.0,2017-07-30,East,GTX Plus Pro
ULY6LFT1,ULY6LFT1,A049,R014,Closed Won,5392.0,2017-07-31,East,GTX Pro
IYDR200I,IYDR200I,A024,R024,Closed Lost,0.0,2017-07-27,West,GTX Basic
2QHB4SYK,2QHB4SYK,A082,R012,Closed Won,55.0,2017-07-28,East,MG Special
JNDSA5B4,JNDSA5B4,A073,R001,Closed Lost,0.0,2017-11-06,Central,GTX Basic
L3DT2WVO,L3DT2WVO,A027,R022,Closed Won,4197.0,2017-11-20,East,GTX Pro
OCMCRBJR,OCMCRBJR,A049,R022,Closed Won,3830.0,2017-09-18,East,MG Advanced
II0SKLFO,II0SKLFO,A020,R019,Closed Won,494.0,2017-07-30,East,GTX Basic
LIYJSU0E,LIYJSU0E,A044,R018,Closed Won,5118.0,2017-07-22,East,GTX Plus Pro
SEDTNUD7,SEDTNUD7,A072,R010,Closed Won,1000.0,2017-07-28,Central,GTX Plus Basic
9UO306XU,9UO306XU,A013,R010,Closed Won,5347.0,2017-07-26,Central,GTX Pro
GN16L9RW,GN16L9RW,A026,R020,Closed Lost,0.0,2017-07-22,East,GTX Basic
GVRA1VJJ,GVRA1VJJ,A069,R020,Closed Lost,0.0,2017-07-29,East,GTX Basic
TBXMDI2Q,TBXMDI2Q,A056,R020,Closed Won,5340.0,2017-08-23,East,GTX Plus Pro
L6CE1E4L,L6CE1E4L,A068,R008,Closed Lost,0.0,2017-11-17,Central,GTX Basic
RNCYPVJO,RNCYPVJO,A066,R008,Closed Won,2970.0,2017-07-31,Central,MG Advanced
9UTOQBAH,9UTOQBAH,A058,R030,Closed Lost,0.0,2017-07-28,West,GTX Pro
PAUXUGK3,PAUXUGK3,A065,R031,Closed Won,997.0,2017-07-30,West,GTX Plus Basic
HWY9HTK2,HWY9HTK2,A025,R004,Closed Lost,0.0,2017-07-29,Central,GTX Plus Basic
983QHALZ,983QHALZ,A066,R004,Closed Lost,0.0,2017-07-30,Central,MG Advanced
P5B6BZWO,P5B6BZWO,A023,R005,Closed Won,526.0,2017-07-30,Central,GTX Basic
F7ZPP0C4,F7ZPP0C4,A011,R009,Closed Lost,0.0,2017-07-28,Central,GTX Plus Pro
N0UCNVKJ,N0UCNVKJ,A019,R009,Closed Won,418.0,2017-07-30,Central,GTX Basic
5OAWTEIU,5OAWTEIU,A068,R009,Closed Won,54.0,2017-07-28,Central,MG Special
55NG8O95,55NG8O95,A034,R025,Closed Won,622.0,2017-09-07,West,GTX Basic
DL3Q5HAD,DL3Q5HAD,A074,R014,Closed Won,4930.0,2017-08-23,East,GTX Plus Pro
0T9EBKZL,0T9EBKZL,A062,R003,Closed Won,51.0,2017-07-28,Central,MG Special
6KOHYTT4,6KOHYTT4,A003,R003,Closed Won,3167.0,2017-07-30,Central,MG Advanced
3L8ECZK8,3L8ECZK8,A029,R003,Closed Won,3038.0,2017-09-27,Central,MG Advanced
JAH8NGC2,JAH8NGC2,A077,R024,Closed Won,2851.0,2017-09-24,West,MG Advanced
93818DZF,93818DZF,A014,R033,Closed Lost,0.0,2017-11-18,West,GTX Basic
7B3DXNZL,7B3DXNZL,A017,R033,Closed Won,5283.0,2017-07-22,West,GTX Pro
DZAFN4I1,DZAFN4I1,A017,R033,Closed Won,49.0,2017-07-23,West,MG Special
RZYCBSQN,RZYCBSQN,A012,R001,Closed Lost,0.0,2017-07-29,Central,GTX Plus Basic
84BIAFGY,84BIAFGY,A067,R001,Closed Lost,0.0,2017-11-03,Central,MG Advanced
YQACOZV4,YQACOZV4,A078,R019,Closed Lost,0.0,2017-09-12,East,GTX Plus Basic
DNIX6FCG,DNIX6FCG,A027,R019,Closed Lost,0.0,2017-07-27,East,MG Special
6U7RD3TG,6U7RD3TG,A037,R019,Closed Won,3684.0,2017-07-23,East,MG Advanced
610D6711,610D6711,A063,R019,Closed Won,2986.0,2017-11-23,East,MG Advanced
3Z5NBGAT,3Z5NBGAT,A066,R002,Closed Won,50.0,2017-07-23,Central,MG Special
WNRDPS5I,WNRDPS5I,A020,R013,Closed Lost,0.0,2017-08-02,East,GTX Pro
ZUSDWKSM,ZUSDWKSM,A026,R013,Closed Lost,0.0,2017-07-29,East,GTX Pro
NK1TQTYO,NK1TQTYO,A068,R010,Closed Lost,0.0,2017-07-24,Central,GTX Pro
676KO0LG,676KO0LG,A030,R010,Closed Won,927.0,2017-07-29,Central,GTX Plus Basic
D6PFP040,D6PFP040,A015,R010,Closed Won,5113.0,2017-09-05,Central,GTX Pro
MHMD41XY,MHMD41XY,A006,R028,Closed Won,51.0,2017-07-23,West,MG Special
LRLER1XS,LRLER1XS,A024,R026,Closed Won,64.0,2017-09-14,West,MG Special
4RWE00T8,4RWE00T8,A060,R006,Closed Lost,0.0,2017-11-05,Central,GTX Basic
P3XN6SXX,P3XN6SXX,A016,R006,Closed Lost,0.0,2017-07-24,Central,GTX Plus Basic
L65X2CDL,L65X2CDL,A036,R006,Closed Lost,0.0,2017-11-12,Central,GTX Pro
12HRYJQH,12HRYJQH,A044,R031,Closed Won,442.0,2017-07-23,West,GTX Basic
5ZA8MURX,5ZA8MURX,A021,R027,Closed Lost,0.0,2017-07-30,West,GTX Pro
Y7AC2LSL,Y7AC2LSL,A006,R027,Closed Won,3015.0,2017-09-30,West,MG Advanced
ME2X1TEG,ME2X1TEG,A009,R007,Closed Lost,0.0,2017-07-24,Central,MG Advanced
30KP0JMN,30KP0JMN,A077,R034,Closed Lost,0.0,2017-07-23,West,GTX Plus Pro
BG156UAV,BG156UAV,A012,R005,Closed Lost,0.0,2017-07-23,Central,MG Advanced
S7T5AHQH,S7T5AHQH,A066,R005,Closed Won,1174.0,2017-07-23,Central,GTX Plus Basic
48UPZJ45,48UPZJ45,A057,R009,Closed Won,3696.0,2017-09-28,Central,MG Advanced
T0SO96YG,T0SO96YG,A049,R021,Closed Lost,0.0,2017-07-30,East,GTX Basic
YCQABCDI,YCQABCDI,A002,R021,Closed Won,3252.0,2017-11-03,East,MG Advanced
8JZ4R9BW,8JZ4R9BW,A028,R003,Closed Lost,0.0,2017-11-04,Central,MG Special
PTFOEUO4,PTFOEUO4,A029,R003,Closed Lost,0.0,2017-07-23,Central,MG Special
ZCCBTBIQ,ZCCBTBIQ,A017,R024,Closed Lost,0.0,2017-07-23,West,GTX Pro
1TJ6WP5R,1TJ6WP5R,A036,R024,Closed Won,65.0,2017-09-23,West,MG Special
WHF75273,WHF75273,A080,R019,Closed Won,904.0,2017-09-05,East,GTX Plus Basic
AH58AQ3B,AH58AQ3B,A072,R002,Closed Won,541.0,2017-07-24,Central,GTX Basic
292W4P09,292W4P09,A043,R013,Closed Won,630.0,2017-07-25,East,GTX Basic
MG0LTCCE,MG0LTCCE,A078,R018,Closed Won,1231.0,2017-07-30,East,GTX Plus Basic
ANNUH4KM,ANNUH4KM,A016,R010,Closed Won,556.0,2017-11-20,Central,GTX Basic
L3V8UK9H,L3V8UK9H,A066,R010,Closed Won,1070.0,2017-07-31,Central,GTX Plus Basic
2CRE26AC,2CRE26AC,A051,R028,Closed Won,57.0,2017-07-25,West,MG Special
3J1LNCA4,3J1LNCA4,A035,R026,Closed Lost,0.0,2017-07-31,West,GTX Plus Basic
4PDYHVX1,4PDYHVX1,A041,R030,Closed Won,4824.0,2017-07-25,West,GTX Plus Pro
BICJY3FZ,BICJY3FZ,A068,R006,Closed Won,6049.0,2017-11-19,Central,GTX Plus Pro
4P12PLQA,4P12PLQA,A017,R032,Closed Won,58.0,2017-07-28,West,MG Special
4942W0E7,4942W0E7,A044,R032,Closed Won,3335.0,2017-08-20,West,MG Advanced
TGTJ0NBT,TGTJ0NBT,A017,R031,Closed Lost,0.0,2017-07-30,West,GTX Plus Basic
W8W6N0LL,W8W6N0LL,A042,R027,Closed Lost,0.0,2017-11-07,West,GTX Pro
SEF4LOIS,SEF4LOIS,A019,R007,Closed Lost,0.0,2017-07-25,Central,GTX Plus Basic
BNIU5YZ2,BNIU5YZ2,A072,R007,Closed Won,1006.0,2017-08-07,Central,GTX Plus Basic
CPK36NED,CPK36NED,A068,R007,Closed Won,3367.0,2017-08-02,Central,MG Advanced
VYWQ3U5S,VYWQ3U5S,A024,R034,Closed Lost,0.0,2017-11-10,West,GTX Basic
HDWQM6JT,HDWQM6JT,A065,R034,Closed Lost,0.0,2017-07-28,West,GTX Plus Basic
T0MUE2H7,T0MUE2H7,A067,R005,Closed Lost,0.0,2017-08-06,Central,MG Special
ZDRRL61D,ZDRRL61D,A009,R009,Closed Lost,0.0,2017-07-25,Central,GTX Plus Basic
YRWX35AS,YRWX35AS,A052,R021,Closed Lost,0.0,2017-07-31,East,GTX Pro
YT5I3AUS,YT5I3AUS,A078,R021,Closed Won,494.0,2017-07-31,East,GTX Basic
IS8Z2CQA,IS8Z2CQA,A052,R021,Closed Won,4434.0,2017-07-30,East,GTX Pro
LPR6G7AE,LPR6G7AE,A073,R003,Closed Lost,0.0,2017-07-28,Central,MG Special
CJAQVPDP,CJAQVPDP,A085,R003,Closed Lost,0.0,2017-09-05,Central,MG Advanced
757V8R2Z,757V8R2Z,A037,R012,Closed Won,54.0,2017-09-01,East,MG Special
7KUYF1U3,7KUYF1U3,A042,R012,Closed Won,48.0,2017-08-06,East,MG Special
7QE84GCH,7QE84GCH,A020,R012,Closed Won,2855.0,2017-09-12,East,MG Advanced
1WA46LC9,1WA46LC9,A043,R016,Closed Won,538.0,2017-07-30,East,GTX Basic
L9CJZZ59,L9CJZZ59,A041,R033,Closed Lost,0.0,2017-09-29,West,GTX Plus Pro
JWUWBI4D,JWUWBI4D,A025,R001,Closed Lost,0.0,2017-09-03,Central,GTX Plus Pro
GHB3UIDV,GHB3UIDV,A084,R013,Closed Won,458.0,2017-07-26,East,GTX Basic
23R03LTJ,23R03LTJ,A076,R010,Closed Won,996.0,2017-08-07,Central,GTX Plus Basic
AHUTOSMS,AHUTOSMS,A028,R010,Closed Won,4772.0,2017-07-31,Central,GTX Pro
2T3QDLXY,2T3QDLXY,A037,R020,Closed Won,4490.0,2017-07-26,East,GTX Pro
J5DVK5F3,J5DVK5F3,A027,R020,Closed Won,3260.0,2017-11-02,East,MG Advanced
M3PCMYJ0,M3PCMYJ0,A017,R028,Closed Won,584.0,2017-08-06,West,GTX Basic
H5RRJOD9,H5RRJOD9,A042,R028,Closed Won,3371.0,2017-07-30,West,MG Advanced
BUQ655AB,BUQ655AB,A012,R008,Closed Won,4868.0,2017-09-27,Central,GTX Pro
QDNA6HW3,QDNA6HW3,A057,R008,Closed Won,3271.0,2017-08-07,Central,MG Advanced
T0VHKKCN,T0VHKKCN,A073,R006,Closed Lost,0.0,2017-07-25,Central,GTX Pro
7R0TEEHW,7R0TEEHW,A012,R004,Closed Lost,0.0,2017-08-28,Central,MG Special
CA3BRUJO,CA3BRUJO,A045,R007,Closed Won,1171.0,2017-07-25,Central,GTX Plus Basic
U5K1Y35J,U5K1Y35J,A038,R005,Closed Won,58.0,2017-07-25,Central,MG Special
Y7TVU9AY,Y7TVU9AY,A068,R009,Closed Lost,0.0,2017-11-06,Central,GTX Basic
ZNZCBGN7,ZNZCBGN7,A080,R014,Closed Lost,0.0,2017-07-26,East,GTX Pro
IT2UBEW4,IT2UBEW4,A084,R014,Closed Won,59.0,2017-07-25,East,MG Special
X19CKKZ1,X19CKKZ1,A036,R003,Closed Won,50.0,2017-07-31,Central,MG Special
DZOLKFK6,DZOLKFK6,A035,R024,Closed Lost,0.0,2017-11-21,West,GTX Plus Pro
H5E0GSHQ,H5E0GSHQ,A043,R012,Closed Lost,0.0,2017-07-30,East,MG Special
CBPVAIQ7,CBPVAIQ7,A053,R022,Closed Lost,0.0,2017-08-03,East,GTX Basic
JND57DH5,JND57DH5,A040,R022,Closed Won,48.0,2017-08-01,East,MG Special
8PUH80YZ,8PUH80YZ,A008,R019,Closed Won,511.0,2017-08-21,East,GTX Basic
22WVAXR2,22WVAXR2,A048,R019,Closed Won,1311.0,2017-07-29,East,GTX Plus Basic
MA9SBSLE,MA9SBSLE,A019,R002,Closed Lost,0.0,2017-07-27,Central,MG Special
PKRDEUWE,PKRDEUWE,A042,R013,Closed Lost,0.0,2017-08-02,East,GTX Basic
LJ5FQGLZ,LJ5FQGLZ,A056,R018,Closed Won,6100.0,2017-07-27,East,GTX Plus Pro
KMJMLQ4P,KMJMLQ4P,A063,R018,Closed Won,61.0,2017-08-01,East,MG Special
94E71JAP,94E71JAP,A039,R010,Closed Lost,0.0,2017-11-13,Central,GTX Plus Basic
VBVO5X8W,VBVO5X8W,A015,R010,Closed Lost,0.0,2017-08-08,Central,GTX Pro
6UUZ4IJ5,6UUZ4IJ5,A059,R010,Closed Won,528.0,2017-08-03,Central,GTX Basic
6EXXL6M4,6EXXL6M4,A066,R010,Closed Won,581.0,2017-07-31,Central,GTX Basic
L9BTE2RA,L9BTE2RA,A072,R010,Closed Won,5947.0,2017-09-29,Central,GTX Plus Pro
EVU2E5ZZ,EVU2E5ZZ,A027,R020,Closed Lost,0.0,2017-08-02,East,MG Advanced
PBTSZ2Q2,PBTSZ2Q2,A039,R008,Closed Lost,0.0,2017-11-05,Central,GTX Pro
D28ANNYX,D28ANNYX,A033,R032,Closed Won,508.0,2017-12-02,West,GTX Basic
30OFYJUN,30OFYJUN,A019,R004,Closed Lost,0.0,2017-07-31,Central,GTX Basic
10ICDVM2,10ICDVM2,A045,R004,Closed Won,537.0,2017-07-30,Central,GTX Basic
KUAZF4E7,KUAZF4E7,A006,R027,Closed Lost,0.0,2017-11-27,West,GTX Plus Basic
IVANA47K,IVANA47K,A009,R007,Closed Won,1031.0,2017-07-27,Central,GTX Plus Basic
4KP2GEFF,4KP2GEFF,A015,R009,Closed Won,1077.0,2017-11-03,Central,GTX Plus Basic
WOB1ULFR,WOB1ULFR,A019,R003,Closed Won,3306.0,2017-11-04,Central,MG Advanced
7IKDD9UG,7IKDD9UG,A005,R012,Closed Won,491.0,2017-07-26,East,GTX Basic
59SUBXGP,59SUBXGP,A068,R001,Closed Won,53.0,2017-12-02,Central,MG Special
TFL3C3JS,TFL3C3JS,A037,R019,Closed Won,5228.0,2017-09-27,East,GTX Plus Pro
EM3NYEYC,EM3NYEYC,A016,R002,Closed Lost,0.0,2017-07-31,Central,GTX Plus Pro
KPFV2AAL,KPFV2AAL,A068,R010,Closed Lost,0.0,2017-11-17,Central,GTX Pro
V2JOV5MF,V2JOV5MF,A016,R010,Closed Won,4677.0,2017-07-27,Central,GTX Pro
DEVXF86R,DEVXF86R,A001,R020,Closed Lost,0.0,2017-09-29,East,GTX Plus Basic
VA9AGU75,VA9AGU75,A042,R020,Closed Lost,0.0,2017-09-26,East,GTX Pro
0MKW8IPC,0MKW8IPC,A078,R020,Closed Won,554.0,2017-07-28,East,GTX Basic
P8P9MKJL,P8P9MKJL,A015,R008,Closed Won,5548.0,2017-09-23,Central,GTX Plus Pro
S7PY8R2V,S7PY8R2V,A025,R008,Closed Won,3809.0,2017-07-28,Central,MG Advanced
75WYC9TY,75WYC9TY,A029,R006,Closed Lost,0.0,2017-07-30,Central,GTX Basic
CEWDZ3ZD,CEWDZ3ZD,A061,R031,Closed Won,53.0,2017-08-10,West,MG Special
F56MSU4B,F56MSU4B,A003,R004,Closed Lost,0.0,2017-07-30,Central,MG Advanced
BR18O9U1,BR18O9U1,A059,R007,Closed Won,1044.0,2017-07-28,Central,GTX Plus Basic
88CM27UB,88CM27UB,A042,R034,Closed Lost,0.0,2017-07-30,West,GTX Pro
BE0RAJF5,BE0RAJF5,A022,R024,Closed Lost,0.0,2017-08-06,West,GTX Pro
KO7UWLAU,KO7UWLAU,A078,R016,Closed Won,3596.0,2017-07-28,East,MG Advanced
4SJGBWQL,4SJGBWQL,A036,R033,Closed Lost,0.0,2017-07-27,West,GTX Plus Basic
AWFSNZ2U,AWFSNZ2U,A064,R033,Closed Won,1091.0,2017-12-01,West,GTX Plus Basic
S3E48VE0,S3E48VE0,A054,R033,Closed Won,6000.0,2017-09-26,West,GTX Pro
SCR1IKLQ,SCR1IKLQ,A004,R001,Closed Won,5068.0,2017-07-29,Central,GTX Plus Pro
IF8PILJR,IF8PILJR,A029,R001,Closed Won,46.0,2017-07-29,Central,MG Special
2K52EH11,2K52EH11,A075,R019,Closed Lost,0.0,2017-12-12,East,MG Advanced
HTY5G7DI,HTY5G7DI,A062,R002,Closed Won,3025.0,2017-08-02,Central,MG Advanced
TX88GTDE,TX88GTDE,A020,R013,Closed Lost,0.0,2017-07-29,East,GTX Plus Basic
2GQH9FKJ,2GQH9FKJ,A015,R010,Closed Won,4790.0,2017-08-09,Central,GTX Pro
MW3K8553,MW3K8553,A085,R010,Closed Won,4861.0,2017-08-23,Central,GTX Pro
E41SDK40,E41SDK40,A009,R008,Closed Lost,0.0,2017-09-15,Central,GTX Basic
RDFUGEA2,RDFUGEA2,A036,R030,Closed Won,586.0,2017-09-15,West,GTX Basic
I8TEUO2C,I8TEUO2C,A061,R032,Closed Won,514.0,2017-08-10,West,GTX Basic
BY1TB6D2,BY1TB6D2,A044,R027,Closed Won,4209.0,2017-07-28,West,GTX Pro
2AMVTZLM,2AMVTZLM,A028,R007,Closed Lost,0.0,2017-08-01,Central,MG Special
8IOAX81S,8IOAX81S,A016,R007,Closed Won,965.0,2017-08-07,Central,GTX Plus Basic
EYWL3H5G,EYWL3H5G,A051,R025,Closed Lost,0.0,2017-07-28,West,GTX Plus Pro
YUGFGRUT,YUGFGRUT,A034,R024,Closed Won,651.0,2017-08-06,West,GTX Basic
O6B0YK1X,O6B0YK1X,A013,R001,Closed Lost,0.0,2017-08-03,Central,MG Advanced
NLWICKPS,NLWICKPS,A074,R019,Closed Lost,0.0,2017-11-07,East,GTX Plus Basic
Z6FPHRV7,Z6FPHRV7,A026,R013,Closed Won,550.0,2017-11-11,East,GTX Basic
LJ59Y2TK,LJ59Y2TK,A059,R010,Closed Lost,0.0,2017-07-29,Central,GTX Pro
80S3ED8B,80S3ED8B,A013,R010,Closed Won,589.0,2017-08-23,Central,GTX Basic
2IKGOPW1,2IKGOPW1,A038,R010,Closed Won,4387.0,2017-07-30,Central,GTX Pro
7Y10BR02,7Y10BR02,A068,R010,Closed Won,4555.0,2017-07-30,Central,GTX Pro
4L8RQVL9,4L8RQVL9,A048,R020,Closed Lost,0.0,2017-08-06,East,GTX Pro
9T954T67,9T954T67,A033,R028,Closed Won,514.0,2017-07-29,West,GTX Basic
CEOEM2MY,CEOEM2MY,A050,R026,Closed Lost,0.0,2017-07-29,West,GTX Plus Basic
I5FVCO24,I5FVCO24,A009,R006,Closed Won,4671.0,2017-07-29,Central,GTX Pro
WTG4IAG0,WTG4IAG0,A046,R032,Closed Lost,0.0,2017-07-29,West,MG Special
NFKUICVA,NFKUICVA,A064,R032,Closed Won,518.0,2017-11-15,West,GTX Basic
8UCQBI6J,8UCQBI6J,A009,R007,Closed Won,4172.0,2017-07-29,Central,GTX Pro
Q8Q4R3SW,Q8Q4R3SW,A015,R005,Closed Lost,0.0,2017-08-10,Central,GTX Plus Pro
BZNGP0DN,BZNGP0DN,A048,R021,Closed Won,53.0,2017-08-10,East,MG Special
Z31RDLIF,Z31RDLIF,A027,R014,Closed Lost,0.0,2017-11-27,East,MG Advanced
E4KNZB95,E4KNZB95,A004,R003,Closed Won,53.0,2017-08-19,Central,MG Special
PJDA3RWU,PJDA3RWU,A012,R003,Closed Won,60.0,2017-08-03,Central,MG Special
YUORNX7C,YUORNX7C,A038,R003,Closed Won,53.0,2017-11-01,Central,MG Special
0WJLKMUA,0WJLKMUA,A001,R012,Closed Lost,0.0,2017-07-29,East,GTX Pro
7XP06LUZ,7XP06LUZ,A081,R016,Closed Lost,0.0,2017-12-02,East,MG Special
5BT0Y4MB,5BT0Y4MB,A033,R033,Closed Lost,0.0,2017-07-30,West,GTX Basic
WCCEBK6E,WCCEBK6E,A039,R001,Closed Won,4603.0,2017-08-05,Central,GTX Plus Pro
5SCMRQ9N,5SCMRQ9N,A023,R002,Closed Won,610.0,2017-09-05,Central,GTX Basic
A3I4JHP0,A3I4JHP0,A044,R018,Closed Won,1189.0,2017-08-06,East,GTX Plus Basic
DOVFYIIO,DOVFYIIO,A048,R020,Closed Lost,0.0,2017-07-30,East,GTX Pro
BC53PQMQ,BC53PQMQ,A069,R020,Closed Won,5480.0,2017-07-31,East,GTX Plus Pro
AU1OZUN8,AU1OZUN8,A065,R028,Closed Won,56.0,2017-11-02,West,MG Special
09GK47AY,09GK47AY,A052,R015,Closed Lost,0.0,2017-08-02,East,GTX Plus Basic
D6CRJSEP,D6CRJSEP,A084,R015,Closed Won,983.0,2017-09-16,East,GTX Plus Basic
5G9WEZTP,5G9WEZTP,A048,R015,Closed Won,5319.0,2017-08-16,East,GTX Pro
KRK5YFGW,KRK5YFGW,A044,R030,Closed Won,4941.0,2017-08-08,West,GTX Pro
GJQFUUWI,GJQFUUWI,A070,R030,Closed Won,3260.0,2017-08-02,West,MG Advanced
7SO4NKFP,7SO4NKFP,A036,R032,Closed Lost,0.0,2017-08-03,West,GTX Plus Basic
VZ1ETER5,VZ1ETER5,A032,R032,Closed Won,4842.0,2017-07-31,West,GTX Plus Pro
YOFRJU68,YOFRJU68,A006,R032,Closed Won,3463.0,2017-09-29,West,MG Advanced
F9V6EWDG,F9V6EWDG,A045,R004,Closed Lost,0.0,2017-08-01,Central,GTX Basic
5EFR0VAZ,5EFR0VAZ,A051,R034,Closed Lost,0.0,2017-07-30,West,GTX Basic
4MTIOMFQ,4MTIOMFQ,A049,R021,Closed Won,4252.0,2017-08-08,East,GTX Pro
J096XFZG,J096XFZG,A084,R014,Closed Won,4906.0,2017-09-04,East,GTX Pro
4U2Z53VS,4U2Z53VS,A038,R003,Closed Lost,0.0,2017-08-10,Central,MG Special
6YMJLH2F,6YMJLH2F,A023,R001,Closed Lost,0.0,2017-08-07,Central,GTX Plus Pro
D6U1NYBU,D6U1NYBU,A074,R013,Closed Won,3113.0,2017-11-18,East,MG Advanced
9Q2SYGPP,9Q2SYGPP,A007,R018,Closed Won,1097.0,2017-08-10,East,GTX Plus Basic
EY73E4ZB,EY73E4ZB,A036,R010,Closed Lost,0.0,2017-08-05,Central,MG Advanced
KQLS98VW,KQLS98VW,A012,R010,Closed Won,1245.0,2017-12-04,Central,GTX Plus Basic
LKQL4GRO,LKQL4GRO,A062,R010,Closed Won,1160.0,2017-08-04,Central,GTX Plus Basic
4DKUZ8JE,4DKUZ8JE,A004,R010,Closed Won,53.0,2017-07-31,Central,MG Special
V3QM4V7G,V3QM4V7G,A037,R020,Closed Lost,0.0,2017-08-11,East,GTX Pro
LZWH2OGW,LZWH2OGW,A025,R008,Closed Lost,0.0,2017-08-06,Central,MG Advanced
R7JSQI5U,R7JSQI5U,A051,R026,Closed Lost,0.0,2017-07-31,West,MG Advanced
S5NZI5UN,S5NZI5UN,A010,R030,Closed Won,5031.0,2017-09-10,West,GTX Pro
XQQ3JS90,XQQ3JS90,A057,R006,Closed Won,5741.0,2017-07-31,Central,GTX Pro
5SED9K1C,5SED9K1C,A055,R032,Closed Won,1038.0,2017-08-09,West,GTX Plus Basic
810GB47D,810GB47D,A012,R031,Closed Lost,0.0,2017-08-05,West,GTX Basic
GZCWRMIR,GZCWRMIR,A041,R031,Closed Lost,0.0,2017-11-20,West,GTX Basic
PST4NDK4,PST4NDK4,A025,R004,Closed Won,502.0,2017-08-09,Central,GTX Basic
8U9DLK26,8U9DLK26,A050,R034,Closed Won,4913.0,2017-07-31,West,GTX Pro
DDWSCXZA,DDWSCXZA,A060,R005,Closed Won,3457.0,2017-09-19,Central,MG Advanced
T2UA7F7Z,T2UA7F7Z,A053,R021,Closed Won,5204.0,2017-08-08,East,GTX Plus Pro
FOGOYZ75,FOGOYZ75,A056,R014,Closed Won,3019.0,2017-08-07,East,MG Advanced
I9IJS5BM,I9IJS5BM,A069,R014,Closed Won,3453.0,2017-08-18,East,MG Advanced
2HU8CPJ3,2HU8CPJ3,A046,R024,Closed Won,3464.0,2017-11-13,West,MG Advanced
M2UI5MKB,M2UI5MKB,A081,R012,Closed Won,2937.0,2017-08-19,East,MG Advanced
HWVR6IJ7,HWVR6IJ7,A042,R016,Closed Won,463.0,2017-08-15,East,GTX Basic
V0XFS245,V0XFS245,A007,R022,Closed Won,4096.0,2017-09-11,East,GTX Pro
BBGCBEUY,BBGCBEUY,A054,R027,Closed Lost,0.0,2017-08-04,West,GTX Plus Basic
6PHF576T,6PHF576T,A079,R027,Closed Lost,0.0,2017-11-23,West,GTX Pro
XN43RX9C,XN43RX9C,A070,R027,Closed Won,3187.0,2017-08-10,West,MG Advanced
DOU4T9EI,DOU4T9EI,A009,R005,Closed Lost,0.0,2017-11-02,Central,MG Special
XUU1PPTJ,XUU1PPTJ,A057,R005,Closed Won,5234.0,2017-11-10,Central,GTX Plus Pro
KZMZH8L6,KZMZH8L6,A084,R021,Closed Won,6180.0,2017-09-28,East,GTX Plus Pro
7WU2BQ2P,7WU2BQ2P,A038,R003,Closed Won,53.0,2017-08-10,Central,MG Special
5B4H3E7V,5B4H3E7V,A044,R024,Closed Lost,0.0,2017-08-05,West,MG Special
6YCDG16T,6YCDG16T,A010,R024,Closed Won,3687.0,2017-08-12,West,MG Advanced
BVKAXY66,BVKAXY66,A044,R033,Closed Won,6069.0,2017-08-20,West,GTX Pro
D9VTKEEH,D9VTKEEH,A028,R001,Closed Lost,0.0,2017-08-11,Central,GTX Plus Basic
7CYRCTXI,7CYRCTXI,A045,R001,Closed Won,3452.0,2017-08-16,Central,MG Advanced
IH4M0XTK,IH4M0XTK,A043,R019,Closed Won,3156.0,2017-08-09,East,MG Advanced
L9AZZGNK,L9AZZGNK,A027,R018,Closed Lost,0.0,2017-08-14,East,GTX Basic
MLPVWTC2,MLPVWTC2,A067,R010,Closed Lost,0.0,2017-11-23,Central,MG Advanced
6BBYA0L3,6BBYA0L3,A058,R026,Closed Won,1157.0,2017-08-06,West,GTX Plus Basic
S3J60BK0,S3J60BK0,A054,R030,Closed Won,1040.0,2017-11-22,West,GTX Plus Basic
IKIJHQPN,IKIJHQPN,A068,R006,Closed Won,49.0,2017-12-16,Central,MG Special
OJ9KBQML,OJ9KBQML,A038,R004,Closed Won,454.0,2017-09-19,Central,GTX Basic
W66UPKL4,W66UPKL4,A083,R027,Closed Won,1106.0,2017-11-18,West,GTX Plus Basic
2S7CMLRJ,2S7CMLRJ,A032,R034,Closed Won,1143.0,2017-08-08,West,GTX Plus Basic
18KMXL8N,18KMXL8N,A041,R034,Closed Won,4434.0,2017-11-06,West,GTX Plus Pro
K44PIQTN,K44PIQTN,A058,R024,Closed Won,1193.0,2017-09-26,West,GTX Plus Basic
NWQHHVEM,NWQHHVEM,A032,R024,Closed Won,5049.0,2017-08-21,West,GTX Pro
ZJ76J97A,ZJ76J97A,A044,R024,Closed Won,5300.0,2017-08-19,West,GTX Pro
4Q1A27SA,4Q1A27SA,A064,R024,Closed Won,3597.0,2017-11-20,West,MG Advanced
GVOKY9KD,GVOKY9KD,A078,R012,Closed Lost,0.0,2017-11-11,East,GTX Pro
FOQK8G8Y,FOQK8G8Y,A065,R033,Closed Won,606.0,2017-08-06,West,GTX Basic
OEUK1UW5,OEUK1UW5,A012,R013,Closed Won,1123.0,2017-11-09,East,GTX Plus Basic
LF45YLLR,LF45YLLR,A037,R013,Closed Won,5205.0,2017-08-12,East,GTX Pro
RYYTO9Z5,RYYTO9Z5,A080,R018,Closed Won,592.0,2017-11-01,East,GTX Basic
R9VR53F3,R9VR53F3,A074,R018,Closed Won,6284.0,2017-08-14,East,GTX Plus Pro
D5H30X5X,D5H30X5X,A076,R008,Closed Lost,0.0,2017-11-07,Central,MG Special
FLXN0TBT,FLXN0TBT,A046,R026,Closed Lost,0.0,2017-08-10,West,MG Advanced
U8H8VGI0,U8H8VGI0,A047,R030,Closed Lost,0.0,2017-11-02,West,GTX Pro
R1X6U9CU,R1X6U9CU,A042,R030,Closed Won,4231.0,2017-08-05,West,GTX Plus Pro
IT1XRUTD,IT1XRUTD,A076,R004,Closed Lost,0.0,2017-08-13,Central,GTX Plus Pro
VTSKKTQO,VTSKKTQO,A085,R004,Closed Lost,0.0,2017-08-13,Central,MG Advanced
3Z2AMU5T,3Z2AMU5T,A043,R021,Closed Lost,0.0,2017-11-23,East,MG Advanced
R0O1UYNW,R0O1UYNW,A007,R012,Closed Won,53.0,2017-08-10,East,MG Special
G44S6CLC,G44S6CLC,A009,R001,Closed Won,52.0,2017-08-16,Central,MG Special
IMLB4653,IMLB4653,A027,R022,Closed Won,938.0,2017-08-22,East,GTX Plus Basic
ZE6HA778,ZE6HA778,A038,R010,Closed Lost,0.0,2017-08-08,Central,MG Advanced
6KPKOR79,6KPKOR79,A005,R020,Closed Won,1050.0,2017-09-13,East,GTX Plus Basic
D42GA3LC,D42GA3LC,A075,R020,Closed Won,3440.0,2017-08-11,East,MG Advanced
58J528HO,58J528HO,A060,R008,Closed Lost,0.0,2017-08-15,Central,GTX Pro
PBVC1VI7,PBVC1VI7,A044,R031,Closed Lost,0.0,2017-11-09,West,GTX Plus Basic
U4BPFJC5,U4BPFJC5,A038,R009,Closed Won,1126.0,2017-08-21,Central,GTX Plus Basic
MJ3XHBY0,MJ3XHBY0,A018,R021,Closed Won,3963.0,2017-08-14,East,GTX Pro
LT75S3LM,LT75S3LM,A043,R021,Closed Won,5401.0,2017-08-11,East,GTX Pro
B28O6RVD,B28O6RVD,A063,R014,Closed Lost,0.0,2017-08-20,East,MG Advanced
O9MGYBG4,O9MGYBG4,A063,R014,Closed Won,965.0,2017-12-02,East,GTX Plus Basic
FLH1KDV2,FLH1KDV2,A036,R003,Closed Won,534.0,2017-11-01,Central,GTX Basic
GVSAAKF4,GVSAAKF4,A048,R016,Closed Won,50.0,2017-11-21,East,MG Special
R6F1053X,R6F1053X,A044,R020,Closed Won,5186.0,2017-08-11,East,GTX Pro
OB2PHGFR,OB2PHGFR,A041,R028,Closed Won,3308.0,2017-11-04,West,MG Advanced
Y2X0X0WQ,Y2X0X0WQ,A023,R008,Closed Won,3367.0,2017-12-07,Central,MG Advanced
DZ47F0UT,DZ47F0UT,A046,R031,Closed Lost,0.0,2017-08-08,West,GTX Plus Basic
7WYZ9HMC,7WYZ9HMC,A061,R031,Closed Won,518.0,2017-09-16,West,GTX Basic
RG8P75PG,RG8P75PG,A037,R021,Closed Lost,0.0,2017-08-10,East,GTX Pro
P0YQ3HNN,P0YQ3HNN,A042,R021,Closed Won,1128.0,2017-09-11,East,GTX Plus Basic
TGI9B9AD,TGI9B9AD,A005,R021,Closed Won,6318.0,2017-12-16,East,GTX Plus Pro
WA58C7SV,WA58C7SV,A009,R001,Closed Lost,0.0,2017-11-26,Central,MG Advanced
EFUIZFRA,EFUIZFRA,A052,R018,Closed Won,4935.0,2017-09-19,East,GTX Pro
D4ZMTQLE,D4ZMTQLE,A062,R010,Closed Won,1013.0,2017-12-20,Central,GTX Plus Basic
QFXZT1TV,QFXZT1TV,A080,R020,Closed Won,573.0,2017-12-20,East,GTX Basic
3Q8GSOKD,3Q8GSOKD,A081,R020,Closed Won,535.0,2017-12-04,East,GTX Basic
7CC4DUSQ,7CC4DUSQ,A021,R028,Closed Lost,0.0,2017-11-29,West,MG Advanced
G2KW3DWD,G2KW3DWD,A012,R004,Closed Won,1080.0,2017-11-02,Central,GTX Plus Basic
IK72767Q,IK72767Q,A023,R007,Closed Won,609.0,2017-12-14,Central,GTX Basic
0F9GSZRO,0F9GSZRO,A004,R005,Closed Lost,0.0,2017-11-11,Central,GTX Basic
BEELPVP0,BEELPVP0,A062,R005,Closed Lost,0.0,2017-08-15,Central,MG Special
2DOZJ7GT,2DOZJ7GT,A030,R003,Closed Lost,0.0,2017-11-08,Central,MG Advanced
1V1L46NV,1V1L46NV,A060,R003,Closed Won,563.0,2017-11-09,Central,GTX Basic
SGYL0QMJ,SGYL0QMJ,A054,R033,Closed Lost,0.0,2017-11-07,West,GTX Pro
XNOQAL9G,XNOQAL9G,A003,R001,Closed Lost,0.0,2017-11-29,Central,MG Special
2PP30ME4,2PP30ME4,A044,R013,Closed Lost,0.0,2017-11-04,East,GTX Plus Basic
UADVV91I,UADVV91I,A007,R013,Closed Won,59.0,2017-12-01,East,MG Special
E9PMCMA3,E9PMCMA3,A018,R013,Closed Won,54.0,2017-11-14,East,MG Special
EGW6AN01,EGW6AN01,A018,R018,Closed Lost,0.0,2017-11-08,East,MG Advanced
NI5XQR33,NI5XQR33,A009,R010,Closed Lost,0.0,2017-08-14,Central,GTX Plus Basic
QYUZ3KVU,QYUZ3KVU,A049,R020,Closed Won,3114.0,2017-08-11,East,MG Advanced
5TOZM59X,5TOZM59X,A058,R028,Closed Won,60.0,2017-08-17,West,MG Special
XWOG5DC0,XWOG5DC0,A020,R015,Closed Lost,0.0,2017-11-08,East,GTX Basic
IQAFSIV4,IQAFSIV4,A042,R015,Closed Won,422.0,2017-08-27,East,GTX Basic
EETBBG75,EETBBG75,A044,R015,Closed Won,3971.0,2017-09-20,East,MG Advanced
STYAF310,STYAF310,A022,R032,Closed Lost,0.0,2017-11-04,West,GTX Plus Basic
6W7QAH1B,6W7QAH1B,A044,R032,Closed Won,510.0,2017-12-18,West,GTX Basic
KXLD5YKX,KXLD5YKX,A061,R032,Closed Won,4032.0,2017-11-19,West,MG Advanced
ESYGBBLP,ESYGBBLP,A019,R004,Closed Lost,0.0,2017-12-10,Central,GTX Basic
ZDSAVCDQ,ZDSAVCDQ,A056,R014,Closed Won,52.0,2017-08-12,East,MG Special
QRWC159J,QRWC159J,A069,R022,Closed Lost,0.0,2017-12-08,East,MG Advanced
TXPUCPT8,TXPUCPT8,A029,R002,Closed Won,3684.0,2017-11-17,Central,MG Advanced
2ZVWE5NE,2ZVWE5NE,A069,R013,Closed Lost,0.0,2017-12-19,East,GTX Plus Basic
4335LVQT,4335LVQT,A084,R013,Closed Won,4648.0,2017-11-19,East,GTX Plus Pro
MJ0RRDLN,MJ0RRDLN,A027,R013,Closed Won,4639.0,2017-12-05,East,GTX Pro
QAJPUEN2,QAJPUEN2,A003,R010,Closed Lost,0.0,2017-08-18,Central,GTX Pro
4XLLUO6J,4XLLUO6J,A038,R010,Closed Won,6360.0,2017-09-17,Central,GTX Plus Pro
5R408EB5,5R408EB5,A064,R028,Closed Lost,0.0,2017-12-19,West,GTX Plus Basic
FB0Q3FYP,FB0Q3FYP,A038,R008,Closed Won,4722.0,2017-09-22,Central,GTX Pro
JZ2VUXZQ,JZ2VUXZQ,A058,R026,Closed Lost,0.0,2017-08-26,West,GTX Plus Basic
RB54V758,RB54V758,A070,R030,Closed Won,3039.0,2017-08-17,West,MG Advanced
38C7HEG6,38C7HEG6,A060,R006,Closed Won,1080.0,2017-11-01,Central,GTX Plus Basic
FNXCNUR1,FNXCNUR1,A006,R032,Closed Lost,0.0,2017-11-24,West,GTX Plus Basic
DSPMSOTB,DSPMSOTB,A029,R004,Closed Won,3063.0,2017-12-13,Central,MG Advanced
AOVU3VUJ,AOVU3VUJ,A044,R027,Closed Lost,0.0,2017-11-17,West,GTX Basic
6DUFMKIG,6DUFMKIG,A041,R024,Closed Lost,0.0,2017-08-13,West,MG Special
R2DID6L7,R2DID6L7,A001,R012,Closed Won,52.0,2017-11-04,East,MG Special
WHS3UZHR,WHS3UZHR,A007,R012,Closed Won,51.0,2017-11-09,East,MG Special
5UFQONQU,5UFQONQU,A012,R033,Closed Won,4480.0,2017-11-27,West,GTX Pro
RRQIGS7E,RRQIGS7E,A015,R001,Closed Won,53.0,2017-08-18,Central,MG Special
1VFRN1GB,1VFRN1GB,A078,R019,Closed Won,582.0,2017-08-27,East,GTX Basic
AHXFADIU,AHXFADIU,A009,R002,Closed Lost,0.0,2017-11-01,Central,GTX Plus Pro
PWKFVQFA,PWKFVQFA,A076,R002,Closed Won,3354.0,2017-11-08,Central,MG Advanced
8CAXVCDF,8CAXVCDF,A020,R018,Closed Lost,0.0,2017-08-09,East,MG Advanced
0SIWRBDT,0SIWRBDT,A044,R018,Closed Won,1135.0,2017-12-22,East,GTX Plus Basic
VQB0ZCYJ,VQB0ZCYJ,A037,R020,Closed Won,4859.0,2017-08-11,East,GTX Pro
6IMKESNY,6IMKESNY,A072,R006,Closed Won,1085.0,2017-08-17,Central,GTX Plus Basic
18N5WD04,18N5WD04,A064,R031,Closed Lost,0.0,2017-09-24,West,MG Special
R26IBPEJ,R26IBPEJ,A023,R004,Closed Lost,0.0,2017-11-13,Central,GTX Basic
TCBW39GW,TCBW39GW,A085,R007,Closed Won,1196.0,2017-11-07,Central,GTX Plus Basic
F9QHNS68,F9QHNS68,A076,R007,Closed Won,5572.0,2017-08-19,Central,GTX Plus Pro
7DA7E2K7,7DA7E2K7,A041,R034,Closed Won,3415.0,2017-11-06,West,MG Advanced
GTH7MXLG,GTH7MXLG,A062,R003,Closed Lost,0.0,2017-08-15,Central,MG Special
2QISWUQ9,2QISWUQ9,A043,R019,Closed Lost,0.0,2017-12-05,East,GTX Basic
8CJ0DC9P,8CJ0DC9P,A075,R018,Closed Lost,0.0,2017-11-12,East,GTX Plus Basic
S0WEFDP2,S0WEFDP2,A056,R018,Closed Won,1176.0,2017-09-24,East,GTX Plus Basic
PXXIJWXD,PXXIJWXD,A068,R010,Closed Won,4313.0,2017-11-02,Central,GTX Pro
AQFXE1TA,AQFXE1TA,A044,R020,Closed Won,4662.0,2017-09-15,East,GTX Pro
N4JDVO8F,N4JDVO8F,A064,R028,Closed Lost,0.0,2017-08-12,West,GTX Basic
GXJF1O6U,GXJF1O6U,A010,R028,Closed Lost,0.0,2017-11-18,West,MG Advanced
UZTMM5MG,UZTMM5MG,A078,R015,Closed Lost,0.0,2017-11-20,East,GTX Pro
XMVJ5X59,XMVJ5X59,A056,R015,Closed Won,2715.0,2017-11-07,East,MG Advanced
AJ3CFCFA,AJ3CFCFA,A035,R026,Closed Lost,0.0,2017-11-19,West,GTX Plus Basic
SX73M3HS,SX73M3HS,A036,R030,Closed Won,511.0,2017-12-19,West,GTX Basic
YDUL6H8V,YDUL6H8V,A032,R027,Closed Won,1017.0,2017-12-08,West,GTX Plus Basic
DY5RYWTV,DY5RYWTV,A046,R034,Closed Lost,0.0,2017-08-20,West,GTX Plus Basic
3F9NDPA0,3F9NDPA0,A044,R034,Closed Won,1102.0,2017-08-10,West,GTX Plus Basic
UMKU4ZGE,UMKU4ZGE,A042,R034,Closed Won,67.0,2017-12-04,West,MG Special
56SRDF1B,56SRDF1B,A028,R005,Closed Won,59.0,2017-09-09,Central,MG Special
ID7F5VGK,ID7F5VGK,A016,R009,Closed Lost,0.0,2017-11-25,Central,GTX Plus Pro
6UQTAD4C,6UQTAD4C,A036,R009,Closed Won,569.0,2017-12-09,Central,GTX Basic
HT17GEXI,HT17GEXI,A078,R021,Closed Won,517.0,2017-12-13,East,GTX Basic
5Q2BP80H,5Q2BP80H,A040,R016,Closed Lost,0.0,2017-11-03,East,GTX Basic
JVKP9OCT,JVKP9OCT,A020,R022,Closed Won,1171.0,2017-08-22,East,GTX Plus Basic
COJKCSVG,COJKCSVG,A043,R013,Closed Lost,0.0,2017-08-22,East,GTX Basic
533RTCAL,533RTCAL,A018,R013,Closed Won,1143.0,2017-08-20,East,GTX Plus Basic
NUBMO8S7,NUBMO8S7,A042,R018,Closed Won,5315.0,2017-12-07,East,GTX Pro
DNL2IICB,DNL2IICB,A011,R010,Closed Lost,0.0,2017-08-12,Central,MG Advanced
X7V78ZY0,X7V78ZY0,A061,R028,Closed Won,49.0,2017-08-16,West,MG Special
5GEBBVQQ,5GEBBVQQ,A008,R015,Closed Lost,0.0,2017-11-06,East,GTX Plus Pro
DMN53GAI,DMN53GAI,A041,R026,Closed Won,3511.0,2017-08-13,West,MG Advanced
B7VEJNPV,B7VEJNPV,A011,R006,Closed Lost,0.0,2017-11-23,Central,GTX Pro
CR13KZ71,CR13KZ71,A079,R031,Closed Lost,0.0,2017-11-20,West,GTX Pro
C23N9DE9,C23N9DE9,A011,R007,Closed Won,1108.0,2017-08-27,Central,GTX Plus Basic
FW7QS11M,FW7QS11M,A031,R034,Closed Lost,0.0,2017-11-07,West,MG Special
ZRBHYBW9,ZRBHYBW9,A034,R034,Closed Lost,0.0,2017-11-03,West,MG Special
JLK580ND,JLK580ND,A066,R009,Closed Lost,0.0,2017-09-16,Central,GTX Basic
GN9SQ77J,GN9SQ77J,A038,R009,Closed Won,5671.0,2017-08-25,Central,GTX Plus Pro
1S09GEOL,1S09GEOL,A008,R014,Closed Lost,0.0,2017-09-09,East,GTX Basic
W0TOD23Z,W0TOD23Z,A004,R003,Closed Won,546.0,2017-09-24,Central,GTX Basic
2SI35CTV,2SI35CTV,A031,R024,Closed Won,57.0,2017-12-06,West,MG Special
58CZCKFN,58CZCKFN,A017,R024,Closed Won,3195.0,2017-09-28,West,MG Advanced
3E6J4YRT,3E6J4YRT,A084,R012,Closed Lost,0.0,2017-11-06,East,GTX Basic
L4QYOBFW,L4QYOBFW,A029,R001,Closed Lost,0.0,2017-11-06,Central,MG Special
DSC7UB3W,DSC7UB3W,A029,R001,Closed Lost,0.0,2017-08-23,Central,MG Special
ZHXBOIJ6,ZHXBOIJ6,A019,R001,Closed Won,46.0,2017-08-18,Central,MG Special
FBVCN3BA,FBVCN3BA,A068,R001,Closed Won,65.0,2017-11-07,Central,MG Special
52FDATJV,52FDATJV,A010,R030,Closed Lost,0.0,2017-08-24,West,GTX Pro
KJGZN9D4,KJGZN9D4,A057,R006,Closed Won,526.0,2017-11-11,Central,GTX Basic
MITXNS42,MITXNS42,A028,R006,Closed Won,4809.0,2017-11-10,Central,GTX Pro
ORJRH2SQ,ORJRH2SQ,A033,R027,Closed Won,1105.0,2017-08-14,West,GTX Plus Basic
GFU8P2SC,GFU8P2SC,A004,R003,Closed Lost,0.0,2017-08-17,Central,MG Special
SBCNMFUN,SBCNMFUN,A070,R024,Closed Won,56.0,2017-08-16,West,MG Special
JCIKEHD8,JCIKEHD8,A040,R012,Closed Lost,0.0,2017-11-09,East,GTX Plus Basic
GVZMMURY,GVZMMURY,A035,R033,Closed Lost,0.0,2017-11-29,West,GTX Pro
0PUDG8KY,0PUDG8KY,A081,R019,Closed Lost,0.0,2017-08-24,East,GTX Basic
XTCCGBYM,XTCCGBYM,A026,R019,Closed Won,4161.0,2017-11-10,East,GTX Pro
0UB5IQXA,0UB5IQXA,A011,R002,Closed Won,65.0,2017-11-23,Central,MG Special
EIS1B0GM,EIS1B0GM,A074,R013,Closed Lost,0.0,2017-08-13,East,GTX Pro
ASVOOKMY,ASVOOKMY,A081,R013,Closed Won,524.0,2017-09-03,East,GTX Basic
WAPSW48Y,WAPSW48Y,A059,R010,Closed Lost,0.0,2017-11-01,Central,GTX Pro
J6TNURHV,J6TNURHV,A038,R010,Closed Won,481.0,2017-11-20,Central,GTX Basic
9PG07FPP,9PG07FPP,A073,R010,Closed Won,520.0,2017-11-11,Central,GTX Basic
U3HKMX4U,U3HKMX4U,A011,R010,Closed Won,4582.0,2017-11-04,Central,GTX Pro
A7YPY8KI,A7YPY8KI,A021,R028,Closed Won,53.0,2017-08-21,West,MG Special
IFTZ75Z9,IFTZ75Z9,A046,R031,Closed Lost,0.0,2017-12-03,West,GTX Plus Basic
E8QYYAGE,E8QYYAGE,A066,R004,Closed Lost,0.0,2017-09-12,Central,GTX Basic
XE0H6MOP,XE0H6MOP,A036,R034,Closed Won,559.0,2017-09-22,West,GTX Basic
R0YCRJVQ,R0YCRJVQ,A039,R005,Closed Lost,0.0,2017-08-17,Central,MG Advanced
3OA6FZUD,3OA6FZUD,A073,R003,Closed Won,3165.0,2017-11-29,Central,MG Advanced
SUOT8GB6,SUOT8GB6,A006,R024,Closed Won,3779.0,2017-11-14,West,MG Advanced
Q3TDGMAR,Q3TDGMAR,A018,R012,Closed Won,48.0,2017-11-12,East,MG Special
HQ2QSZUP,HQ2QSZUP,A068,R001,Closed Won,50.0,2017-11-02,Central,MG Special
V01XCOAS,V01XCOAS,A074,R022,Closed Lost,0.0,2017-11-22,East,MG Special
O35V5CTW,O35V5CTW,A078,R019,Closed Lost,0.0,2017-11-24,East,MG Advanced
AIU1UWJZ,AIU1UWJZ,A084,R013,Closed Won,4498.0,2017-08-22,East,GTX Pro
C205FMDE,C205FMDE,A082,R013,Closed Won,59.0,2017-09-01,East,MG Special
KLIOLWPC,KLIOLWPC,A071,R018,Closed Lost,0.0,2017-08-17,East,GTX Pro
OF5AZQID,OF5AZQID,A019,R010,Closed Won,4810.0,2017-11-05,Central,GTX Pro
8H0UQYXW,8H0UQYXW,A042,R030,Closed Won,3972.0,2017-11-07,West,MG Advanced
ZW2GDFKC,ZW2GDFKC,A041,R031,Closed Lost,0.0,2017-08-24,West,MG Special
96MOALT0,96MOALT0,A044,R031,Closed Won,573.0,2017-08-18,West,GTX Basic
714B6OB2,714B6OB2,A021,R027,Closed Lost,0.0,2017-11-18,West,GTX Plus Pro
W6OX0S1Q,W6OX0S1Q,A032,R027,Closed Lost,0.0,2017-08-21,West,GTX Pro
B5WZQP1F,B5WZQP1F,A083,R027,Closed Won,5540.0,2017-11-28,West,GTX Pro
CYBWWANG,CYBWWANG,A045,R007,Closed Lost,0.0,2017-11-25,Central,MG Special
4BUQW2T0,4BUQW2T0,A010,R034,Closed Won,1130.0,2017-08-24,West,GTX Plus Basic
ZHOK77B4,ZHOK77B4,A084,R021,Closed Won,4743.0,2017-11-02,East,GTX Pro
TP4SDOPW,TP4SDOPW,A056,R021,Closed Won,3732.0,2017-08-29,East,MG Advanced
BUZMB3Q4,BUZMB3Q4,A024,R024,Closed Won,59.0,2017-11-26,West,MG Special
92VGMPKP,92VGMPKP,A032,R033,Closed Lost,0.0,2017-11-07,West,GTX Pro
JTXYATXL,JTXYATXL,A044,R033,Closed Won,510.0,2017-11-15,West,GTX Basic
DCOMI70R,DCOMI70R,A038,R001,Closed Lost,0.0,2017-08-20,Central,GTX Plus Pro
5OOZTQK7,5OOZTQK7,A026,R019,Closed Lost,0.0,2017-08-22,East,MG Advanced
P2PVED7R,P2PVED7R,A042,R019,Closed Won,907.0,2017-08-30,East,GTX Plus Basic
LFMMI05H,LFMMI05H,A001,R019,Closed Won,5881.0,2017-12-21,East,GTX Plus Pro
99NDUEKO,99NDUEKO,A003,R002,Closed Lost,0.0,2017-11-09,Central,GTX Plus Pro
2ICN8RJP,2ICN8RJP,A060,R010,Closed Won,3902.0,2017-11-04,Central,GTX Pro
YKMHSGNU,YKMHSGNU,A079,R026,Closed Lost,0.0,2017-11-29,West,MG Advanced
N0XWYRBU,N0XWYRBU,A032,R032,Closed Won,6186.0,2017-11-10,West,GTX Plus Pro
HY9VGF58,HY9VGF58,A054,R031,Closed Won,1094.0,2017-08-24,West,GTX Plus Basic
EPC4NBJ5,EPC4NBJ5,A031,R034,Closed Lost,0.0,2017-08-28,West,GTX Plus Basic
MVU1OZVS,MVU1OZVS,A057,R003,Closed Won,53.0,2017-11-30,Central,MG Special
1BAF1ZYL,1BAF1ZYL,A054,R024,Closed Won,551.0,2017-08-19,West,GTX Basic
UV45XZWJ,UV45XZWJ,A006,R033,Closed Lost,0.0,2017-08-18,West,MG Special
3HTSMIGI,3HTSMIGI,A003,R001,Closed Lost,0.0,2017-09-27,Central,GTX Plus Basic
B5GG52AB,B5GG52AB,A038,R001,Closed Lost,0.0,2017-11-15,Central,GTX Plus Pro
MTBQF6FE,MTBQF6FE,A029,R001,Closed Won,57.0,2017-11-05,Central,MG Special
3S3O03ZV,3S3O03ZV,A027,R019,Closed Won,552.0,2017-08-25,East,GTX Basic
62TFLOG6,62TFLOG6,A012,R013,Closed Lost,0.0,2017-08-28,East,MG Advanced
94JT388Y,94JT388Y,A071,R013,Closed Won,4520.0,2017-09-01,East,GTX Plus Pro
AKC9GNVA,AKC9GNVA,A074,R013,Closed Won,5868.0,2017-11-09,East,GTX Pro
0R1F3OIN,0R1F3OIN,A005,R018,Closed Won,2682.0,2017-08-22,East,MG Advanced
WDUOD19F,WDUOD19F,A019,R010,Closed Lost,0.0,2017-12-03,Central,GTX Plus Basic
SFXFXRYV,SFXFXRYV,A059,R010,Closed Lost,0.0,2017-11-20,Central,GTX Pro
ANZJNT1Q,ANZJNT1Q,A060,R010,Closed Won,1104.0,2017-08-25,Central,GTX Plus Basic
MX3QZ682,MX3QZ682,A029,R010,Closed Won,5107.0,2017-11-09,Central,GTX Pro
WMJDLTEF,WMJDLTEF,A052,R020,Closed Won,533.0,2017-11-25,East,GTX Basic
3XUKEIQF,3XUKEIQF,A056,R020,Closed Won,5454.0,2017-12-11,East,GTX Plus Pro
GBQ8OLNP,GBQ8OLNP,A076,R008,Closed Lost,0.0,2017-09-05,Central,GTX Plus Pro
Y69M70YC,Y69M70YC,A015,R008,Closed Lost,0.0,2017-11-01,Central,GTX Pro
3UOIHNKR,3UOIHNKR,A055,R030,Closed Won,5533.0,2017-09-03,West,GTX Plus Pro
5WVY52IX,5WVY52IX,A067,R006,Closed Won,57.0,2017-11-12,Central,MG Special
3K3LQ0H5,3K3LQ0H5,A061,R032,Closed Won,557.0,2017-08-23,West,GTX Basic
3THRXZLP,3THRXZLP,A061,R027,Closed Lost,0.0,2017-11-12,West,GTX Plus Basic
H45TYGRR,H45TYGRR,A021,R027,Closed Won,3271.0,2017-08-26,West,MG Advanced
E4A92U26,E4A92U26,A039,R007,Closed Lost,0.0,2017-08-27,Central,GTX Plus Pro
JNYA5ZHI,JNYA5ZHI,A011,R005,Closed Lost,0.0,2017-11-10,Central,MG Special
DCNA3CA1,DCNA3CA1,A062,R005,Closed Won,716.0,2017-12-18,Central,GTX Basic
484WREJQ,484WREJQ,A082,R021,Closed Won,1024.0,2017-09-03,East,GTX Plus Basic
6H1MBBVR,6H1MBBVR,A049,R021,Closed Won,4545.0,2017-08-23,East,GTX Pro
2TI1UFAA,2TI1UFAA,A001,R014,Closed Lost,0.0,2017-11-17,East,MG Special
BJWKG319,BJWKG319,A022,R024,Closed Lost,0.0,2017-08-23,West,GTX Pro
IDYA1X6O,IDYA1X6O,A018,R012,Closed Won,55.0,2017-11-23,East,MG Special
U83R2K8I,U83R2K8I,A073,R001,Closed Won,53.0,2017-08-29,Central,MG Special
PH1IKJ0W,PH1IKJ0W,A042,R022,Closed Won,4732.0,2017-11-26,East,GTX Pro
8BP0QGNP,8BP0QGNP,A082,R019,Closed Won,578.0,2017-11-16,East,GTX Basic
BIH4D0JL,BIH4D0JL,A006,R032,Closed Won,557.0,2017-08-23,West,GTX Basic
M49ZMLGL,M49ZMLGL,A024,R032,Closed Won,57.0,2017-09-04,West,MG Special
OQAXHZXD,OQAXHZXD,A042,R027,Closed Lost,0.0,2017-08-26,West,GTX Basic
FRRJMFIJ,FRRJMFIJ,A042,R014,Closed Won,501.0,2017-09-24,East,GTX Basic
QROXE17S,QROXE17S,A057,R003,Closed Won,1084.0,2017-08-29,Central,GTX Plus Basic
H3ZR0CQW,H3ZR0CQW,A019,R003,Closed Won,56.0,2017-09-02,Central,MG Special
9LY4MLGO,9LY4MLGO,A064,R033,Closed Lost,0.0,2017-11-13,West,GTX Basic
X2GXIKND,X2GXIKND,A036,R001,Closed Won,5468.0,2017-11-22,Central,GTX Plus Pro
KP1L9SXH,KP1L9SXH,A082,R019,Closed Won,567.0,2017-11-19,East,GTX Basic
84OTUTQX,84OTUTQX,A027,R013,Closed Lost,0.0,2017-11-05,East,GTX Plus Basic
DVAOMCYK,DVAOMCYK,A019,R010,Closed Won,1029.0,2017-11-19,Central,GTX Plus Basic
9LJAADWH,9LJAADWH,A021,R031,Closed Won,430.0,2017-11-08,West,GTX Basic
8BGC94TT,8BGC94TT,A042,R034,Closed Won,5316.0,2017-11-17,West,GTX Pro
P8GXMSXL,P8GXMSXL,A059,R005,Closed Lost,0.0,2017-08-28,Central,MG Advanced
HIOHPBO1,HIOHPBO1,A042,R014,Closed Won,3913.0,2017-09-04,East,MG Advanced
ESU5NGML,ESU5NGML,A085,R003,Closed Lost,0.0,2017-08-24,Central,GTX Basic
7NDOEFEB,7NDOEFEB,A072,R003,Closed Lost,0.0,2017-08-20,Central,MG Special
H5SSSZ11,H5SSSZ11,A012,R024,Closed Lost,0.0,2017-08-18,West,MG Advanced
IZ8DDEIO,IZ8DDEIO,A054,R024,Closed Lost,0.0,2017-11-11,West,MG Advanced
5A4Q7X1W,5A4Q7X1W,A036,R033,Closed Won,655.0,2017-09-03,West,GTX Basic
UGXAZ29V,UGXAZ29V,A034,R033,Closed Won,46.0,2017-08-31,West,MG Special
RMUIMYJU,RMUIMYJU,A001,R022,Closed Lost,0.0,2017-08-26,East,GTX Plus Pro
CYIMFEWC,CYIMFEWC,A015,R002,Closed Lost,0.0,2017-08-24,Central,MG Advanced
DHVOS14H,DHVOS14H,A002,R013,Closed Lost,0.0,2017-08-31,East,MG Advanced
58CABL04,58CABL04,A063,R013,Closed Won,6372.0,2017-11-04,East,GTX Plus Pro
0WERZ67T,0WERZ67T,A076,R010,Closed Won,986.0,2017-11-13,Central,GTX Plus Basic
ENGMZL6Y,ENGMZL6Y,A003,R010,Closed Won,4817.0,2017-09-01,Central,GTX Pro
15PJZKNT,15PJZKNT,A066,R008,Closed Lost,0.0,2017-08-31,Central,GTX Pro
ZA2MIHIM,ZA2MIHIM,A033,R026,Closed Won,6529.0,2017-08-20,West,GTX Plus Pro
0GYOOM2R,0GYOOM2R,A062,R006,Closed Lost,0.0,2017-08-25,Central,GTX Pro
0SSUR0IY,0SSUR0IY,A036,R031,Closed Lost,0.0,2017-11-14,West,GTX Basic
1IY7Y42E,1IY7Y42E,A012,R031,Closed Won,4454.0,2017-11-14,West,GTX Plus Pro
M0PGP5H2,M0PGP5H2,A010,R027,Closed Won,1002.0,2017-09-14,West,GTX Plus Basic
PJ21R88K,PJ21R88K,A033,R027,Closed Won,63.0,2017-11-04,West,MG Special
E3L02XMN,E3L02XMN,A059,R007,Closed Won,580.0,2017-12-30,Central,GTX Basic
S3HMUXS1,S3HMUXS1,A075,R012,Closed Won,49.0,2017-12-07,East,MG Special
5HKITTHD,5HKITTHD,A049,R022,Closed Won,5703.0,2017-12-03,East,GTX Plus Pro
AZ8ACKLD,AZ8ACKLD,A053,R019,Closed Lost,0.0,2017-08-26,East,MG Special
ZN5CVY5V,ZN5CVY5V,A023,R010,Closed Lost,0.0,2017-08-22,Central,GTX Basic
G62CPKZO,G62CPKZO,A019,R010,Closed Lost,0.0,2017-08-26,Central,MG Advanced
ONN55X1O,ONN55X1O,A042,R020,Closed Lost,0.0,2017-11-11,East,GTX Pro
8N3GXBI5,8N3GXBI5,A025,R006,Closed Won,1148.0,2017-12-01,Central,GTX Plus Basic
IUKIZFB7,IUKIZFB7,A064,R032,Closed Lost,0.0,2017-08-25,West,GTX Basic
TLJAFLON,TLJAFLON,A041,R031,Closed Lost,0.0,2017-08-28,West,GTX Basic
9J2JZGFJ,9J2JZGFJ,A034,R031,Closed Lost,0.0,2017-11-26,West,GTX Plus Basic
ON2ZRW1X,ON2ZRW1X,A036,R031,Closed Won,4009.0,2017-12-24,West,GTX Pro
TXUDSYGY,TXUDSYGY,A057,R004,Closed Won,3024.0,2017-11-02,Central,MG Advanced
H7P5O25G,H7P5O25G,A025,R005,Closed Lost,0.0,2017-11-20,Central,MG Advanced
SKU6MLKY,SKU6MLKY,A078,R014,Closed Lost,0.0,2017-11-11,East,MG Special
SYSPNKUR,SYSPNKUR,A017,R024,Closed Won,5058.0,2017-11-27,West,GTX Pro
O8E9L7VK,O8E9L7VK,A010,R033,Closed Lost,0.0,2017-11-25,West,GTX Basic
IX65TNEI,IX65TNEI,A052,R022,Closed Lost,0.0,2017-09-02,East,GTX Pro
2GVXOWDF,2GVXOWDF,A007,R019,Closed Won,566.0,2017-09-11,East,GTX Basic
R2DKRFDD,R2DKRFDD,A018,R019,Closed Won,578.0,2017-11-02,East,GTX Basic
F3FJ3DYK,F3FJ3DYK,A072,R010,Closed Won,620.0,2017-08-30,Central,GTX Basic
W3W3KPBH,W3W3KPBH,A023,R010,Closed Won,4310.0,2017-09-03,Central,GTX Pro
PVYIL0X4,PVYIL0X4,A061,R026,Closed Won,3448.0,2017-08-21,West,MG Advanced
KY42W3FG,KY42W3FG,A035,R030,Closed Lost,0.0,2017-11-28,West,GTX Basic
05915PPX,05915PPX,A077,R032,Closed Won,3517.0,2017-11-19,West,MG Advanced
87TZLMU7,87TZLMU7,A042,R034,Closed Won,3854.0,2017-12-25,West,GTX Pro
P858PP0L,P858PP0L,A066,R005,Closed Won,3894.0,2017-12-17,Central,MG Advanced
O916VMU7,O916VMU7,A058,R024,Closed Won,2833.0,2017-12-22,West,MG Advanced
0SPX7FIJ,0SPX7FIJ,A075,R012,Closed Lost,0.0,2017-09-06,East,MG Advanced
KEE51TPD,KEE51TPD,A016,R001,Closed Won,54.0,2017-11-03,Central,MG Special
8RR4WXXZ,8RR4WXXZ,A011,R010,Closed Lost,0.0,2017-11-27,Central,GTX Plus Basic
IYU5CGUM,IYU5CGUM,A025,R010,Closed Won,509.0,2017-11-12,Central,GTX Basic
669805IQ,669805IQ,A073,R008,Closed Won,3436.0,2017-12-06,Central,MG Advanced
A3JRUDX3,A3JRUDX3,A055,R026,Closed Won,3514.0,2017-11-27,West,MG Advanced
NY197B1A,NY197B1A,A057,R006,Closed Won,611.0,2017-12-30,Central,GTX Basic
6AD8WNA2,6AD8WNA2,A017,R031,Closed Won,58.0,2017-11-08,West,MG Special
TKENIGRA,TKENIGRA,A023,R004,Closed Lost,0.0,2017-11-17,Central,MG Advanced
R9ZOFUBX,R9ZOFUBX,A068,R004,Closed Won,513.0,2017-12-13,Central,GTX Basic
8BZLOF0K,8BZLOF0K,A051,R027,Closed Lost,0.0,2017-08-29,West,GTX Plus Basic
0VFBWUG5,0VFBWUG5,A011,R005,Closed Lost,0.0,2017-11-03,Central,GTX Plus Basic
696VNI6G,696VNI6G,A073,R003,Closed Won,54.0,2017-09-08,Central,MG Special
1I1K838F,1I1K838F,A050,R024,Closed Won,547.0,2017-12-23,West,GTX Basic
LHIM2BGF,LHIM2BGF,A080,R012,Closed Lost,0.0,2017-12-08,East,MG Advanced
2O7MVJ1T,2O7MVJ1T,A026,R012,Closed Won,592.0,2017-08-26,East,GTX Basic
HDW4BXVN,HDW4BXVN,A071,R016,Closed Lost,0.0,2017-12-11,East,MG Advanced
V9ORUWY8,V9ORUWY8,A026,R019,Closed Lost,0.0,2017-12-05,East,MG Advanced
NNLNVB7E,NNLNVB7E,A071,R013,Closed Won,5529.0,2017-11-06,East,GTX Plus Pro
W3CLJLES,W3CLJLES,A027,R013,Closed Won,5002.0,2017-09-02,East,GTX Pro
4ELXMIIO,4ELXMIIO,A074,R020,Closed Lost,0.0,2017-09-01,East,GTX Basic
4CFMS9QT,4CFMS9QT,A084,R020,Closed Lost,0.0,2017-11-01,East,GTX Pro
YVJ3V0ZI,YVJ3V0ZI,A033,R030,Closed Won,476.0,2017-12-20,West,GTX Basic
Q1CFR580,Q1CFR580,A014,R027,Closed Won,56.0,2017-11-18,West,MG Special
4S6FW9VM,4S6FW9VM,A039,R007,Closed Lost,0.0,2017-08-31,Central,GTX Plus Pro
PA3EXPCW,PA3EXPCW,A044,R034,Closed Lost,0.0,2017-12-01,West,GTX Plus Basic
MPVD0JVF,MPVD0JVF,A064,R034,Closed Won,601.0,2017-11-30,West,GTX Basic
KZQGC4TA,KZQGC4TA,A017,R034,Closed Won,1005.0,2017-12-28,West,GTX Plus Basic
FKOA9EF9,FKOA9EF9,A076,R005,Closed Won,4731.0,2017-11-11,Central,GTX Plus Pro
Y7TVYRAX,Y7TVYRAX,A008,R021,Closed Lost,0.0,2017-11-10,East,GTX Plus Pro
04YBYVPV,04YBYVPV,A026,R021,Closed Won,4649.0,2017-09-02,East,GTX Pro
2UZXS1I2,2UZXS1I2,A074,R014,Closed Won,4787.0,2017-09-01,East,GTX Pro
KU7COUGK,KU7COUGK,A071,R016,Closed Won,2994.0,2017-12-22,East,MG Advanced
23K5J6JP,23K5J6JP,A025,R001,Closed Lost,0.0,2017-11-08,Central,MG Advanced
X7DYUDEB,X7DYUDEB,A012,R001,Closed Won,58.0,2017-11-14,Central,MG Special
EMGB7S71,EMGB7S71,A003,R002,Closed Won,1074.0,2017-11-13,Central,GTX Plus Basic
EWAMDI1N,EWAMDI1N,A039,R002,Closed Won,54.0,2017-08-26,Central,MG Special
5D8MX6L9,5D8MX6L9,A026,R018,Closed Lost,0.0,2017-11-01,East,GTX Basic
Q9BUCL60,Q9BUCL60,A026,R018,Closed Won,1054.0,2017-12-03,East,GTX Plus Basic
AEZIAPTN,AEZIAPTN,A003,R010,Closed Won,4833.0,2017-11-14,Central,GTX Pro
IAW2UHNH,IAW2UHNH,A019,R010,Closed Won,4744.0,2017-12-20,Central,GTX Pro
1397M445,1397M445,A056,R015,Closed Lost,0.0,2017-11-03,East,MG Advanced
5IMH88MT,5IMH88MT,A046,R030,Closed Won,508.0,2017-11-29,West,GTX Basic
I86DM1B9,I86DM1B9,A030,R006,Closed Won,57.0,2017-11-19,Central,MG Special
HTZD5YGO,HTZD5YGO,A041,R031,Closed Lost,0.0,2017-09-13,West,GTX Plus Basic
FBEP7939,FBEP7939,A061,R031,Closed Won,5280.0,2017-11-15,West,GTX Pro
NH44FYAA,NH44FYAA,A070,R031,Closed Won,62.0,2017-08-25,West,MG Special
Z6AO7S3R,Z6AO7S3R,A036,R004,Closed Lost,0.0,2017-11-07,Central,MG Advanced
8V3XDZ0D,8V3XDZ0D,A038,R004,Closed Won,528.0,2017-11-21,Central,GTX Basic
18T73EHS,18T73EHS,A046,R034,Closed Won,993.0,2017-08-27,West,GTX Plus Basic
RKTTVMMP,RKTTVMMP,A079,R034,Closed Won,1121.0,2017-09-10,West,GTX Plus Basic
UDXG59P0,UDXG59P0,A022,R034,Closed Won,5110.0,2017-12-03,West,GTX Plus Pro
VMOGUQA7,VMOGUQA7,A013,R005,Closed Won,51.0,2017-12-13,Central,MG Special
0L3VYSKY,0L3VYSKY,A039,R009,Closed Lost,0.0,2017-09-05,Central,GTX Basic
PG5S1KYF,PG5S1KYF,A042,R014,Closed Lost,0.0,2017-12-31,East,GTX Plus Pro
LVF6FP4A,LVF6FP4A,A063,R014,Closed Lost,0.0,2017-11-28,East,MG Advanced
RGZHQ2MJ,RGZHQ2MJ,A085,R003,Closed Lost,0.0,2017-09-05,Central,MG Special
3THBBYXS,3THBBYXS,A026,R012,Closed Won,542.0,2017-12-08,East,GTX Basic
XHDAW1SQ,XHDAW1SQ,A080,R012,Closed Won,576.0,2017-12-21,East,GTX Basic
GIO029D3,GIO029D3,A018,R016,Closed Lost,0.0,2017-08-31,East,GTX Plus Pro
ZVXINY4O,ZVXINY4O,A084,R020,Closed Lost,0.0,2017-11-28,East,GTX Pro
M9N3HWGC,M9N3HWGC,A083,R030,Closed Lost,0.0,2017-12-24,West,GTX Basic
H56FMPGG,H56FMPGG,A036,R030,Closed Won,551.0,2017-08-30,West,GTX Basic
IH4O3JXV,IH4O3JXV,A064,R032,Closed Won,597.0,2017-09-10,West,GTX Basic
B6L071P2,B6L071P2,A047,R031,Closed Won,948.0,2017-11-13,West,GTX Plus Basic
3ISHFT20,3ISHFT20,A083,R031,Closed Won,62.0,2017-12-18,West,MG Special
OBFCOV33,OBFCOV33,A061,R027,Closed Won,4139.0,2017-12-08,West,MG Advanced
78OETKRD,78OETKRD,A015,R007,Closed Won,6322.0,2017-11-03,Central,GTX Plus Pro
6IJNBKST,6IJNBKST,A044,R034,Closed Lost,0.0,2017-08-31,West,GTX Basic
RM4HCA1W,RM4HCA1W,A023,R009,Closed Lost,0.0,2017-08-31,Central,MG Special
Y1FWLR93,Y1FWLR93,A042,R021,Closed Won,5415.0,2017-09-02,East,GTX Plus Pro
ORUHS3Q2,ORUHS3Q2,A065,R025,Closed Won,432.0,2017-11-17,West,GTX Basic
9RLSCMM9,9RLSCMM9,A012,R025,Closed Won,53.0,2017-08-30,West,MG Special
3QS2B6IN,3QS2B6IN,A060,R003,Closed Won,57.0,2017-09-03,Central,MG Special
XCB9CPID,XCB9CPID,A068,R003,Closed Won,56.0,2017-12-09,Central,MG Special
7EJJ9KVZ,7EJJ9KVZ,A020,R012,Closed Won,55.0,2017-09-03,East,MG Special
M4MOGAS4,M4MOGAS4,A001,R012,Closed Won,3146.0,2017-08-25,East,MG Advanced
ZNU9YDS9,ZNU9YDS9,A066,R001,Closed Won,67.0,2017-11-03,Central,MG Special
V3VJRFBV,V3VJRFBV,A042,R019,Closed Lost,0.0,2017-11-03,East,GTX Basic
PDI7F0LR,PDI7F0LR,A026,R019,Closed Won,2613.0,2017-12-04,East,MG Advanced
KJ93MS4W,KJ93MS4W,A080,R013,Closed Won,977.0,2017-11-02,East,GTX Plus Basic
5R1XNYTM,5R1XNYTM,A008,R018,Closed Lost,0.0,2017-11-25,East,MG Advanced
PRQ96EWX,PRQ96EWX,A027,R018,Closed Won,4445.0,2017-09-07,East,GTX Pro
RUN3Z87A,RUN3Z87A,A018,R020,Closed Lost,0.0,2017-11-18,East,GTX Plus Basic
9RGQ8HED,9RGQ8HED,A084,R015,Closed Won,54.0,2017-12-29,East,MG Special
RSSYISWE,RSSYISWE,A046,R026,Closed Won,3331.0,2017-12-01,West,MG Advanced
67ORNLJ3,67ORNLJ3,A019,R006,Closed Won,474.0,2017-09-05,Central,GTX Basic
M28Z11DC,M28Z11DC,A006,R032,Closed Lost,0.0,2017-08-31,West,GTX Plus Basic
DIVKSHY7,DIVKSHY7,A012,R032,Closed Won,994.0,2017-11-13,West,GTX Plus Basic
RLTHGLLJ,RLTHGLLJ,A064,R032,Closed Won,4773.0,2017-11-23,West,GTX Plus Pro
EC8A1L94,EC8A1L94,A015,R004,Closed Lost,0.0,2017-11-25,Central,MG Special
OO4Z7LB9,OO4Z7LB9,A066,R009,Closed Lost,0.0,2017-08-30,Central,GTX Plus Basic
PWOX6RY8,PWOX6RY8,A057,R009,Closed Won,63.0,2017-11-22,Central,MG Special
0VG9PGMI,0VG9PGMI,A035,R025,Closed Won,6391.0,2017-09-13,West,GTX Plus Pro
LKFYC5X3,LKFYC5X3,A020,R014,Closed Won,58.0,2017-12-15,East,MG Special
984H5OG0,984H5OG0,A023,R003,Closed Won,54.0,2017-12-04,Central,MG Special
AB39AL3A,AB39AL3A,A054,R024,Closed Lost,0.0,2017-11-22,West,GTX Plus Pro
1SKGHPHL,1SKGHPHL,A058,R024,Closed Won,5129.0,2017-11-21,West,GTX Plus Pro
YTMPHIQY,YTMPHIQY,A026,R012,Closed Lost,0.0,2017-08-30,East,MG Advanced
6HE07D76,6HE07D76,A035,R033,Closed Won,454.0,2017-11-19,West,GTX Basic
64CTQ6C5,64CTQ6C5,A004,R001,Closed Won,6659.0,2017-11-02,Central,GTX Plus Pro
5J4Z0RYC,5J4Z0RYC,A005,R019,Closed Won,572.0,2017-09-08,East,GTX Basic
ERWWQ79N,ERWWQ79N,A008,R013,Closed Won,1046.0,2017-11-19,East,GTX Plus Basic
08O63ECM,08O63ECM,A027,R020,Closed Won,3281.0,2017-12-01,East,MG Advanced
AMGF31TA,AMGF31TA,A067,R008,Closed Lost,0.0,2017-09-05,Central,MG Special
DUJ52ZYK,DUJ52ZYK,A064,R026,Closed Won,3462.0,2017-09-10,West,MG Advanced
N2C3ASJ9,N2C3ASJ9,A061,R030,Closed Won,6029.0,2017-09-06,West,GTX Plus Pro
62WFO2I3,62WFO2I3,A024,R032,Closed Won,566.0,2017-12-04,West,GTX Basic
55O18ALO,55O18ALO,A021,R031,Closed Lost,0.0,2017-11-08,West,GTX Pro
ZTUJ5KQ8,ZTUJ5KQ8,A062,R005,Closed Lost,0.0,2017-11-12,Central,MG Special
ZQHJNTDK,ZQHJNTDK,A039,R005,Closed Won,1042.0,2017-11-13,Central,GTX Plus Basic
K0IV66AV,K0IV66AV,A002,R021,Closed Won,539.0,2017-11-07,East,GTX Basic
KJ4NAGS5,KJ4NAGS5,A042,R025,Closed Won,56.0,2017-11-16,West,MG Special
70A4A2GV,70A4A2GV,A030,R003,Closed Won,60.0,2017-11-28,Central,MG Special
6TND1V4T,6TND1V4T,A061,R024,Closed Lost,0.0,2017-08-27,West,MG Special
43FW6W9O,43FW6W9O,A070,R024,Closed Won,3966.0,2017-11-04,West,MG Advanced
QB4FISNE,QB4FISNE,A007,R012,Closed Lost,0.0,2017-08-27,East,MG Special
41S0S9KP,41S0S9KP,A074,R016,Closed Won,471.0,2017-11-23,East,GTX Basic
JESVHYTG,JESVHYTG,A009,R001,Closed Won,597.0,2017-09-05,Central,GTX Basic
P3HO0L6P,P3HO0L6P,A012,R001,Closed Won,53.0,2017-11-14,Central,MG Special
6GDZDVTV,6GDZDVTV,A019,R001,Closed Won,59.0,2017-09-13,Central,MG Special
Y5A5G2L5,Y5A5G2L5,A008,R019,Closed Won,606.0,2017-12-08,East,GTX Basic
PG4UQI8B,PG4UQI8B,A042,R020,Closed Lost,0.0,2017-11-20,East,GTX Plus Basic
M40Z4KWL,M40Z4KWL,A084,R020,Closed Won,5305.0,2017-11-25,East,GTX Pro
BB46B5C7,BB46B5C7,A083,R026,Closed Lost,0.0,2017-11-02,West,GTX Plus Basic
TPJNVDPH,TPJNVDPH,A042,R032,Closed Lost,0.0,2017-11-16,West,GTX Basic
FMMAQM87,FMMAQM87,A033,R032,Closed Won,596.0,2017-09-09,West,GTX Basic
46UITTY6,46UITTY6,A064,R031,Closed Won,545.0,2017-11-04,West,GTX Basic
KK5YBPU6,KK5YBPU6,A046,R027,Closed Won,548.0,2017-08-29,West,GTX Basic
A7FCLQ42,A7FCLQ42,A023,R007,Closed Lost,0.0,2017-12-15,Central,MG Advanced
G2C5RKTN,G2C5RKTN,A074,R021,Closed Won,415.0,2017-09-21,East,GTX Basic
UNSJB0L7,UNSJB0L7,A064,R024,Closed Won,3754.0,2017-08-28,West,GTX Pro
UJT04PL7,UJT04PL7,A055,R033,Closed Won,498.0,2017-11-29,West,GTX Basic
DCIFTBM0,DCIFTBM0,A012,R022,Closed Won,489.0,2017-12-21,East,GTX Basic
BTZ06Z6O,BTZ06Z6O,A052,R022,Closed Won,1022.0,2017-09-05,East,GTX Plus Basic
S9CGS0IX,S9CGS0IX,A001,R013,Closed Lost,0.0,2017-11-07,East,GTX Plus Pro
ZTYHMEQY,ZTYHMEQY,A009,R010,Closed Won,525.0,2017-09-11,Central,GTX Basic
IOTAHMQX,IOTAHMQX,A011,R010,Closed Won,1252.0,2017-09-07,Central,GTX Plus Basic
01DZ14Y0,01DZ14Y0,A015,R008,Closed Lost,0.0,2017-11-25,Central,MG Advanced
1T91NEIV,1T91NEIV,A013,R008,Closed Won,63.0,2017-09-11,Central,MG Special
41B62CUB,41B62CUB,A041,R026,Closed Lost,0.0,2017-11-11,West,MG Special
G0QOVMMS,G0QOVMMS,A083,R032,Closed Won,474.0,2017-12-28,West,GTX Basic
FG79OR5X,FG79OR5X,A077,R032,Closed Won,1132.0,2017-11-19,West,GTX Plus Basic
QY4ZMI2F,QY4ZMI2F,A076,R004,Closed Lost,0.0,2017-09-14,Central,GTX Plus Basic
VY0QPLGN,VY0QPLGN,A015,R004,Closed Won,1215.0,2017-11-12,Central,GTX Plus Basic
XP1PQSPC,XP1PQSPC,A042,R027,Closed Won,1081.0,2017-09-27,West,GTX Plus Basic
K3KT8S1F,K3KT8S1F,A065,R027,Closed Won,49.0,2017-11-07,West,MG Special
5CIT07UC,5CIT07UC,A036,R034,Closed Won,653.0,2017-09-14,West,GTX Basic
VIZ9ZLVT,VIZ9ZLVT,A060,R005,Closed Lost,0.0,2017-11-30,Central,GTX Plus Basic
9ZY0QQ8Q,9ZY0QQ8Q,A028,R005,Closed Lost,0.0,2017-11-27,Central,MG Advanced
0WGCUB3L,0WGCUB3L,A060,R009,Closed Won,1105.0,2017-09-13,Central,GTX Plus Basic
QCN2DZQQ,QCN2DZQQ,A071,R021,Closed Won,948.0,2017-09-21,East,GTX Plus Basic
ZAY2J4I5,ZAY2J4I5,A083,R024,Closed Lost,0.0,2017-09-10,West,MG Advanced
J25NMK6Q,J25NMK6Q,A007,R012,Closed Lost,0.0,2017-11-11,East,MG Special
DZHIAZ5H,DZHIAZ5H,A068,R001,Closed Lost,0.0,2017-09-05,Central,GTX Plus Basic
233HYDSP,233HYDSP,A030,R001,Closed Won,44.0,2017-12-03,Central,MG Special
EXXFSC3O,EXXFSC3O,A053,R019,Closed Won,4343.0,2017-11-15,East,GTX Pro
U68B4UQU,U68B4UQU,A073,R002,Closed Won,5096.0,2017-09-13,Central,GTX Plus Pro
73EBDWP4,73EBDWP4,A076,R002,Closed Won,4994.0,2017-09-30,Central,GTX Plus Pro
FQQ3XQNG,FQQ3XQNG,A018,R013,Closed Won,1251.0,2017-12-01,East,GTX Plus Basic
C4KZVTYR,C4KZVTYR,A027,R020,Closed Won,602.0,2017-11-11,East,GTX Basic
HWXJWHGI,HWXJWHGI,A069,R020,Closed Won,600.0,2017-09-08,East,GTX Basic
W36MU0PW,W36MU0PW,A080,R020,Closed Won,595.0,2017-09-09,East,GTX Basic
OWEMO7RD,OWEMO7RD,A065,R028,Closed Lost,0.0,2017-11-25,West,MG Special
9XU06EA8,9XU06EA8,A011,R008,Closed Lost,0.0,2017-11-01,Central,GTX Pro
DC2NI04U,DC2NI04U,A036,R026,Closed Won,3064.0,2017-12-31,West,MG Advanced
BO2XRLBS,BO2XRLBS,A059,R005,Closed Lost,0.0,2017-11-16,Central,MG Special
V9YY2XIE,V9YY2XIE,A085,R009,Closed Lost,0.0,2017-11-28,Central,MG Advanced
J3K9EXW0,J3K9EXW0,A001,R021,Closed Won,5790.0,2017-12-25,East,GTX Plus Pro
N9KFQCOH,N9KFQCOH,A075,R014,Closed Won,5688.0,2017-09-05,East,GTX Pro
GSPDR7BH,GSPDR7BH,A009,R003,Closed Won,672.0,2017-11-02,Central,GTX Basic
MB0XTICR,MB0XTICR,A004,R003,Closed Won,62.0,2017-12-08,Central,MG Special
04SQ7RNY,04SQ7RNY,A021,R024,Closed Won,4577.0,2017-12-19,West,GTX Pro
WIHGFD8B,WIHGFD8B,A025,R001,Closed Lost,0.0,2017-11-19,Central,MG Special
O3Q5B86F,O3Q5B86F,A076,R001,Closed Won,1118.0,2017-12-26,Central,GTX Plus Basic
PE3P7M7S,PE3P7M7S,A067,R001,Closed Won,55.0,2017-09-08,Central,MG Special
401BY1PW,401BY1PW,A026,R022,Closed Won,5052.0,2017-12-21,East,GTX Pro
9RQ8FZYQ,9RQ8FZYQ,A084,R022,Closed Won,4023.0,2017-09-04,East,GTX Pro
G7NU2YCG,G7NU2YCG,A040,R019,Closed Won,57.0,2017-09-08,East,MG Special
R9RWFEEJ,R9RWFEEJ,A027,R013,Closed Won,59.0,2017-11-23,East,MG Special
WV2OG7C3,WV2OG7C3,A078,R018,Closed Lost,0.0,2017-11-18,East,MG Special
LDIBOTNO,LDIBOTNO,A043,R018,Closed Won,5544.0,2017-09-07,East,GTX Pro
FC4ZD68R,FC4ZD68R,A076,R010,Closed Lost,0.0,2017-11-15,Central,GTX Pro
YH6ST9KT,YH6ST9KT,A073,R010,Closed Lost,0.0,2017-08-31,Central,MG Special
9S8E95EI,9S8E95EI,A012,R010,Closed Won,4598.0,2017-09-18,Central,GTX Pro
RLHNEVYY,RLHNEVYY,A013,R010,Closed Won,5008.0,2017-09-10,Central,GTX Pro
OFP1MLFY,OFP1MLFY,A067,R010,Closed Won,3932.0,2017-12-09,Central,GTX Pro
CQELCLO0,CQELCLO0,A081,R020,Closed Won,1166.0,2017-12-29,East,GTX Plus Basic
L351AATH,L351AATH,A059,R008,Closed Lost,0.0,2017-12-06,Central,GTX Plus Basic
VBKF5FPB,VBKF5FPB,A014,R026,Closed Won,1195.0,2017-09-06,West,GTX Plus Basic
68YAXBZN,68YAXBZN,A077,R030,Closed Lost,0.0,2017-11-04,West,MG Special
EFB0NFP3,EFB0NFP3,A028,R006,Closed Won,551.0,2017-12-23,Central,GTX Basic
CB0NZYB2,CB0NZYB2,A029,R006,Closed Won,623.0,2017-09-08,Central,GTX Basic
QKUULSVC,QKUULSVC,A042,R031,Closed Lost,0.0,2017-11-16,West,GTX Pro
8838GIT9,8838GIT9,A054,R031,Closed Lost,0.0,2017-11-05,West,MG Special
5DOARVYO,5DOARVYO,A028,R004,Closed Lost,0.0,2017-09-10,Central,MG Special
0N2VYY6Z,0N2VYY6Z,A046,R027,Closed Lost,0.0,2017-09-19,West,GTX Basic
LWCKCV0M,LWCKCV0M,A077,R027,Closed Won,4592.0,2017-09-15,West,GTX Pro
L40FW06K,L40FW06K,A012,R007,Closed Won,555.0,2017-12-22,Central,GTX Basic
XXXM7BMA,XXXM7BMA,A019,R007,Closed Won,3703.0,2017-11-14,Central,MG Advanced
F7S1OPQS,F7S1OPQS,A061,R034,Closed Won,942.0,2017-12-13,West,GTX Plus Basic
U5JFEXOI,U5JFEXOI,A034,R034,Closed Won,6489.0,2017-12-08,West,GTX Plus Pro
HR3DH6DX,HR3DH6DX,A009,R009,Closed Lost,0.0,2017-11-20,Central,GTX Pro
9EICLJHY,9EICLJHY,A070,R025,Closed Won,63.0,2017-11-17,West,MG Special
01FNZW2T,01FNZW2T,A008,R014,Closed Won,3974.0,2017-12-08,East,GTX Pro
3CS2IXT0,3CS2IXT0,A013,R003,Closed Won,66.0,2017-11-16,Central,MG Special
O9MHRAK6,O9MHRAK6,A024,R024,Closed Won,532.0,2017-12-14,West,GTX Basic
KPW4J1CR,KPW4J1CR,A014,R033,Closed Won,503.0,2017-12-21,West,GTX Basic
KAPPUUYY,KAPPUUYY,A085,R001,Closed Won,594.0,2017-11-24,Central,GTX Basic
WRLAVDPH,WRLAVDPH,A026,R019,Closed Won,4958.0,2017-09-02,East,GTX Pro
1W5FOS69,1W5FOS69,A049,R019,Closed Won,4201.0,2017-11-30,East,GTX Pro
GFBJXXI1,GFBJXXI1,A068,R002,Closed Lost,0.0,2017-09-13,Central,MG Special
2HYR0Q4Y,2HYR0Q4Y,A056,R013,Closed Lost,0.0,2017-11-13,East,MG Advanced
XVM3UK16,XVM3UK16,A049,R018,Closed Lost,0.0,2017-11-06,East,GTX Plus Pro
CDAMI76Z,CDAMI76Z,A023,R010,Closed Won,5293.0,2017-09-10,Central,GTX Plus Pro
6M77EGH7,6M77EGH7,A026,R020,Closed Won,4456.0,2017-11-26,East,MG Advanced
9CLDDA0W,9CLDDA0W,A051,R026,Closed Lost,0.0,2017-11-18,West,GTX Plus Basic
8CQ2I2P2,8CQ2I2P2,A029,R006,Closed Lost,0.0,2017-11-18,Central,GTX Pro
GEFQNRF3,GEFQNRF3,A029,R006,Closed Won,525.0,2017-12-20,Central,GTX Basic
PCQUKUM5,PCQUKUM5,A019,R007,Closed Won,4809.0,2017-09-16,Central,GTX Plus Pro
MZ987882,MZ987882,A076,R005,Closed Won,1374.0,2017-12-17,Central,GTX Plus Basic
02EC1993,02EC1993,A062,R005,Closed Won,57.0,2017-11-08,Central,MG Special
UQCPNZO1,UQCPNZO1,A085,R003,Closed Won,552.0,2017-09-15,Central,GTX Basic
0NP0XPLQ,0NP0XPLQ,A072,R003,Closed Won,59.0,2017-09-03,Central,MG Special
S2WRH3QA,S2WRH3QA,A003,R003,Closed Won,4011.0,2017-09-30,Central,MG Advanced
QJV1UWL5,QJV1UWL5,A058,R024,Closed Won,54.0,2017-12-20,West,MG Special
GNAX12Z6,GNAX12Z6,A033,R024,Closed Won,3337.0,2017-09-07,West,MG Advanced
62NZ0THZ,62NZ0THZ,A080,R012,Closed Won,60.0,2017-09-22,East,MG Special
PSKWV2JJ,PSKWV2JJ,A006,R033,Closed Won,1011.0,2017-11-19,West,GTX Plus Basic
05HLE3JL,05HLE3JL,A066,R001,Closed Won,514.0,2017-12-03,Central,GTX Basic
CAF97SA2,CAF97SA2,A068,R001,Closed Won,1060.0,2017-11-13,Central,GTX Plus Basic
AAFPTXEB,AAFPTXEB,A073,R001,Closed Won,58.0,2017-11-08,Central,MG Special
D74OAJB4,D74OAJB4,A039,R002,Closed Lost,0.0,2017-12-01,Central,MG Advanced
CQDL6WZX,CQDL6WZX,A039,R010,Closed Lost,0.0,2017-09-17,Central,GTX Pro
VAV3N62C,VAV3N62C,A009,R010,Closed Won,4375.0,2017-09-12,Central,GTX Pro
OK7R7I2A,OK7R7I2A,A060,R010,Closed Won,4819.0,2017-12-04,Central,GTX Pro
IOMVIZR8,IOMVIZR8,A066,R008,Closed Won,5729.0,2017-11-04,Central,GTX Pro
BTT2TM8O,BTT2TM8O,A076,R008,Closed Won,3447.0,2017-11-06,Central,MG Advanced
FYNL84HO,FYNL84HO,A017,R030,Closed Won,6101.0,2017-11-13,West,GTX Plus Pro
ZBB9CDO4,ZBB9CDO4,A041,R032,Closed Won,1088.0,2017-09-18,West,GTX Plus Basic
IV5UVG0R,IV5UVG0R,A070,R032,Closed Won,5431.0,2017-09-17,West,GTX Plus Pro
TDHFX8SC,TDHFX8SC,A036,R032,Closed Won,50.0,2017-12-13,West,MG Special
7OXU784Y,7OXU784Y,A044,R032,Closed Won,62.0,2017-11-25,West,MG Special
MA6F51AR,MA6F51AR,A083,R031,Closed Won,57.0,2017-11-29,West,MG Special
WDT43Q6O,WDT43Q6O,A085,R009,Closed Won,1098.0,2017-09-14,Central,GTX Plus Basic
XKYHE3OH,XKYHE3OH,A074,R014,Closed Won,975.0,2017-11-16,East,GTX Plus Basic
R65NL57V,R65NL57V,A056,R014,Closed Won,56.0,2017-11-05,East,MG Special
AKBRVLRZ,AKBRVLRZ,A029,R003,Closed Won,63.0,2017-09-14,Central,MG Special
8FZ7CWPP,8FZ7CWPP,A039,R003,Closed Won,61.0,2017-09-11,Central,MG Special
EQPGDVWK,EQPGDVWK,A046,R033,Closed Won,614.0,2017-12-03,West,GTX Basic
I819UEG6,I819UEG6,A030,R001,Closed Lost,0.0,2017-11-04,Central,MG Special
TXZTEEUJ,TXZTEEUJ,A003,R010,Closed Lost,0.0,2017-12-13,Central,GTX Pro
XO8TRDKK,XO8TRDKK,A001,R015,Closed Won,57.0,2017-09-17,East,MG Special
74YNCNQM,74YNCNQM,A016,R008,Closed Won,58.0,2017-12-04,Central,MG Special
I5QVV9C5,I5QVV9C5,A035,R026,Closed Lost,0.0,2017-12-20,West,GTX Plus Basic
SS0ZF7SG,SS0ZF7SG,A032,R026,Closed Won,3482.0,2017-12-15,West,MG Advanced
2GRNCODO,2GRNCODO,A035,R030,Closed Lost,0.0,2017-11-05,West,GTX Plus Pro
2UNAJCGN,2UNAJCGN,A064,R030,Closed Lost,0.0,2017-11-11,West,GTX Plus Pro
ZP5Q4YUJ,ZP5Q4YUJ,A055,R030,Closed Won,529.0,2017-11-24,West,GTX Basic
7XL4JYSB,7XL4JYSB,A006,R031,Closed Lost,0.0,2017-11-24,West,MG Advanced
HEZ8H6MK,HEZ8H6MK,A055,R031,Closed Won,505.0,2017-11-08,West,GTX Basic
50AWO49B,50AWO49B,A065,R027,Closed Won,456.0,2017-12-27,West,GTX Basic
CID4Y877,CID4Y877,A004,R007,Closed Lost,0.0,2017-12-13,Central,GTX Plus Basic
T20CPZ52,T20CPZ52,A066,R007,Closed Lost,0.0,2017-11-29,Central,GTX Plus Basic
HVF0VLJ3,HVF0VLJ3,A029,R003,Closed Lost,0.0,2017-11-11,Central,GTX Basic
A86ZEF94,A86ZEF94,A036,R003,Closed Lost,0.0,2017-11-30,Central,MG Special
8OMML4E8,8OMML4E8,A047,R024,Closed Won,555.0,2017-09-16,West,GTX Basic
283Y9ULR,283Y9ULR,A044,R024,Closed Won,47.0,2017-09-23,West,MG Special
C0LNV4PU,C0LNV4PU,A024,R033,Closed Won,585.0,2017-12-04,West,GTX Basic
YB6UP71G,YB6UP71G,A004,R001,Closed Won,64.0,2017-09-06,Central,MG Special
A30VAQHM,A30VAQHM,A038,R001,Closed Won,58.0,2017-11-21,Central,MG Special
ZH2TBHVZ,ZH2TBHVZ,A027,R020,Closed Won,635.0,2017-09-08,East,GTX Basic
UKJO54QY,UKJO54QY,A018,R020,Closed Won,5626.0,2017-09-13,East,GTX Pro
9868N4GB,9868N4GB,A078,R020,Closed Won,3595.0,2017-12-14,East,MG Advanced
L5UKY73S,L5UKY73S,A073,R008,Closed Lost,0.0,2017-11-04,Central,GTX Pro
7DDPLMQ5,7DDPLMQ5,A038,R008,Closed Won,4981.0,2017-12-02,Central,GTX Pro
4KVZVHNN,4KVZVHNN,A035,R030,Closed Won,524.0,2017-09-14,West,GTX Basic
ULWQ61OZ,ULWQ61OZ,A050,R030,Closed Won,54.0,2017-12-06,West,MG Special
FKU9TS06,FKU9TS06,A025,R006,Closed Won,5080.0,2017-09-16,Central,GTX Pro
OPFBXGFV,OPFBXGFV,A061,R027,Closed Won,50.0,2017-12-12,West,MG Special
UCV49FYZ,UCV49FYZ,A050,R034,Closed Won,6656.0,2017-09-09,West,GTX Plus Pro
F58R70DY,F58R70DY,A018,R021,Closed Won,4641.0,2017-09-10,East,GTX Pro
1H2PVLZ3,1H2PVLZ3,A077,R025,Closed Won,26186.0,2017-11-10,West,GTK 500
DV6WD759,DV6WD759,A051,R024,Closed Won,4251.0,2017-09-14,West,MG Advanced
SBC67V5T,SBC67V5T,A026,R012,Closed Won,51.0,2017-09-11,East,MG Special
IDGLZJRX,IDGLZJRX,A027,R012,Closed Won,62.0,2017-11-09,East,MG Special
VYG4BHEE,VYG4BHEE,A031,R033,Closed Lost,0.0,2017-11-01,West,GTX Basic
YFTW9Z69,YFTW9Z69,A066,R001,Closed Lost,0.0,2017-11-12,Central,MG Advanced
92IDH7MB,92IDH7MB,A062,R001,Closed Won,58.0,2017-11-21,Central,MG Special
NR1JSUPQ,NR1JSUPQ,A020,R022,Closed Won,973.0,2017-11-11,East,GTX Plus Basic
ZNOARPNW,ZNOARPNW,A043,R022,Closed Won,4954.0,2017-09-13,East,GTX Plus Pro
FNKZKHTJ,FNKZKHTJ,A012,R019,Closed Won,5113.0,2017-09-06,East,GTX Pro
UAVOPRPV,UAVOPRPV,A078,R013,Closed Won,4631.0,2017-12-26,East,GTX Plus Pro
VMUTS9GK,VMUTS9GK,A012,R018,Closed Won,5807.0,2017-11-01,East,GTX Plus Pro
SZPU1DSR,SZPU1DSR,A036,R010,Closed Lost,0.0,2017-11-30,Central,GTX Plus Basic
9EGLQG3N,9EGLQG3N,A085,R008,Closed Won,640.0,2017-12-14,Central,GTX Basic
BL23633Z,BL23633Z,A045,R008,Closed Won,3830.0,2017-11-25,Central,MG Advanced
87G25M68,87G25M68,A010,R030,Closed Won,5285.0,2017-12-28,West,GTX Plus Pro
8F3RA844,8F3RA844,A003,R006,Closed Lost,0.0,2017-11-19,Central,GTX Pro
VJ1FT11H,VJ1FT11H,A077,R032,Closed Lost,0.0,2017-11-18,West,GTX Basic
TKI8MEZZ,TKI8MEZZ,A016,R005,Closed Won,975.0,2017-12-31,Central,GTX Plus Basic
QSHP9AHU,QSHP9AHU,A025,R005,Closed Won,847.0,2017-12-13,Central,GTX Plus Basic
MIDW7Q49,MIDW7Q49,A057,R009,Closed Won,2814.0,2017-12-15,Central,MG Advanced
PW7QNSFG,PW7QNSFG,A047,R025,Closed Won,3275.0,2017-11-06,West,MG Advanced
WGYE40NI,WGYE40NI,A003,R003,Closed Won,41.0,2017-12-26,Central,MG Special
HLX6W646,HLX6W646,A014,R024,Closed Won,5185.0,2017-11-19,West,GTX Plus Pro
6VMQQKLJ,6VMQQKLJ,A014,R024,Closed Won,5191.0,2017-09-15,West,GTX Pro
FYS6IZO4,FYS6IZO4,A049,R012,Closed Won,59.0,2017-11-07,East,MG Special
7OSD4T24,7OSD4T24,A063,R012,Closed Won,54.0,2017-12-08,East,MG Special
H29A7E6X,H29A7E6X,A040,R013,Closed Won,1076.0,2017-11-17,East,GTX Plus Basic
IDN254QN,IDN254QN,A056,R018,Closed Won,490.0,2017-11-20,East,GTX Basic
W3U1N1RV,W3U1N1RV,A015,R010,Closed Lost,0.0,2017-11-24,Central,GTX Plus Pro
5LPKNEEI,5LPKNEEI,A003,R010,Closed Lost,0.0,2017-09-13,Central,GTX Pro
073UCD9F,073UCD9F,A003,R008,Closed Lost,0.0,2017-12-10,Central,MG Special
DCZOTU5X,DCZOTU5X,A044,R031,Closed Lost,0.0,2017-11-13,West,GTX Basic
KUJ5M6J3,KUJ5M6J3,A046,R031,Closed Won,5663.0,2017-12-27,West,GTX Pro
YGUOEIEG,YGUOEIEG,A036,R027,Closed Lost,0.0,2017-11-06,West,GTX Plus Basic
CRL6IB5Z,CRL6IB5Z,A060,R009,Closed Lost,0.0,2017-11-26,Central,GTX Plus Basic
STVHD67J,STVHD67J,A019,R009,Closed Won,1166.0,2017-09-16,Central,GTX Plus Basic
I3TDKU30,I3TDKU30,A050,R025,Closed Lost,0.0,2017-09-14,West,MG Special
YUVNXSSD,YUVNXSSD,A045,R003,Closed Lost,0.0,2017-09-15,Central,MG Special
AZJXZFMR,AZJXZFMR,A057,R003,Closed Lost,0.0,2017-11-26,Central,MG Special
2WPEOPIF,2WPEOPIF,A047,R024,Closed Won,491.0,2017-12-04,West,GTX Basic
XMCRTC2K,XMCRTC2K,A033,R024,Closed Won,5532.0,2017-11-07,West,GTX Plus Pro
ZDVZB8PX,ZDVZB8PX,A006,R024,Closed Won,3930.0,2017-11-14,West,MG Advanced
5JS6JI3P,5JS6JI3P,A046,R024,Closed Won,2689.0,2017-11-21,West,MG Advanced
8DPUST4Y,8DPUST4Y,A011,R010,Closed Won,5987.0,2017-11-19,Central,GTX Pro
L1QNLM08,L1QNLM08,A073,R010,Closed Won,5141.0,2017-12-30,Central,GTX Pro
S4YQYJPM,S4YQYJPM,A011,R010,Closed Won,48.0,2017-09-13,Central,MG Special
6BQMENQR,6BQMENQR,A056,R020,Closed Lost,0.0,2017-11-03,East,GTX Pro
XAS0EL71,XAS0EL71,A078,R020,Closed Won,3206.0,2017-09-20,East,MG Advanced
GQNM1QP8,GQNM1QP8,A046,R028,Closed Won,61.0,2017-11-29,West,MG Special
9CK2HTJP,9CK2HTJP,A001,R015,Closed Lost,0.0,2017-12-04,East,GTX Plus Basic
J96E49Z1,J96E49Z1,A045,R008,Closed Won,5078.0,2017-11-22,Central,GTX Pro
X96KGPI8,X96KGPI8,A067,R006,Closed Lost,0.0,2017-11-19,Central,GTX Basic
JJDL1F8R,JJDL1F8R,A068,R006,Closed Won,532.0,2017-11-07,Central,GTX Basic
0J24X1Y0,0J24X1Y0,A047,R032,Closed Won,56.0,2017-09-15,West,MG Special
SEYFLN8Y,SEYFLN8Y,A061,R027,Closed Won,1182.0,2017-12-09,West,GTX Plus Basic
EID3MR9L,EID3MR9L,A025,R007,Closed Won,5788.0,2017-12-20,Central,GTX Plus Pro
ID2VJE8V,ID2VJE8V,A068,R003,Closed Lost,0.0,2017-09-13,Central,MG Special
T3W0Z8KP,T3W0Z8KP,A009,R003,Closed Won,61.0,2017-09-12,Central,MG Special
2WZU46RL,2WZU46RL,A061,R024,Closed Won,5115.0,2017-12-16,West,GTX Pro
576N6HHJ,576N6HHJ,A079,R024,Closed Won,5227.0,2017-09-15,West,GTX Pro
WOS93VI5,WOS93VI5,A081,R016,Closed Won,1144.0,2017-12-06,East,GTX Plus Basic
RKI7OEP9,RKI7OEP9,A067,R001,Closed Lost,0.0,2017-11-18,Central,MG Special
D9CS7EIY,D9CS7EIY,A059,R001,Closed Won,1249.0,2017-12-12,Central,GTX Plus Basic
J1VGTXQS,J1VGTXQS,A069,R022,Closed Won,1106.0,2017-12-03,East,GTX Plus Basic
T87FD71P,T87FD71P,A008,R019,Closed Won,1251.0,2017-11-18,East,GTX Plus Basic
P4PX93RN,P4PX93RN,A056,R013,Closed Lost,0.0,2017-11-18,East,GTX Pro
RLJI4F93,RLJI4F93,A020,R013,Closed Won,4975.0,2017-09-18,East,GTX Pro
AE306TJU,AE306TJU,A074,R013,Closed Won,54.0,2017-09-17,East,MG Special
D3BO9JDM,D3BO9JDM,A059,R010,Closed Won,3975.0,2017-11-09,Central,GTX Pro
DPDUK8RG,DPDUK8RG,A011,R010,Closed Won,2969.0,2017-09-12,Central,MG Advanced
AR35V2L2,AR35V2L2,A069,R015,Closed Won,558.0,2017-09-13,East,GTX Basic
FAKATVRQ,FAKATVRQ,A039,R008,Closed Lost,0.0,2017-11-29,Central,GTX Pro
9SU2A73Y,9SU2A73Y,A003,R006,Closed Won,585.0,2017-09-18,Central,GTX Basic
98R4AZA8,98R4AZA8,A054,R031,Closed Won,566.0,2017-12-17,West,GTX Basic
9FE75D1D,9FE75D1D,A061,R027,Closed Won,4722.0,2017-11-16,West,GTX Pro
S5NVSXEX,S5NVSXEX,A012,R005,Closed Won,1033.0,2017-12-11,Central,GTX Plus Basic
C6F5DTFR,C6F5DTFR,A019,R009,Closed Won,587.0,2017-12-19,Central,GTX Basic
R4X2MOO1,R4X2MOO1,A063,R021,Closed Lost,0.0,2017-11-27,East,GTX Plus Pro
8FULX0EA,8FULX0EA,A025,R003,Closed Won,62.0,2017-11-02,Central,MG Special
WA5NRVIG,WA5NRVIG,A045,R003,Closed Won,54.0,2017-12-12,Central,MG Special
XO7D3NYR,XO7D3NYR,A012,R024,Closed Won,499.0,2017-11-03,West,GTX Basic
ZN8LHN9B,ZN8LHN9B,A084,R016,Closed Lost,0.0,2017-11-17,East,GTX Plus Pro
BFH34LVO,BFH34LVO,A022,R033,Closed Won,458.0,2017-11-26,West,GTX Basic
QHVGK8DM,QHVGK8DM,A012,R033,Closed Won,61.0,2017-11-30,West,MG Special
BALJ5E9J,BALJ5E9J,A073,R001,Closed Lost,0.0,2017-12-17,Central,MG Special
3Y6REURA,3Y6REURA,A025,R001,Closed Won,5600.0,2017-09-24,Central,GTX Plus Pro
3UI5JBOA,3UI5JBOA,A074,R022,Closed Lost,0.0,2017-11-19,East,GTX Plus Pro
8AKZH8QS,8AKZH8QS,A084,R022,Closed Won,1259.0,2017-12-17,East,GTX Plus Basic
FAS1KT97,FAS1KT97,A084,R022,Closed Won,1114.0,2017-09-14,East,GTX Plus Basic
RAPX57I3,RAPX57I3,A043,R022,Closed Won,57.0,2017-11-25,East,MG Special
UZ4JMG8Z,UZ4JMG8Z,A018,R019,Closed Lost,0.0,2017-11-25,East,GTX Plus Basic
PV411N8I,PV411N8I,A062,R002,Closed Lost,0.0,2017-11-17,Central,MG Special
C58775JM,C58775JM,A007,R013,Closed Lost,0.0,2017-12-30,East,GTX Pro
A2PIOJWL,A2PIOJWL,A002,R018,Closed Lost,0.0,2017-09-19,East,GTX Pro
SSEOGPPI,SSEOGPPI,A025,R010,Closed Won,3346.0,2017-09-10,Central,MG Advanced
5MFY1D4C,5MFY1D4C,A042,R020,Closed Lost,0.0,2017-09-18,East,GTX Basic
PQLMEIG0,PQLMEIG0,A042,R020,Closed Lost,0.0,2017-09-22,East,GTX Basic
6CV2KEKP,6CV2KEKP,A052,R020,Closed Lost,0.0,2017-09-16,East,MG Advanced
FQD0IJBC,FQD0IJBC,A033,R028,Closed Lost,0.0,2017-11-25,West,GTX Basic
E28C318S,E28C318S,A051,R030,Closed Won,546.0,2017-11-04,West,GTX Basic
6BUW3ZVC,6BUW3ZVC,A004,R006,Closed Lost,0.0,2017-11-04,Central,GTX Basic
ZW5XV2QY,ZW5XV2QY,A010,R032,Closed Lost,0.0,2017-11-14,West,GTX Basic
MOSX49BG,MOSX49BG,A024,R032,Closed Won,596.0,2017-11-24,West,GTX Basic
BDEP8ZEH,BDEP8ZEH,A065,R031,Closed Lost,0.0,2017-12-21,West,GTX Plus Basic
WSKZBAYI,WSKZBAYI,A021,R031,Closed Won,1171.0,2017-12-08,West,GTX Plus Basic
19H5KFIC,19H5KFIC,A029,R007,Closed Won,1021.0,2017-12-03,Central,GTX Plus Basic
7PCCI1U2,7PCCI1U2,A042,R021,Closed Lost,0.0,2017-11-17,East,MG Advanced
8XXD2LMP,8XXD2LMP,A018,R014,Closed Lost,0.0,2017-12-02,East,GTX Plus Pro
USNQY75J,USNQY75J,A021,R033,Closed Lost,0.0,2017-11-04,West,MG Special
EI7DU48C,EI7DU48C,A042,R033,Closed Lost,0.0,2017-12-14,West,MG Advanced
1A1BI5VB,1A1BI5VB,A049,R022,Closed Won,4609.0,2017-09-22,East,GTX Pro
UYJVA76O,UYJVA76O,A081,R019,Closed Lost,0.0,2017-11-21,East,GTX Plus Basic
DR2H05BG,DR2H05BG,A004,R002,Closed Won,600.0,2017-09-22,Central,GTX Basic
M765WQ4W,M765WQ4W,A044,R013,Closed Won,5067.0,2017-09-13,East,GTX Pro
2PXZ68OA,2PXZ68OA,A062,R010,Closed Won,5127.0,2017-12-05,Central,GTX Pro
TDVM9PDL,TDVM9PDL,A026,R020,Closed Won,547.0,2017-12-26,East,GTX Basic
LBYGH8WS,LBYGH8WS,A056,R015,Closed Lost,0.0,2017-09-27,East,GTX Plus Pro
OBCBK0XR,OBCBK0XR,A022,R032,Closed Lost,0.0,2017-11-30,West,MG Advanced
IX8AYR6F,IX8AYR6F,A022,R032,Closed Won,582.0,2017-12-14,West,GTX Basic
4LVXK5H1,4LVXK5H1,A041,R032,Closed Won,1047.0,2017-09-25,West,GTX Plus Basic
O5CWW9P3,O5CWW9P3,A025,R004,Closed Lost,0.0,2017-11-21,Central,MG Special
DPXZ0ONG,DPXZ0ONG,A023,R009,Closed Lost,0.0,2017-11-15,Central,GTX Pro
2LOQKW1C,2LOQKW1C,A016,R009,Closed Won,568.0,2017-09-24,Central,GTX Basic
MA1LQG9S,MA1LQG9S,A038,R009,Closed Won,6255.0,2017-11-27,Central,GTX Plus Pro
YR4EFQ4C,YR4EFQ4C,A008,R021,Closed Won,4647.0,2017-12-03,East,GTX Pro
KB7DTUXO,KB7DTUXO,A075,R014,Closed Won,5042.0,2017-11-08,East,GTX Pro
JMQRT3TC,JMQRT3TC,A019,R003,Closed Won,57.0,2017-12-31,Central,MG Special
XETHS437,XETHS437,A060,R003,Closed Won,53.0,2017-12-07,Central,MG Special
6EYTZB6F,6EYTZB6F,A045,R003,Closed Won,3811.0,2017-12-12,Central,MG Advanced
DXY9EZ55,DXY9EZ55,A036,R024,Closed Won,456.0,2017-12-12,West,GTX Basic
ESZPH44N,ESZPH44N,A049,R012,Closed Lost,0.0,2017-12-19,East,GTX Pro
ITDTMROU,ITDTMROU,A078,R019,Closed Won,3371.0,2017-12-05,East,MG Advanced
IFO74RWI,IFO74RWI,A073,R002,Closed Won,1151.0,2017-11-29,Central,GTX Plus Basic
4O6T16XI,4O6T16XI,A062,R002,Closed Won,3748.0,2017-12-25,Central,MG Advanced
SUPA1RHK,SUPA1RHK,A074,R013,Closed Won,5717.0,2017-09-15,East,GTX Plus Pro
MDHD11QD,MDHD11QD,A018,R013,Closed Won,5027.0,2017-09-15,East,GTX Pro
PERK5YXJ,PERK5YXJ,A040,R018,Closed Won,1111.0,2017-12-13,East,GTX Plus Basic
MUUNQNG2,MUUNQNG2,A004,R010,Closed Won,1159.0,2017-09-17,Central,GTX Plus Basic
J1SCD7QL,J1SCD7QL,A057,R010,Closed Won,3251.0,2017-11-06,Central,MG Advanced
9LILLW96,9LILLW96,A008,R015,Closed Lost,0.0,2017-11-01,East,GTX Plus Pro
R0DKB8FJ,R0DKB8FJ,A028,R008,Closed Lost,0.0,2017-12-07,Central,MG Advanced
S5R9O6TL,S5R9O6TL,A011,R008,Closed Won,1083.0,2017-12-18,Central,GTX Plus Basic
N78A330G,N78A330G,A004,R008,Closed Won,54.0,2017-11-08,Central,MG Special
ZHI12PI4,ZHI12PI4,A006,R026,Closed Won,3302.0,2017-12-29,West,MG Advanced
38ZR3URJ,38ZR3URJ,A031,R030,Closed Won,552.0,2017-11-25,West,GTX Basic
6DJ817MW,6DJ817MW,A064,R030,Closed Won,468.0,2017-11-16,West,GTX Basic
9HCLI5PO,9HCLI5PO,A015,R006,Closed Lost,0.0,2017-11-17,Central,GTX Basic
PRY70ISY,PRY70ISY,A036,R006,Closed Lost,0.0,2017-12-04,Central,GTX Basic
CS2ZS0B4,CS2ZS0B4,A058,R032,Closed Lost,0.0,2017-09-27,West,GTX Plus Pro
R7LGVRHC,R7LGVRHC,A041,R032,Closed Won,4467.0,2017-11-12,West,GTX Pro
3KLVZN6M,3KLVZN6M,A010,R031,Closed Won,538.0,2017-12-05,West,GTX Basic
WGSLK719,WGSLK719,A079,R031,Closed Won,3021.0,2017-12-12,West,MG Advanced
0MMDQ1OR,0MMDQ1OR,A011,R004,Closed Won,511.0,2017-11-12,Central,GTX Basic
SMQV0BRI,SMQV0BRI,A006,R034,Closed Won,5832.0,2017-09-21,West,GTX Plus Pro
X56STCJP,X56STCJP,A038,R003,Closed Lost,0.0,2017-09-30,Central,GTX Plus Pro
K214R7RK,K214R7RK,A013,R003,Closed Lost,0.0,2017-11-24,Central,MG Advanced
NR9UD54C,NR9UD54C,A076,R003,Closed Won,50.0,2017-11-27,Central,MG Special
GTXI4PAR,GTXI4PAR,A061,R024,Closed Lost,0.0,2017-11-24,West,MG Advanced
T94JAB4C,T94JAB4C,A054,R024,Closed Won,58.0,2017-11-22,West,MG Special
8YOOE8I5,8YOOE8I5,A074,R012,Closed Lost,0.0,2017-11-24,East,GTX Basic
8G2OTKLL,8G2OTKLL,A049,R012,Closed Won,66.0,2017-09-27,East,MG Special
LW0Z6TMR,LW0Z6TMR,A023,R001,Closed Lost,0.0,2017-09-13,Central,GTX Basic
R3NAMX4P,R3NAMX4P,A072,R001,Closed Lost,0.0,2017-11-14,Central,GTX Plus Pro
VYJ20GOM,VYJ20GOM,A009,R001,Closed Won,44.0,2017-11-17,Central,MG Special
GIWI7CWJ,GIWI7CWJ,A044,R022,Closed Won,1140.0,2017-12-30,East,GTX Plus Basic
VTO3SNNX,VTO3SNNX,A082,R019,Closed Won,5245.0,2017-09-21,East,GTX Plus Pro
OVPNOM6O,OVPNOM6O,A030,R002,Closed Won,5520.0,2017-12-04,Central,GTX Plus Pro
6KM4E0V1,6KM4E0V1,A038,R010,Closed Lost,0.0,2017-11-19,Central,GTX Plus Pro
QWIPE5FB,QWIPE5FB,A059,R010,Closed Lost,0.0,2017-11-14,Central,GTX Pro
BZPU6P5P,BZPU6P5P,A080,R015,Closed Lost,0.0,2017-12-23,East,MG Special
ZCFAVNF3,ZCFAVNF3,A068,R008,Closed Won,53.0,2017-09-20,Central,MG Special
RDMKSDT0,RDMKSDT0,A055,R032,Closed Won,4872.0,2017-12-10,West,GTX Plus Pro
QPCY8RU0,QPCY8RU0,A017,R031,Closed Lost,0.0,2017-11-24,West,GTX Basic
Y93GK95W,Y93GK95W,A035,R027,Closed Won,3138.0,2017-09-21,West,MG Advanced
ZPB5KNCD,ZPB5KNCD,A024,R034,Closed Lost,0.0,2017-09-28,West,GTX Basic
ZDAJ4PFJ,ZDAJ4PFJ,A004,R005,Closed Won,513.0,2017-12-03,Central,GTX Basic
7VHJG9J1,7VHJG9J1,A040,R021,Closed Lost,0.0,2017-12-28,East,GTX Plus Basic
EHPG1PNC,EHPG1PNC,A042,R012,Closed Won,644.0,2017-12-18,East,GTX Basic
3CJMQNT0,3CJMQNT0,A047,R033,Closed Lost,0.0,2017-11-14,West,GTX Pro
1MTLDVU8,1MTLDVU8,A051,R033,Closed Won,560.0,2017-09-19,West,GTX Basic
4Z7LYTKN,4Z7LYTKN,A073,R001,Closed Lost,0.0,2017-12-06,Central,GTX Plus Pro
MX0QEMEB,MX0QEMEB,A067,R001,Closed Lost,0.0,2017-11-27,Central,MG Advanced
Y25T06D2,Y25T06D2,A015,R001,Closed Won,866.0,2017-12-26,Central,GTX Plus Basic
JY5LPMSJ,JY5LPMSJ,A056,R022,Closed Lost,0.0,2017-09-19,East,GTX Plus Basic
YND6FAFG,YND6FAFG,A042,R013,Closed Lost,0.0,2017-12-01,East,MG Special
D4PEXI47,D4PEXI47,A038,R010,Closed Lost,0.0,2017-11-15,Central,GTX Pro
WRSA8PVU,WRSA8PVU,A023,R010,Closed Won,626.0,2017-12-16,Central,GTX Basic
965CJ4YG,965CJ4YG,A072,R010,Closed Won,4079.0,2017-12-03,Central,GTX Pro
ML5QMJPM,ML5QMJPM,A044,R015,Closed Won,3497.0,2017-12-05,East,MG Advanced
EWEW7ZMQ,EWEW7ZMQ,A053,R015,Closed Won,3072.0,2017-11-16,East,MG Advanced
JY8W2PKW,JY8W2PKW,A028,R008,Closed Lost,0.0,2017-12-15,Central,MG Advanced
JFBWABB1,JFBWABB1,A046,R026,Closed Won,3473.0,2017-11-26,West,MG Advanced
A0Z6FYRO,A0Z6FYRO,A013,R006,Closed Won,530.0,2017-09-19,Central,GTX Basic
51AC0Q99,51AC0Q99,A030,R006,Closed Won,1066.0,2017-12-16,Central,GTX Plus Basic
897MKBP9,897MKBP9,A009,R006,Closed Won,64.0,2017-12-18,Central,MG Special
Y5IRSKVA,Y5IRSKVA,A057,R006,Closed Won,59.0,2017-12-25,Central,MG Special
QS440NN9,QS440NN9,A032,R031,Closed Won,1077.0,2017-11-30,West,GTX Plus Basic
JOKH5C6I,JOKH5C6I,A070,R031,Closed Won,4999.0,2017-11-21,West,GTX Pro
1MZ8GDLF,1MZ8GDLF,A003,R007,Closed Won,72.0,2017-09-21,Central,MG Special
64SDWSQH,64SDWSQH,A042,R034,Closed Won,4870.0,2017-09-20,West,GTX Plus Pro
XS7CNY5H,XS7CNY5H,A037,R021,Closed Lost,0.0,2017-09-20,East,GTX Plus Basic
U0SS8E43,U0SS8E43,A082,R021,Closed Lost,0.0,2017-12-18,East,GTX Pro
2MH79C2B,2MH79C2B,A045,R003,Closed Won,54.0,2017-09-26,Central,MG Special
3YZFYEMI,3YZFYEMI,A072,R003,Closed Won,50.0,2017-12-09,Central,MG Special
BPPV8ZSB,BPPV8ZSB,A077,R024,Closed Lost,0.0,2017-11-01,West,MG Special
DRJG2FVR,DRJG2FVR,A037,R012,Closed Lost,0.0,2017-09-15,East,GTX Plus Pro
SWXO4J19,SWXO4J19,A044,R033,Closed Won,1029.0,2017-11-20,West,GTX Plus Basic
07DPEL0B,07DPEL0B,A009,R001,Closed Won,629.0,2017-11-25,Central,GTX Basic
7GDRCAJR,7GDRCAJR,A040,R019,Closed Won,600.0,2017-09-24,East,GTX Basic
EJ8YBRD3,EJ8YBRD3,A044,R013,Closed Lost,0.0,2017-11-03,East,GTX Basic
G7HADWB0,G7HADWB0,A043,R013,Closed Won,4535.0,2017-09-18,East,GTX Pro
M3IFAMV2,M3IFAMV2,A052,R020,Closed Lost,0.0,2017-11-29,East,MG Advanced
65AT4VFM,65AT4VFM,A014,R028,Closed Lost,0.0,2017-09-19,West,MG Special
H6SE0L31,H6SE0L31,A013,R008,Closed Won,4805.0,2017-09-29,Central,GTX Pro
ZQC7YA4X,ZQC7YA4X,A042,R032,Closed Lost,0.0,2017-11-17,West,GTX Pro
J9V49YC3,J9V49YC3,A046,R031,Closed Won,5158.0,2017-12-12,West,GTX Plus Pro
H3ZS0FBT,H3ZS0FBT,A009,R007,Closed Won,477.0,2017-11-21,Central,GTX Basic
GIIHTQGY,GIIHTQGY,A047,R034,Closed Won,4972.0,2017-11-16,West,GTX Plus Pro
0LTBCZHI,0LTBCZHI,A073,R009,Closed Won,3902.0,2017-11-30,Central,MG Advanced
8U0BUWUQ,8U0BUWUQ,A056,R021,Closed Won,1176.0,2017-12-14,East,GTX Plus Basic
ROD5WJDM,ROD5WJDM,A080,R021,Closed Won,4140.0,2017-12-14,East,GTX Pro
86GSJWQW,86GSJWQW,A031,R025,Closed Won,54.0,2017-11-30,West,MG Special
B7BT5DB8,B7BT5DB8,A014,R024,Closed Won,51.0,2017-11-29,West,MG Special
NJTWATVH,NJTWATVH,A046,R033,Closed Won,518.0,2017-09-21,West,GTX Basic
ZLIQCT7V,ZLIQCT7V,A065,R033,Closed Won,505.0,2017-12-06,West,GTX Basic
0U0GUDIX,0U0GUDIX,A066,R001,Closed Won,5421.0,2017-09-18,Central,GTX Plus Pro
MN4ZHCUZ,MN4ZHCUZ,A042,R019,Closed Won,3822.0,2017-11-23,East,GTX Pro
06H63NKF,06H63NKF,A013,R010,Closed Lost,0.0,2017-11-20,Central,GTX Pro
GBRQN296,GBRQN296,A052,R020,Closed Won,3331.0,2017-12-17,East,MG Advanced
RBHXB5V5,RBHXB5V5,A083,R026,Closed Lost,0.0,2017-11-27,West,MG Special
59O0CDJE,59O0CDJE,A051,R030,Closed Won,504.0,2017-12-20,West,GTX Basic
RU9Y6GR1,RU9Y6GR1,A054,R030,Closed Won,1117.0,2017-12-10,West,GTX Plus Basic
GIZAD3ZN,GIZAD3ZN,A047,R030,Closed Won,5230.0,2017-12-07,West,GTX Pro
6CXJOT2A,6CXJOT2A,A021,R032,Closed Won,4844.0,2017-09-16,West,GTX Pro
Y9NTV3K5,Y9NTV3K5,A046,R032,Closed Won,3596.0,2017-09-23,West,MG Advanced
GPVQIS5U,GPVQIS5U,A054,R031,Closed Lost,0.0,2017-09-30,West,GTX Pro
LI9RCAQ6,LI9RCAQ6,A061,R031,Closed Won,4593.0,2017-11-01,West,GTX Pro
DT8SWPLT,DT8SWPLT,A015,R004,Closed Won,545.0,2017-12-12,Central,GTX Basic
URRBXP0V,URRBXP0V,A057,R004,Closed Won,3362.0,2017-11-08,Central,MG Advanced
CNAQ6R7T,CNAQ6R7T,A004,R007,Closed Won,1086.0,2017-12-14,Central,GTX Plus Basic
FBYWCLLS,FBYWCLLS,A001,R021,Closed Lost,0.0,2017-09-28,East,GTX Basic
ZJAIST7C,ZJAIST7C,A044,R014,Closed Won,5153.0,2017-12-31,East,GTX Pro
8EQRW9H5,8EQRW9H5,A045,R003,Closed Lost,0.0,2017-11-29,Central,MG Special
F0KWRLK1,F0KWRLK1,A044,R024,Closed Won,5348.0,2017-11-15,West,GTX Pro
HHP6R0IX,HHP6R0IX,A024,R033,Closed Won,5170.0,2017-11-05,West,GTX Pro
XMRZQ8PR,XMRZQ8PR,A061,R033,Closed Won,4050.0,2017-09-25,West,GTX Pro
77JIGDNZ,77JIGDNZ,A008,R018,Closed Lost,0.0,2017-12-07,East,GTX Plus Basic
DK6L8Y0Y,DK6L8Y0Y,A075,R018,Closed Won,1221.0,2017-09-29,East,GTX Plus Basic
KA6SVT1C,KA6SVT1C,A072,R010,Closed Lost,0.0,2017-11-16,Central,MG Advanced
8ARRIREI,8ARRIREI,A076,R010,Closed Won,5669.0,2017-12-09,Central,GTX Plus Pro
W3LRLMKP,W3LRLMKP,A023,R008,Closed Won,5385.0,2017-12-19,Central,GTX Plus Pro
HQKUH8XA,HQKUH8XA,A036,R027,Closed Lost,0.0,2017-12-27,West,GTX Basic
6R6T68GL,6R6T68GL,A083,R027,Closed Won,48.0,2017-12-09,West,MG Special
PGT70Q4T,PGT70Q4T,A054,R027,Closed Won,3663.0,2017-12-01,West,MG Advanced
EMORZ8R8,EMORZ8R8,A034,R034,Closed Won,4695.0,2017-09-30,West,GTX Pro
V6RULHFZ,V6RULHFZ,A021,R024,Closed Lost,0.0,2017-12-30,West,MG Special
GRYWAPXY,GRYWAPXY,A058,R033,Closed Won,2712.0,2017-11-07,West,MG Advanced
ZIEI8JM3,ZIEI8JM3,A059,R001,Closed Won,65.0,2017-12-07,Central,MG Special
QDYFLOZW,QDYFLOZW,A067,R001,Closed Won,55.0,2017-09-23,Central,MG Special
55YURJ2E,55YURJ2E,A068,R001,Closed Won,58.0,2017-12-30,Central,MG Special
1PORK6E3,1PORK6E3,A052,R019,Closed Won,512.0,2017-09-27,East,GTX Basic
ENDKZ399,ENDKZ399,A042,R013,Closed Won,5820.0,2017-09-24,East,GTX Plus Pro
VSNI41WQ,VSNI41WQ,A020,R018,Closed Lost,0.0,2017-11-30,East,GTX Plus Pro
87KZX1UX,87KZX1UX,A011,R010,Closed Won,1179.0,2017-11-25,Central,GTX Plus Basic
PLRBC69J,PLRBC69J,A057,R010,Closed Won,1153.0,2017-09-26,Central,GTX Plus Basic
RZB6Q4FX,RZB6Q4FX,A026,R020,Closed Won,892.0,2017-09-21,East,GTX Plus Basic
ASK5U1TD,ASK5U1TD,A081,R020,Closed Won,1231.0,2017-11-22,East,GTX Plus Basic
T49Q4GWU,T49Q4GWU,A056,R020,Closed Won,3091.0,2017-12-25,East,MG Advanced
JJ17IHID,JJ17IHID,A078,R015,Closed Won,547.0,2017-11-24,East,GTX Basic
311WKUHC,311WKUHC,A046,R030,Closed Lost,0.0,2017-11-13,West,MG Special
JG1CD65M,JG1CD65M,A032,R030,Closed Won,5919.0,2017-09-18,West,GTX Plus Pro
YIK15TLW,YIK15TLW,A034,R030,Closed Won,5745.0,2017-11-10,West,GTX Plus Pro
RYJPSM6D,RYJPSM6D,A066,R006,Closed Lost,0.0,2017-11-19,Central,GTX Basic
ZQK0JTVN,ZQK0JTVN,A068,R006,Closed Lost,0.0,2017-11-26,Central,GTX Basic
FB7OTAMV,FB7OTAMV,A076,R006,Closed Lost,0.0,2017-12-22,Central,GTX Pro
JZD1QDWA,JZD1QDWA,A009,R004,Closed Lost,0.0,2017-12-06,Central,MG Advanced
LOSUVU4T,LOSUVU4T,A044,R027,Closed Lost,0.0,2017-12-09,West,GTX Plus Pro
85LVQ6PB,85LVQ6PB,A064,R027,Closed Won,1252.0,2017-12-15,West,GTX Plus Basic
02ILGBRB,02ILGBRB,A015,R005,Closed Lost,0.0,2017-11-21,Central,MG Special
ZFIT4XWO,ZFIT4XWO,A066,R005,Closed Won,3039.0,2017-12-05,Central,MG Advanced
XH69FGJJ,XH69FGJJ,A073,R009,Closed Won,637.0,2017-11-19,Central,GTX Basic
JU2PPGP6,JU2PPGP6,A001,R021,Closed Lost,0.0,2017-09-26,East,GTX Basic
S8Y9AAWC,S8Y9AAWC,A083,R025,Closed Won,4614.0,2017-12-08,West,GTX Pro
I2DLJ6C3,I2DLJ6C3,A027,R014,Closed Won,51.0,2017-11-27,East,MG Special
VEZ8OX88,VEZ8OX88,A054,R024,Closed Lost,0.0,2017-11-19,West,GTX Basic
M3QL68T6,M3QL68T6,A054,R024,Closed Won,595.0,2017-12-04,West,GTX Basic
Q3K6K5V9,Q3K6K5V9,A083,R024,Closed Won,52.0,2017-12-26,West,MG Special
PEGFPDVU,PEGFPDVU,A044,R012,Closed Won,5604.0,2017-09-30,East,GTX Pro
NFT2Z7MM,NFT2Z7MM,A014,R033,Closed Lost,0.0,2017-11-18,West,GTX Plus Basic
YC2GBK89,YC2GBK89,A035,R033,Closed Lost,0.0,2017-11-12,West,GTX Plus Basic
U008ILBM,U008ILBM,A055,R033,Closed Lost,0.0,2017-11-26,West,GTX Plus Basic
VA0I9SDD,VA0I9SDD,A044,R033,Closed Won,5360.0,2017-09-27,West,GTX Pro
41HHBQRT,41HHBQRT,A078,R019,Closed Lost,0.0,2017-12-13,East,GTX Basic
T6BHNN1O,T6BHNN1O,A003,R002,Closed Lost,0.0,2017-11-13,Central,MG Special
S8DOH11H,S8DOH11H,A026,R013,Closed Lost,0.0,2017-11-14,East,GTX Pro
F8F6MA24,F8F6MA24,A069,R013,Closed Won,538.0,2017-12-19,East,GTX Basic
ZXXWIGFR,ZXXWIGFR,A009,R010,Closed Lost,0.0,2017-12-02,Central,GTX Pro
L7CFCOR6,L7CFCOR6,A013,R010,Closed Won,5668.0,2017-11-28,Central,GTX Plus Pro
AAUTJ747,AAUTJ747,A076,R010,Closed Won,5220.0,2017-12-11,Central,GTX Pro
X7VUR49L,X7VUR49L,A002,R020,Closed Won,5763.0,2017-09-26,East,GTX Pro
U7L0IZLB,U7L0IZLB,A070,R030,Closed Lost,0.0,2017-11-26,West,GTX Plus Pro
THNEGVH2,THNEGVH2,A047,R031,Closed Won,948.0,2017-11-14,West,GTX Plus Basic
D1ANNMSO,D1ANNMSO,A060,R004,Closed Won,487.0,2017-11-19,Central,GTX Basic
LMVQ6B9P,LMVQ6B9P,A025,R004,Closed Won,1072.0,2017-11-18,Central,GTX Plus Basic
OQBVGILR,OQBVGILR,A064,R027,Closed Won,56.0,2017-12-16,West,MG Special
7IZQJIPA,7IZQJIPA,A042,R034,Closed Won,4812.0,2017-12-27,West,GTX Pro
7AH7F190,7AH7F190,A002,R021,Closed Lost,0.0,2017-11-27,East,GTX Basic
ME0LMBYL,ME0LMBYL,A037,R021,Closed Lost,0.0,2017-12-21,East,GTX Plus Basic
KODTODAA,KODTODAA,A002,R021,Closed Lost,0.0,2017-11-12,East,GTX Plus Pro
RENW2N0H,RENW2N0H,A005,R021,Closed Won,5186.0,2017-11-19,East,GTX Pro
9F407X6U,9F407X6U,A044,R025,Closed Won,49.0,2017-12-02,West,MG Special
S0MZHYQC,S0MZHYQC,A044,R033,Closed Won,4800.0,2017-09-27,West,GTX Pro
HP9TUR60,HP9TUR60,A037,R018,Closed Won,5627.0,2017-12-24,East,GTX Pro
P4PKECH7,P4PKECH7,A030,R010,Closed Lost,0.0,2017-09-24,Central,GTX Basic
USL5PZ4O,USL5PZ4O,A066,R010,Closed Won,3779.0,2017-12-06,Central,GTX Pro
3DM5SSI5,3DM5SSI5,A076,R010,Closed Won,5231.0,2017-11-05,Central,GTX Pro
D40ALWGC,D40ALWGC,A049,R020,Closed Lost,0.0,2017-09-28,East,GTX Plus Pro
524QUXI2,524QUXI2,A078,R020,Closed Lost,0.0,2017-11-26,East,GTX Plus Pro
8W35TVOQ,8W35TVOQ,A022,R026,Closed Won,2918.0,2017-12-02,West,MG Advanced
3D6LLPA1,3D6LLPA1,A025,R006,Closed Lost,0.0,2017-12-05,Central,GTX Plus Basic
58QZ1YGK,58QZ1YGK,A023,R006,Closed Won,4902.0,2017-09-27,Central,GTX Pro
OU42AWAE,OU42AWAE,A035,R032,Closed Won,531.0,2017-11-22,West,GTX Basic
OJOJPNL6,OJOJPNL6,A064,R031,Closed Lost,0.0,2017-11-21,West,GTX Plus Pro
MENKE9IV,MENKE9IV,A064,R031,Closed Won,526.0,2017-11-30,West,GTX Basic
PXSDIDXO,PXSDIDXO,A059,R004,Closed Lost,0.0,2017-11-11,Central,GTX Basic
5PIJNVMB,5PIJNVMB,A045,R004,Closed Won,485.0,2017-11-17,Central,GTX Basic
ZLFKHXXI,ZLFKHXXI,A060,R005,Closed Won,520.0,2017-12-25,Central,GTX Basic
WIDRX5N6,WIDRX5N6,A019,R009,Closed Won,1020.0,2017-12-23,Central,GTX Plus Basic
HJLKGIH4,HJLKGIH4,A049,R021,Closed Lost,0.0,2017-12-04,East,GTX Plus Basic
DF6A63B7,DF6A63B7,A080,R021,Closed Lost,0.0,2017-12-20,East,MG Advanced
T2EM55FZ,T2EM55FZ,A018,R014,Closed Won,4205.0,2017-11-15,East,GTX Pro
KDQL1O1A,KDQL1O1A,A014,R024,Closed Lost,0.0,2017-11-05,West,GTX Basic
75HKH8PS,75HKH8PS,A025,R001,Closed Lost,0.0,2017-09-30,Central,GTX Plus Basic
NK2CHYT1,NK2CHYT1,A059,R002,Closed Lost,0.0,2017-11-08,Central,GTX Plus Basic
0WGAPLOI,0WGAPLOI,A015,R010,Closed Won,4990.0,2017-12-07,Central,GTX Pro
GXPA5D3A,GXPA5D3A,A016,R010,Closed Won,5450.0,2017-09-29,Central,GTX Pro
8598PVIX,8598PVIX,A034,R028,Closed Won,53.0,2017-11-11,West,MG Special
VKM2BCMV,VKM2BCMV,A038,R006,Closed Won,3678.0,2017-09-25,Central,GTX Pro
9N7LHW38,9N7LHW38,A051,R032,Closed Lost,0.0,2017-09-29,West,GTX Pro
BKMYW792,BKMYW792,A050,R032,Closed Lost,0.0,2017-11-27,West,MG Advanced
3IBBBGM4,3IBBBGM4,A021,R031,Closed Won,555.0,2017-11-18,West,GTX Basic
T32P6LSX,T32P6LSX,A057,R004,Closed Won,492.0,2017-12-16,Central,GTX Basic
B944EMXZ,B944EMXZ,A011,R007,Closed Lost,0.0,2017-11-23,Central,GTX Plus Basic
DOY7VMYB,DOY7VMYB,A076,R007,Closed Lost,0.0,2017-11-10,Central,GTX Plus Basic
QXWLE549,QXWLE549,A030,R007,Closed Won,574.0,2017-11-17,Central,GTX Basic
R0R0V2O5,R0R0V2O5,A024,R034,Closed Won,4709.0,2017-12-09,West,GTX Pro
D3O1PCMO,D3O1PCMO,A012,R009,Closed Won,3079.0,2017-12-04,Central,MG Advanced
G53492IF,G53492IF,A048,R021,Closed Won,4369.0,2017-09-24,East,GTX Pro
KUH39HQ7,KUH39HQ7,A057,R003,Closed Lost,0.0,2017-09-22,Central,MG Special
RW6QS352,RW6QS352,A067,R003,Closed Won,6000.0,2017-12-31,Central,GTX Plus Pro
1374WYJG,1374WYJG,A042,R012,Closed Won,3248.0,2017-12-31,East,MG Advanced
1T8R8X79,1T8R8X79,A050,R033,Closed Won,4249.0,2017-11-19,West,MG Advanced
0ZXS3AIR,0ZXS3AIR,A002,R022,Closed Won,563.0,2017-12-26,East,GTX Basic
SBTVPORC,SBTVPORC,A027,R013,Closed Won,5037.0,2017-09-29,East,GTX Pro
XZKZYO55,XZKZYO55,A042,R018,Closed Won,4865.0,2017-12-16,East,GTX Pro
AMCOSQZC,AMCOSQZC,A076,R010,Closed Won,5192.0,2017-12-18,Central,GTX Pro
6C2CJX31,6C2CJX31,A042,R020,Closed Lost,0.0,2017-12-23,East,GTX Plus Basic
VQQR3OUI,VQQR3OUI,A017,R028,Closed Won,41.0,2017-12-31,West,MG Special
UWYFOEMO,UWYFOEMO,A014,R026,Closed Won,59.0,2017-09-26,West,MG Special
ZXNHUYCM,ZXNHUYCM,A032,R030,Closed Lost,0.0,2017-10-01,West,GTX Plus Pro
KHG4UMKP,KHG4UMKP,A006,R030,Closed Won,58.0,2017-11-24,West,MG Special
5R7N3RKQ,5R7N3RKQ,A059,R006,Closed Won,4361.0,2017-09-30,Central,GTX Pro
TEM0I59X,TEM0I59X,A047,R032,Closed Won,4906.0,2017-12-09,West,GTX Plus Pro
1WPZ1MCO,1WPZ1MCO,A032,R027,Closed Won,587.0,2017-09-29,West,GTX Basic
1AQKM7VU,1AQKM7VU,A079,R027,Closed Won,4487.0,2017-11-24,West,GTX Pro
VTVYSUZG,VTVYSUZG,A009,R005,Closed Won,3627.0,2017-12-28,Central,MG Advanced
6ZSAKAHX,6ZSAKAHX,A054,R025,Closed Won,920.0,2017-12-22,West,GTX Plus Basic
7TIWLFZD,7TIWLFZD,A031,R024,Closed Won,552.0,2017-10-01,West,GTX Basic
HXRF96S3,HXRF96S3,A046,R024,Closed Won,54.0,2017-12-15,West,MG Special
WTEAOER0,WTEAOER0,A008,R012,Closed Won,472.0,2017-12-14,East,GTX Basic
T8LSQO2S,T8LSQO2S,A078,R016,Closed Lost,0.0,2017-11-24,East,GTX Plus Pro
ABMOVF1A,ABMOVF1A,A072,R001,Closed Won,66.0,2017-09-30,Central,MG Special
Q2GK9IT2,Q2GK9IT2,A080,R022,Closed Lost,0.0,2017-12-02,East,GTX Pro
J0WKJLR6,J0WKJLR6,A048,R019,Closed Won,1039.0,2017-11-21,East,GTX Plus Basic
B1D3HP8V,B1D3HP8V,A056,R013,Closed Lost,0.0,2017-11-22,East,GTX Plus Basic
QHP95ULI,QHP95ULI,A042,R013,Closed Lost,0.0,2017-09-25,East,GTX Pro
OAMR9KPA,OAMR9KPA,A007,R013,Closed Won,550.0,2017-12-21,East,GTX Basic
0GRGY09E,0GRGY09E,A057,R010,Closed Lost,0.0,2017-11-25,Central,GTX Pro
MP9PICCD,MP9PICCD,A073,R010,Closed Won,4570.0,2017-12-30,Central,GTX Pro
F34QYKQJ,F34QYKQJ,A002,R020,Closed Lost,0.0,2017-11-30,East,GTX Pro
DHJ8KOUV,DHJ8KOUV,A012,R008,Closed Won,5138.0,2017-12-05,Central,GTX Plus Pro
JYNYK957,JYNYK957,A046,R030,Closed Won,3063.0,2017-12-02,West,MG Advanced
NOLWR5EX,NOLWR5EX,A070,R032,Closed Lost,0.0,2017-10-02,West,GTX Plus Basic
BUHR2X8U,BUHR2X8U,A033,R031,Closed Won,613.0,2017-12-30,West,GTX Basic
4OPFJFRO,4OPFJFRO,A054,R031,Closed Won,4808.0,2017-11-14,West,GTX Pro
MLV2QDU6,MLV2QDU6,A012,R004,Closed Won,5160.0,2017-11-26,Central,GTX Plus Pro
V7T9ZP6C,V7T9ZP6C,A041,R027,Closed Won,566.0,2017-10-01,West,GTX Basic
WYS1XI44,WYS1XI44,A076,R007,Closed Won,68.0,2017-09-27,Central,MG Special
C3HN12Z8,C3HN12Z8,A042,R034,Closed Lost,0.0,2017-10-03,West,GTX Basic
YCQXHVMZ,YCQXHVMZ,A071,R021,Closed Won,5600.0,2017-12-22,East,GTX Pro
4PLSG7A3,4PLSG7A3,A015,R003,Closed Won,61.0,2017-12-12,Central,MG Special
ZD772DU8,ZD772DU8,A034,R024,Closed Lost,0.0,2017-12-03,West,MG Special
2KVQ5Z4M,2KVQ5Z4M,A078,R016,Closed Lost,0.0,2017-11-29,East,MG Advanced
U6LLSWEN,U6LLSWEN,A056,R019,Closed Lost,0.0,2017-11-27,East,GTX Plus Basic
RVQTWBKE,RVQTWBKE,A020,R019,Closed Lost,0.0,2017-11-24,East,GTX Plus Pro
BWPBMVQH,BWPBMVQH,A084,R013,Closed Lost,0.0,2017-11-29,East,GTX Basic
YPSXMDRH,YPSXMDRH,A071,R018,Closed Won,4976.0,2017-12-23,East,GTX Pro
Q46QSEGT,Q46QSEGT,A030,R010,Closed Lost,0.0,2017-10-03,Central,GTX Pro
DT0ZJ9Z2,DT0ZJ9Z2,A038,R010,Closed Won,4991.0,2017-12-24,Central,GTX Pro
55ZNV61S,55ZNV61S,A005,R020,Closed Lost,0.0,2017-10-04,East,GTX Basic
6PQS93V2,6PQS93V2,A075,R020,Closed Won,5868.0,2017-10-04,East,GTX Pro
V929BUUS,V929BUUS,A039,R008,Closed Lost,0.0,2017-12-21,Central,GTX Plus Basic
LDYYOH6W,LDYYOH6W,A004,R008,Closed Won,4938.0,2017-11-24,Central,GTX Pro
4MFY8UXP,4MFY8UXP,A059,R008,Closed Won,3772.0,2017-12-14,Central,MG Advanced
EBJMZ5VE,EBJMZ5VE,A010,R030,Closed Won,5784.0,2017-10-02,West,GTX Plus Pro
CMXOTVL7,CMXOTVL7,A013,R006,Closed Won,3485.0,2017-10-02,Central,GTX Pro
9XF2B7RS,9XF2B7RS,A021,R032,Closed Won,675.0,2017-09-28,West,GTX Basic
WHV85GOQ,WHV85GOQ,A065,R031,Closed Lost,0.0,2017-11-28,West,GTX Basic
MXJAH0R5,MXJAH0R5,A055,R034,Closed Lost,0.0,2017-11-28,West,MG Special
OXW7DBDT,OXW7DBDT,A017,R025,Closed Lost,0.0,2017-11-02,West,GTX Plus Basic
W5EGDYPK,W5EGDYPK,A051,R025,Closed Won,55.0,2017-10-01,West,MG Special
C13104YM,C13104YM,A072,R003,Closed Lost,0.0,2017-12-16,Central,MG Special
1GA3AFTX,1GA3AFTX,A057,R003,Closed Lost,0.0,2017-12-12,Central,MG Advanced
389D515R,389D515R,A038,R003,Closed Won,5775.0,2017-10-01,Central,GTX Plus Pro
2751GWVC,2751GWVC,A036,R024,Closed Won,651.0,2017-11-18,West,GTX Basic
0UFUDIYT,0UFUDIYT,A061,R024,Closed Won,570.0,2017-11-22,West,GTX Basic
Y3QBGJLM,Y3QBGJLM,A006,R024,Closed Won,54.0,2017-12-30,West,MG Special
O7U4I96P,O7U4I96P,A061,R024,Closed Won,47.0,2017-09-29,West,MG Special
Q0R3ZBNT,Q0R3ZBNT,A063,R016,Closed Won,56.0,2017-11-08,East,MG Special
FGUWP1NF,FGUWP1NF,A075,R022,Closed Lost,0.0,2017-10-05,East,GTX Plus Basic
DH8R6PK5,DH8R6PK5,A057,R010,Closed Lost,0.0,2017-12-12,Central,GTX Pro
ZKFWTRRT,ZKFWTRRT,A004,R010,Closed Won,4422.0,2017-09-30,Central,GTX Pro
941SDVVZ,941SDVVZ,A036,R010,Closed Won,5357.0,2017-10-02,Central,GTX Pro
ODINSHYF,ODINSHYF,A004,R008,Closed Lost,0.0,2017-10-01,Central,MG Special
0TICPBMF,0TICPBMF,A013,R008,Closed Won,1047.0,2017-09-27,Central,GTX Plus Basic
WANX7LM0,WANX7LM0,A059,R008,Closed Won,5013.0,2017-12-29,Central,GTX Pro
9F2MDA5R,9F2MDA5R,A024,R026,Closed Won,3197.0,2017-09-25,West,MG Advanced
JUKJ3RAB,JUKJ3RAB,A038,R006,Closed Lost,0.0,2017-10-05,Central,GTX Plus Basic
YD3D41E0,YD3D41E0,A085,R006,Closed Won,1127.0,2017-10-02,Central,GTX Plus Basic
RX8711KI,RX8711KI,A054,R032,Closed Won,468.0,2017-12-24,West,GTX Basic
F3BJAMUL,F3BJAMUL,A058,R032,Closed Won,55.0,2017-11-19,West,MG Special
HZS2YVRN,HZS2YVRN,A024,R031,Closed Won,57.0,2017-10-01,West,MG Special
W3B077GY,W3B077GY,A085,R004,Closed Lost,0.0,2017-11-07,Central,MG Special
MGR0TSPK,MGR0TSPK,A057,R004,Closed Won,946.0,2017-11-27,Central,GTX Plus Basic
TEF07JM6,TEF07JM6,A077,R027,Closed Lost,0.0,2017-10-02,West,GTX Basic
N8SVXI48,N8SVXI48,A083,R034,Closed Lost,0.0,2017-11-14,West,GTX Basic
VG1WQW88,VG1WQW88,A031,R034,Closed Lost,0.0,2017-11-06,West,MG Special
MEKVHSCB,MEKVHSCB,A019,R005,Closed Lost,0.0,2017-11-27,Central,MG Special
PBJ62FC3,PBJ62FC3,A048,R014,Closed Lost,0.0,2017-10-05,East,GTX Pro
O04P1WN6,O04P1WN6,A036,R024,Closed Won,4415.0,2017-12-17,West,GTX Pro
600FP406,600FP406,A005,R012,Closed Won,60.0,2017-10-02,East,MG Special
2EFTTOAV,2EFTTOAV,A033,R033,Closed Won,5865.0,2017-10-01,West,GTX Plus Pro
DDXFIBEY,DDXFIBEY,A073,R001,Closed Lost,0.0,2017-11-23,Central,GTX Plus Pro
5BRWXIU3,5BRWXIU3,A011,R001,Closed Lost,0.0,2017-11-27,Central,MG Special
WN9ZY701,WN9ZY701,A042,R022,Closed Lost,0.0,2017-12-14,East,GTX Plus Basic
DA8D04ED,DA8D04ED,A029,R002,Closed Lost,0.0,2017-10-04,Central,MG Advanced
WLQC2XK4,WLQC2XK4,A060,R002,Closed Won,54.0,2017-10-02,Central,MG Special
A4CVM3PM,A4CVM3PM,A053,R013,Closed Won,5069.0,2017-12-27,East,GTX Pro
CNLE5EJ2,CNLE5EJ2,A044,R018,Closed Won,5378.0,2017-10-05,East,GTX Plus Pro
D3HUUVPL,D3HUUVPL,A049,R018,Closed Won,5255.0,2017-12-04,East,GTX Pro
2UNDAQZ2,2UNDAQZ2,A016,R010,Closed Lost,0.0,2017-10-04,Central,GTX Plus Basic
R2E45IQ8,R2E45IQ8,A013,R010,Closed Won,5144.0,2017-10-03,Central,GTX Plus Pro
UX0H8B3W,UX0H8B3W,A020,R020,Closed Lost,0.0,2017-11-16,East,GTX Plus Pro
VM0A3057,VM0A3057,A055,R030,Closed Won,5527.0,2017-10-03,West,GTX Plus Pro
DX9CCI9C,DX9CCI9C,A050,R031,Closed Lost,0.0,2017-12-19,West,MG Advanced
8SE1W979,8SE1W979,A036,R004,Closed Lost,0.0,2017-10-02,Central,GTX Basic
L6AOARQ9,L6AOARQ9,A015,R004,Closed Won,452.0,2017-12-21,Central,GTX Basic
I83GQQHA,I83GQQHA,A042,R027,Closed Lost,0.0,2017-10-05,West,MG Advanced
10984DDU,10984DDU,A072,R005,Closed Won,7300.0,2017-12-28,Central,GTX Plus Pro
JQVW0KJV,JQVW0KJV,A028,R003,Closed Lost,0.0,2017-11-09,Central,MG Special
UWZHNMR4,UWZHNMR4,A006,R024,Closed Won,5196.0,2017-11-26,West,GTX Plus Pro
TRET6F45,TRET6F45,A022,R024,Closed Won,5624.0,2017-12-26,West,GTX Plus Pro
8DDC9RLE,8DDC9RLE,A041,R024,Closed Won,4110.0,2017-12-15,West,MG Advanced
TFGYLK6C,TFGYLK6C,A038,R001,Closed Lost,0.0,2017-10-04,Central,GTX Basic
4YXXI2OI,4YXXI2OI,A011,R001,Closed Won,53.0,2017-12-18,Central,MG Special
3C7A75LH,3C7A75LH,A048,R019,Closed Won,5727.0,2017-09-27,East,GTX Pro
02LUGFJS,02LUGFJS,A056,R019,Closed Won,4308.0,2017-09-28,East,GTX Pro
KPF0GREK,KPF0GREK,A056,R019,Closed Won,3329.0,2017-12-09,East,MG Advanced
HEG2JK9Y,HEG2JK9Y,A043,R018,Closed Lost,0.0,2017-10-03,East,GTX Plus Basic
1ZCAL93A,1ZCAL93A,A036,R010,Closed Lost,0.0,2017-10-04,Central,GTX Plus Pro
5NW6HK74,5NW6HK74,A017,R028,Closed Lost,0.0,2017-10-04,West,MG Special
7WFASDCZ,7WFASDCZ,A030,R006,Closed Lost,0.0,2017-10-03,Central,GTX Basic
7XNX75LI,7XNX75LI,A019,R006,Closed Lost,0.0,2017-12-08,Central,GTX Plus Pro
RAUWH0GP,RAUWH0GP,A046,R032,Closed Won,6105.0,2017-11-27,West,GTX Plus Pro
I86I0TJG,I86I0TJG,A077,R031,Closed Won,549.0,2017-11-13,West,GTX Basic
TFW3KAYZ,TFW3KAYZ,A017,R031,Closed Won,4828.0,2017-11-12,West,GTX Pro
9NH8ACMQ,9NH8ACMQ,A019,R007,Closed Lost,0.0,2017-10-04,Central,GTX Plus Basic
86KARIC1,86KARIC1,A079,R034,Closed Lost,0.0,2017-10-03,West,GTX Basic
N2SLAOZR,N2SLAOZR,A023,R005,Closed Lost,0.0,2017-10-04,Central,GTX Basic
02TUKBP3,02TUKBP3,A085,R005,Closed Lost,0.0,2017-11-30,Central,MG Special
KU0YOR3J,KU0YOR3J,A085,R009,Closed Won,1189.0,2017-10-04,Central,GTX Plus Basic
BRGJCWO1,BRGJCWO1,A036,R009,Closed Won,51.0,2017-11-28,Central,MG Special
IEIZU3TY,IEIZU3TY,A049,R021,Closed Lost,0.0,2017-12-24,East,GTX Plus Basic
35KZ6QTP,35KZ6QTP,A077,R025,Closed Lost,0.0,2017-10-03,West,MG Advanced
V5ZP09PO,V5ZP09PO,A019,R003,Closed Lost,0.0,2017-10-03,Central,GTX Plus Basic
VKB9RFJT,VKB9RFJT,A012,R003,Closed Won,55.0,2017-11-20,Central,MG Special
Y9HHGGOQ,Y9HHGGOQ,A015,R003,Closed Won,53.0,2017-10-04,Central,MG Special
H3AEZ2BZ,H3AEZ2BZ,A055,R024,Closed Lost,0.0,2017-10-05,West,MG Special
LUXAXNBV,LUXAXNBV,A018,R016,Closed Won,5960.0,2017-12-09,East,GTX Plus Pro
0XBMBVFP,0XBMBVFP,A034,R033,Closed Won,3438.0,2017-10-04,West,MG Advanced
8KIMVD15,8KIMVD15,A009,R001,Closed Lost,0.0,2017-10-06,Central,MG Special
Q06QD8ZW,Q06QD8ZW,A029,R001,Closed Won,54.0,2017-11-03,Central,MG Special
0SD3OBQI,0SD3OBQI,A044,R022,Closed Lost,0.0,2017-11-06,East,GTX Plus Basic
YKZFQT7K,YKZFQT7K,A043,R019,Closed Lost,0.0,2017-10-05,East,GTX Basic
I25J5M7W,I25J5M7W,A040,R019,Closed Lost,0.0,2017-09-28,East,MG Advanced
B2Z4BB5U,B2Z4BB5U,A072,R002,Closed Lost,0.0,2017-10-06,Central,GTX Plus Pro
87ZXBDQS,87ZXBDQS,A039,R002,Closed Lost,0.0,2017-10-07,Central,MG Special
3LYVAV6P,3LYVAV6P,A067,R002,Closed Won,55.0,2017-10-03,Central,MG Special
7I2O2ZCR,7I2O2ZCR,A078,R013,Closed Lost,0.0,2017-11-19,East,GTX Plus Basic
SUX7JFN7,SUX7JFN7,A044,R018,Closed Lost,0.0,2017-11-19,East,GTX Plus Basic
5DL7R4C3,5DL7R4C3,A036,R010,Closed Lost,0.0,2017-10-03,Central,GTX Pro
61ON3Y6O,61ON3Y6O,A068,R010,Closed Lost,0.0,2017-10-02,Central,MG Special
HOEKIDDI,HOEKIDDI,A026,R020,Closed Lost,0.0,2017-11-13,East,GTX Pro
10YLM9VF,10YLM9VF,A065,R028,Closed Lost,0.0,2017-10-09,West,GTX Pro
LN0DF2XI,LN0DF2XI,A065,R028,Closed Won,48.0,2017-11-27,West,MG Special
ZNE0DAIF,ZNE0DAIF,A036,R026,Closed Lost,0.0,2017-11-24,West,GTX Plus Basic
DTCHPCBB,DTCHPCBB,A024,R026,Closed Won,3553.0,2017-12-14,West,MG Advanced
YID2GAED,YID2GAED,A077,R030,Closed Lost,0.0,2017-10-04,West,GTX Plus Pro
QFKL9UK2,QFKL9UK2,A041,R031,Closed Won,4727.0,2017-10-05,West,GTX Pro
MC3OSDV0,MC3OSDV0,A070,R031,Closed Won,65.0,2017-10-02,West,MG Special
C7DOYN5Y,C7DOYN5Y,A057,R004,Closed Won,585.0,2017-12-25,Central,GTX Basic
K79T6VNV,K79T6VNV,A054,R027,Closed Lost,0.0,2017-10-03,West,MG Special
DX8R6PA4,DX8R6PA4,A016,R007,Closed Lost,0.0,2017-10-03,Central,GTX Plus Basic
FZDD9758,FZDD9758,A009,R007,Closed Lost,0.0,2017-10-07,Central,MG Advanced
0SIFT5DE,0SIFT5DE,A057,R007,Closed Lost,0.0,2017-10-04,Central,MG Advanced
MZSCFJZS,MZSCFJZS,A045,R007,Closed Won,5708.0,2017-10-07,Central,GTX Plus Pro
D6X5T9D4,D6X5T9D4,A036,R034,Closed Lost,0.0,2017-10-05,West,MG Special
69Z30MBF,69Z30MBF,A004,R005,Closed Won,571.0,2017-11-15,Central,GTX Basic
SH0BSL0Z,SH0BSL0Z,A062,R005,Closed Won,619.0,2017-12-24,Central,GTX Basic
Q5E0NILP,Q5E0NILP,A020,R021,Closed Won,2984.0,2017-10-03,East,MG Advanced
RFTDQJ0U,RFTDQJ0U,A005,R014,Closed Won,558.0,2017-10-01,East,GTX Basic
76NU9866,76NU9866,A012,R014,Closed Won,57.0,2017-12-02,East,MG Special
13O8NTOT,13O8NTOT,A037,R012,Closed Won,61.0,2017-11-30,East,MG Special
AS3IYIRO,AS3IYIRO,A036,R001,Closed Won,543.0,2017-12-26,Central,GTX Basic
L1WPBDZG,L1WPBDZG,A084,R022,Closed Won,4125.0,2017-12-12,East,GTX Pro
QK98E62R,QK98E62R,A026,R019,Closed Won,5301.0,2017-12-29,East,GTX Plus Pro
F9THW1PW,F9THW1PW,A043,R013,Closed Won,495.0,2017-10-05,East,GTX Basic
LQJISQSD,LQJISQSD,A005,R013,Closed Won,955.0,2017-10-05,East,GTX Plus Basic
84SZ58S9,84SZ58S9,A040,R018,Closed Won,1225.0,2017-10-04,East,GTX Plus Basic
Q5I9JWH7,Q5I9JWH7,A059,R010,Closed Lost,0.0,2017-10-02,Central,GTX Pro
6BSKCQCX,6BSKCQCX,A013,R010,Closed Won,608.0,2017-12-25,Central,GTX Basic
UKQD4DPD,UKQD4DPD,A076,R010,Closed Won,4515.0,2017-11-13,Central,GTX Pro
SI874ZK5,SI874ZK5,A063,R020,Closed Lost,0.0,2017-10-06,East,GTX Pro
6XP6FVMN,6XP6FVMN,A033,R028,Closed Won,3772.0,2017-12-18,West,MG Advanced
NDMEB0VG,NDMEB0VG,A042,R015,Closed Lost,0.0,2017-10-05,East,MG Advanced
IGFQGZDK,IGFQGZDK,A004,R008,Closed Won,540.0,2017-12-08,Central,GTX Basic
Y2DLFFN6,Y2DLFFN6,A009,R008,Closed Won,2800.0,2017-09-30,Central,MG Advanced
I6UCM2J9,I6UCM2J9,A066,R008,Closed Won,3250.0,2017-10-05,Central,MG Advanced
PT0I4XSM,PT0I4XSM,A054,R026,Closed Won,1232.0,2017-10-07,West,GTX Plus Basic
X718EF6Y,X718EF6Y,A035,R026,Closed Won,2811.0,2017-10-04,West,MG Advanced
VUAFV8SS,VUAFV8SS,A047,R030,Closed Won,1178.0,2017-12-07,West,GTX Plus Basic
SXPV3WCV,SXPV3WCV,A073,R006,Closed Won,4869.0,2017-12-22,Central,GTX Pro
9PH1EWCH,9PH1EWCH,A010,R032,Closed Lost,0.0,2017-12-03,West,MG Advanced
THPCTGNI,THPCTGNI,A038,R004,Closed Lost,0.0,2017-10-02,Central,GTX Plus Pro
XR4PPDOB,XR4PPDOB,A012,R004,Closed Won,507.0,2017-12-18,Central,GTX Basic
EK06CNRW,EK06CNRW,A004,R004,Closed Won,3681.0,2017-10-06,Central,MG Advanced
Q25T8PKX,Q25T8PKX,A017,R027,Closed Lost,0.0,2017-10-01,West,GTX Plus Basic
V86S5LWV,V86S5LWV,A019,R007,Closed Lost,0.0,2017-10-02,Central,GTX Plus Basic
K8Y7CK9T,K8Y7CK9T,A073,R007,Closed Won,5280.0,2017-10-05,Central,GTX Plus Pro
ADS3CQ4B,ADS3CQ4B,A024,R025,Closed Won,50.0,2017-11-27,West,MG Special
9UBU6UW4,9UBU6UW4,A028,R003,Closed Won,59.0,2017-09-29,Central,MG Special
ZP9HW0LH,ZP9HW0LH,A042,R024,Closed Won,3794.0,2017-10-03,West,MG Advanced
WV41OJHX,WV41OJHX,A026,R016,Closed Won,3786.0,2017-10-03,East,MG Advanced
FTUJY4FP,FTUJY4FP,A012,R019,Closed Lost,0.0,2017-10-07,East,GTX Plus Basic
ORBIW519,ORBIW519,A056,R020,Closed Lost,0.0,2017-12-19,East,MG Advanced
369V78M2,369V78M2,A049,R020,Closed Won,5553.0,2017-10-07,East,GTX Pro
792JYPG1,792JYPG1,A044,R020,Closed Won,3557.0,2017-10-08,East,MG Advanced
Y6Q7Z0SO,Y6Q7Z0SO,A033,R028,Closed Won,63.0,2017-10-08,West,MG Special
9IM813OI,9IM813OI,A013,R008,Closed Lost,0.0,2017-11-11,Central,GTX Basic
GXY3QZ2V,GXY3QZ2V,A062,R004,Closed Won,3704.0,2017-10-06,Central,MG Advanced
IVX52FRZ,IVX52FRZ,A030,R007,Closed Lost,0.0,2017-11-03,Central,GTX Plus Basic
2CN1G52G,2CN1G52G,A036,R007,Closed Lost,0.0,2017-10-03,Central,MG Advanced
OR0PEAIV,OR0PEAIV,A059,R007,Closed Won,1133.0,2017-11-30,Central,GTX Plus Basic
EGOU8GB1,EGOU8GB1,A044,R034,Closed Won,1292.0,2017-12-09,West,GTX Plus Basic
IIKN6Q8E,IIKN6Q8E,A055,R025,Closed Won,3278.0,2017-12-04,West,MG Advanced
VTX8GPN8,VTX8GPN8,A011,R003,Closed Won,55.0,2017-10-05,Central,MG Special
DVGY4X7E,DVGY4X7E,A024,R024,Closed Won,498.0,2017-12-23,West,GTX Basic
W9LAIASV,W9LAIASV,A070,R024,Closed Won,55.0,2017-12-30,West,MG Special
1JFYPP8R,1JFYPP8R,A010,R033,Closed Won,571.0,2017-10-05,West,GTX Basic
A62JDGQK,A62JDGQK,A008,R018,Closed Won,4942.0,2017-10-05,East,GTX Pro
K25Z2KKH,K25Z2KKH,A068,R010,Closed Lost,0.0,2017-10-05,Central,GTX Plus Basic
U3F5X6BB,U3F5X6BB,A005,R020,Closed Lost,0.0,2017-12-07,East,MG Special
VJD27D8U,VJD27D8U,A064,R028,Closed Won,5340.0,2017-10-01,West,GTX Pro
9TMPRT6R,9TMPRT6R,A075,R015,Closed Lost,0.0,2017-10-03,East,GTX Basic
CE81S7UN,CE81S7UN,A084,R015,Closed Lost,0.0,2017-10-08,East,MG Advanced
LEPH90QI,LEPH90QI,A039,R008,Closed Won,5689.0,2017-10-09,Central,GTX Plus Pro
X1QNN2DG,X1QNN2DG,A058,R030,Closed Lost,0.0,2017-10-08,West,GTX Basic
J8G6HTCM,J8G6HTCM,A047,R030,Closed Lost,0.0,2017-10-11,West,MG Special
94P229FH,94P229FH,A019,R004,Closed Won,52.0,2017-12-30,Central,MG Special
Q6F9JWTY,Q6F9JWTY,A057,R004,Closed Won,3131.0,2017-12-10,Central,MG Advanced
75JW1GRR,75JW1GRR,A044,R027,Closed Lost,0.0,2017-10-09,West,GTX Plus Basic
P7X2J5DO,P7X2J5DO,A064,R027,Closed Lost,0.0,2017-10-06,West,GTX Plus Pro
LKBDKJLM,LKBDKJLM,A006,R027,Closed Lost,0.0,2017-11-27,West,MG Special
9OT0018Y,9OT0018Y,A032,R027,Closed Lost,0.0,2017-10-10,West,MG Advanced
I6RH33SU,I6RH33SU,A072,R007,Closed Won,3957.0,2017-10-05,Central,MG Advanced
STCU1IXE,STCU1IXE,A073,R009,Closed Won,523.0,2017-12-30,Central,GTX Basic
E3CR358L,E3CR358L,A073,R009,Closed Won,1156.0,2017-12-21,Central,GTX Plus Basic
BTOD096J,BTOD096J,A008,R021,Closed Lost,0.0,2017-10-06,East,GTX Pro
1B2WYHTY,1B2WYHTY,A054,R025,Closed Won,3509.0,2017-11-30,West,MG Advanced
LB5622YN,LB5622YN,A036,R003,Closed Lost,0.0,2017-10-08,Central,MG Special
HIX9V4W1,HIX9V4W1,A019,R003,Closed Lost,0.0,2017-10-03,Central,MG Advanced
XQ6FMG3L,XQ6FMG3L,A047,R024,Closed Lost,0.0,2017-10-06,West,GTX Basic
W40IER4O,W40IER4O,A065,R024,Closed Won,59.0,2017-12-08,West,MG Special
88PIK8A6,88PIK8A6,A043,R012,Closed Lost,0.0,2017-10-08,East,MG Special
6K31TYOR,6K31TYOR,A041,R033,Closed Won,502.0,2017-10-05,West,GTX Basic
H29XGJ5H,H29XGJ5H,A057,R001,Closed Lost,0.0,2017-12-04,Central,GTX Basic
FSBZ3KOY,FSBZ3KOY,A072,R001,Closed Lost,0.0,2017-10-01,Central,GTX Plus Pro
T4SSD24J,T4SSD24J,A063,R022,Closed Won,541.0,2017-12-05,East,GTX Basic
ZDB6D35R,ZDB6D35R,A052,R019,Closed Won,5026.0,2017-12-19,East,GTX Plus Pro
8RVTZBQO,8RVTZBQO,A019,R002,Closed Won,3148.0,2017-10-10,Central,MG Advanced
CMM4A6NJ,CMM4A6NJ,A039,R010,Closed Lost,0.0,2017-10-06,Central,GTX Plus Basic
7PMUB7T4,7PMUB7T4,A004,R010,Closed Lost,0.0,2017-10-12,Central,GTX Pro
KTHAX2XV,KTHAX2XV,A039,R010,Closed Lost,0.0,2017-10-05,Central,GTX Pro
IHOTG9ZQ,IHOTG9ZQ,A060,R010,Closed Won,3006.0,2017-10-09,Central,MG Advanced
O2BF1KAT,O2BF1KAT,A049,R015,Closed Lost,0.0,2017-12-19,East,MG Special
12HOWQMI,12HOWQMI,A042,R015,Closed Won,5203.0,2017-10-07,East,GTX Pro
CXY4CXX1,CXY4CXX1,A012,R008,Closed Lost,0.0,2017-10-07,Central,MG Special
IIOVCSHC,IIOVCSHC,A077,R026,Closed Won,2927.0,2017-12-10,West,MG Advanced
3E09X4S2,3E09X4S2,A058,R031,Closed Lost,0.0,2017-10-08,West,GTX Basic
6BATTRKM,6BATTRKM,A023,R004,Closed Lost,0.0,2017-10-07,Central,GTX Basic
GCWTH2MD,GCWTH2MD,A039,R004,Closed Lost,0.0,2017-12-20,Central,MG Advanced
C563WHG1,C563WHG1,A003,R004,Closed Won,6156.0,2017-10-11,Central,GTX Plus Pro
D9WBSJRC,D9WBSJRC,A076,R007,Closed Won,5007.0,2017-10-09,Central,GTX Pro
X8P0Q1EU,X8P0Q1EU,A061,R034,Closed Won,59.0,2017-12-06,West,MG Special
PBGB323I,PBGB323I,A009,R005,Closed Won,549.0,2017-10-07,Central,GTX Basic
V5THS9V8,V5THS9V8,A039,R009,Closed Won,1117.0,2017-11-27,Central,GTX Plus Basic
579RHB6S,579RHB6S,A066,R003,Closed Won,57.0,2017-10-08,Central,MG Special
9HWUTUXQ,9HWUTUXQ,A047,R024,Closed Lost,0.0,2017-10-09,West,GTX Basic
T58F1T8V,T58F1T8V,A001,R012,Closed Lost,0.0,2017-10-08,East,MG Special
U3UT9B1U,U3UT9B1U,A063,R012,Closed Won,55.0,2017-12-24,East,MG Special
HY7D36UC,HY7D36UC,A074,R012,Closed Won,63.0,2017-12-22,East,MG Special
9YVTJF6C,9YVTJF6C,A058,R033,Closed Won,1108.0,2017-10-08,West,GTX Plus Basic
JGZVNKMT,JGZVNKMT,A079,R033,Closed Won,944.0,2017-12-10,West,GTX Plus Basic
5B3BKUMD,5B3BKUMD,A023,R001,Closed Lost,0.0,2017-10-11,Central,GTX Basic
MGHWZSN2,MGHWZSN2,A071,R022,Closed Lost,0.0,2017-10-06,East,MG Advanced
84N2YHUB,84N2YHUB,A044,R019,Closed Lost,0.0,2017-12-01,East,GTX Basic
IFVL4WL5,IFVL4WL5,A068,R002,Closed Won,3704.0,2017-12-10,Central,GTX Plus Pro
8EPT4HEV,8EPT4HEV,A044,R013,Closed Lost,0.0,2017-10-07,East,GTX Plus Pro
HZNNKQ0T,HZNNKQ0T,A018,R013,Closed Won,1076.0,2017-10-03,East,GTX Plus Basic
Z6ETLZQU,Z6ETLZQU,A049,R013,Closed Won,5528.0,2017-12-18,East,GTX Plus Pro
7MSQSYWR,7MSQSYWR,A037,R018,Closed Lost,0.0,2017-10-10,East,GTX Plus Basic
5VJIXV02,5VJIXV02,A080,R018,Closed Lost,0.0,2017-12-01,East,GTX Pro
G23RCHB6,G23RCHB6,A060,R010,Closed Lost,0.0,2017-10-08,Central,GTX Pro
RMFG5C6C,RMFG5C6C,A029,R010,Closed Won,4594.0,2017-10-09,Central,GTX Pro
U2JOATN3,U2JOATN3,A062,R010,Closed Won,6166.0,2017-12-06,Central,GTX Pro
JGZ3F67I,JGZ3F67I,A043,R020,Closed Lost,0.0,2017-10-07,East,GTX Basic
FHCSKQ4K,FHCSKQ4K,A007,R020,Closed Won,5270.0,2017-12-30,East,GTX Plus Pro
TU58PHME,TU58PHME,A069,R015,Closed Lost,0.0,2017-11-17,East,GTX Plus Pro
9ZVX7NVU,9ZVX7NVU,A077,R026,Closed Lost,0.0,2017-10-08,West,GTX Plus Basic
I4OJHXIN,I4OJHXIN,A010,R026,Closed Won,3169.0,2017-10-05,West,MG Advanced
NE300YJ0,NE300YJ0,A073,R006,Closed Won,571.0,2017-11-24,Central,GTX Basic
TYLSS719,TYLSS719,A032,R032,Closed Lost,0.0,2017-12-03,West,GTX Basic
M3SQPUB1,M3SQPUB1,A033,R032,Closed Won,6304.0,2017-10-13,West,GTX Plus Pro
PEIZDYXE,PEIZDYXE,A010,R027,Closed Lost,0.0,2017-10-02,West,GTX Basic
HGG0EZ00,HGG0EZ00,A034,R027,Closed Lost,0.0,2017-10-05,West,GTX Pro
XRRMX8K6,XRRMX8K6,A067,R007,Closed Lost,0.0,2017-10-12,Central,GTX Basic
BJLJV8XE,BJLJV8XE,A012,R007,Closed Won,4578.0,2017-12-15,Central,GTX Pro
AQH7ORZZ,AQH7ORZZ,A007,R021,Closed Won,62.0,2017-12-18,East,MG Special
GLG1IOHT,GLG1IOHT,A041,R025,Closed Won,51.0,2017-10-08,West,MG Special
89MUGU6K,89MUGU6K,A007,R014,Closed Won,4881.0,2017-11-30,East,GTX Pro
F5OETS8V,F5OETS8V,A031,R024,Closed Won,544.0,2017-12-18,West,GTX Basic
CU7KT53A,CU7KT53A,A032,R024,Closed Won,2941.0,2017-12-16,West,MG Advanced
0BYU67KG,0BYU67KG,A026,R016,Closed Lost,0.0,2017-12-13,East,MG Advanced
SLXPTSGS,SLXPTSGS,A012,R016,Closed Won,44.0,2017-10-11,East,MG Special
FZGGKS2D,FZGGKS2D,A017,R033,Closed Won,4910.0,2017-12-23,West,GTX Plus Pro
6HDTZCCM,6HDTZCCM,A076,R001,Closed Lost,0.0,2017-10-14,Central,GTX Plus Pro
XUEHL04Z,XUEHL04Z,A044,R022,Closed Lost,0.0,2017-10-04,East,GTX Plus Basic
CTZ5I5R5,CTZ5I5R5,A005,R019,Closed Won,5469.0,2017-12-05,East,GTX Plus Pro
988QUSNK,988QUSNK,A062,R002,Closed Lost,0.0,2017-10-03,Central,MG Advanced
2P0VIX4N,2P0VIX4N,A073,R002,Closed Lost,0.0,2017-12-20,Central,MG Advanced
TAPH7KQO,TAPH7KQO,A085,R002,Closed Won,568.0,2017-12-07,Central,GTX Basic
TWGFQS8L,TWGFQS8L,A009,R010,Closed Lost,0.0,2017-10-12,Central,GTX Plus Basic
MRPSU52W,MRPSU52W,A028,R010,Closed Lost,0.0,2017-10-09,Central,MG Advanced
UKXRWZ3P,UKXRWZ3P,A011,R010,Closed Won,5263.0,2017-10-04,Central,GTX Plus Pro
C5XXGXUE,C5XXGXUE,A072,R010,Closed Won,4201.0,2017-10-09,Central,GTX Pro
2IYQ5ALK,2IYQ5ALK,A076,R006,Closed Lost,0.0,2017-10-07,Central,GTX Basic
K4GL9NDX,K4GL9NDX,A015,R006,Closed Lost,0.0,2017-12-17,Central,GTX Plus Basic
OFKWBRP7,OFKWBRP7,A019,R006,Closed Lost,0.0,2017-10-10,Central,GTX Plus Basic
1AGL4X1J,1AGL4X1J,A039,R006,Closed Lost,0.0,2017-12-18,Central,GTX Plus Basic
TSU40NIZ,TSU40NIZ,A034,R032,Closed Lost,0.0,2017-10-04,West,GTX Pro
VSN0PA06,VSN0PA06,A070,R032,Closed Won,1048.0,2017-10-03,West,GTX Plus Basic
FQODPHUL,FQODPHUL,A035,R031,Closed Won,631.0,2017-11-04,West,GTX Basic
KRUY5G5I,KRUY5G5I,A036,R004,Closed Lost,0.0,2017-10-13,Central,MG Advanced
SCYV3JPO,SCYV3JPO,A003,R004,Closed Won,536.0,2017-10-12,Central,GTX Basic
T91ZAQRH,T91ZAQRH,A028,R004,Closed Won,1127.0,2017-12-18,Central,GTX Plus Basic
R293SULP,R293SULP,A059,R007,Closed Lost,0.0,2017-10-04,Central,GTX Plus Basic
UDKH3AM0,UDKH3AM0,A009,R007,Closed Won,56.0,2017-10-09,Central,MG Special
I4T9W7NQ,I4T9W7NQ,A036,R034,Closed Lost,0.0,2017-12-15,West,GTX Basic
H4ZSZQ9V,H4ZSZQ9V,A007,R021,Closed Won,4186.0,2017-10-10,East,GTX Pro
2GQAAHG6,2GQAAHG6,A044,R021,Closed Won,3670.0,2017-10-12,East,MG Advanced
7OGPA4I3,7OGPA4I3,A074,R021,Closed Won,3482.0,2017-10-12,East,MG Advanced
54XJLU62,54XJLU62,A027,R014,Closed Lost,0.0,2017-10-12,East,GTX Plus Basic
XSSK506P,XSSK506P,A025,R003,Closed Lost,0.0,2017-10-04,Central,MG Special
AJKE7ACY,AJKE7ACY,A043,R012,Closed Won,50.0,2017-10-11,East,MG Special
JPPLGVUS,JPPLGVUS,A048,R012,Closed Won,3629.0,2017-12-31,East,MG Advanced
O7B3XCKF,O7B3XCKF,A036,R033,Closed Lost,0.0,2017-10-03,West,GTX Basic
5A7S6Z6P,5A7S6Z6P,A034,R033,Closed Lost,0.0,2017-10-11,West,GTX Pro
OOB372R5,OOB372R5,A012,R033,Closed Won,544.0,2017-10-12,West,GTX Basic
L67B6CU2,L67B6CU2,A060,R001,Closed Lost,0.0,2017-10-09,Central,GTX Plus Pro
6V0QV9CU,6V0QV9CU,A066,R002,Closed Won,3415.0,2017-10-10,Central,MG Advanced
0MXZ36G7,0MXZ36G7,A008,R013,Closed Won,616.0,2017-10-04,East,GTX Basic
LMCHDMJX,LMCHDMJX,A020,R018,Closed Won,1050.0,2017-10-08,East,GTX Plus Basic
4HBU57OV,4HBU57OV,A072,R010,Closed Won,58.0,2017-10-10,Central,MG Special
AOIM2Y7M,AOIM2Y7M,A084,R020,Closed Won,3858.0,2017-10-05,East,MG Advanced
5KC100IN,5KC100IN,A012,R028,Closed Lost,0.0,2017-10-13,West,MG Special
OOFWSKFF,OOFWSKFF,A036,R008,Closed Lost,0.0,2017-10-04,Central,GTX Basic
LV7HHGM4,LV7HHGM4,A025,R008,Closed Lost,0.0,2017-10-05,Central,GTX Plus Pro
HBZEI375,HBZEI375,A059,R008,Closed Lost,0.0,2017-10-10,Central,MG Advanced
GRQZZNQB,GRQZZNQB,A038,R008,Closed Won,3207.0,2017-11-08,Central,MG Advanced
1D8XLZQ8,1D8XLZQ8,A044,R026,Closed Won,3795.0,2017-11-21,West,MG Advanced
CAX04DY1,CAX04DY1,A060,R006,Closed Lost,0.0,2017-11-16,Central,MG Special
ZVEH26GP,ZVEH26GP,A041,R032,Closed Won,1028.0,2017-10-08,West,GTX Plus Basic
G7QR0SCP,G7QR0SCP,A017,R032,Closed Won,64.0,2017-10-15,West,MG Special
DUOS7AO8,DUOS7AO8,A057,R007,Closed Lost,0.0,2017-11-24,Central,GTX Pro
CCCQGBSY,CCCQGBSY,A007,R021,Closed Won,1284.0,2017-12-09,East,GTX Plus Basic
C5Z2806X,C5Z2806X,A040,R021,Closed Won,5044.0,2017-12-28,East,GTX Pro
2CY7OS6A,2CY7OS6A,A079,R025,Closed Lost,0.0,2017-10-06,West,MG Special
FZKX09GE,FZKX09GE,A057,R003,Closed Won,3254.0,2017-10-09,Central,MG Advanced
R2PBFVU7,R2PBFVU7,A036,R024,Closed Lost,0.0,2017-10-08,West,GTX Pro
D4SJ5G2G,D4SJ5G2G,A078,R012,Closed Lost,0.0,2017-12-23,East,MG Special
N2ESTUQT,N2ESTUQT,A075,R016,Closed Won,5127.0,2017-10-10,East,GTX Pro
3QSM7X3W,3QSM7X3W,A033,R033,Closed Won,4194.0,2017-11-06,West,GTX Pro
UG4BHJRQ,UG4BHJRQ,A064,R033,Closed Won,4105.0,2017-10-11,West,GTX Pro
NMF60XWK,NMF60XWK,A009,R001,Closed Lost,0.0,2017-10-13,Central,MG Special
L6WEVHEN,L6WEVHEN,A030,R001,Closed Won,59.0,2017-12-16,Central,MG Special
EYWXCFXJ,EYWXCFXJ,A007,R022,Closed Lost,0.0,2017-11-01,East,GTX Plus Pro
QC9B7V93,QC9B7V93,A001,R022,Closed Lost,0.0,2017-10-11,East,MG Advanced
CPVW06O2,CPVW06O2,A008,R022,Closed Won,54.0,2017-10-11,East,MG Special
2KNVLXA4,2KNVLXA4,A056,R019,Closed Won,5989.0,2017-10-14,East,GTX Plus Pro
YI8JSLKX,YI8JSLKX,A063,R018,Closed Lost,0.0,2017-10-15,East,GTX Pro
E4O6XJ9E,E4O6XJ9E,A003,R010,Closed Lost,0.0,2017-10-12,Central,GTX Pro
L7TT9ZL4,L7TT9ZL4,A023,R010,Closed Won,4735.0,2017-12-21,Central,GTX Plus Pro
JD6WHH6G,JD6WHH6G,A057,R010,Closed Won,5055.0,2017-10-10,Central,GTX Pro
93OFIHMF,93OFIHMF,A021,R030,Closed Won,4527.0,2017-12-05,West,GTX Plus Pro
9E7VMZ1J,9E7VMZ1J,A015,R006,Closed Lost,0.0,2017-12-23,Central,GTX Basic
BUNGSHKB,BUNGSHKB,A062,R006,Closed Lost,0.0,2017-10-15,Central,GTX Pro
MK2YTCZN,MK2YTCZN,A038,R006,Closed Won,58.0,2017-10-06,Central,MG Special
MZTB3C70,MZTB3C70,A041,R031,Closed Lost,0.0,2017-11-17,West,GTX Basic
LHG76MIU,LHG76MIU,A058,R027,Closed Won,62.0,2017-12-03,West,MG Special
SGAJAIP9,SGAJAIP9,A006,R034,Closed Won,5026.0,2017-12-20,West,GTX Pro
UZ9SEIZ9,UZ9SEIZ9,A050,R024,Closed Lost,0.0,2017-10-13,West,MG Special
KDY5FEUO,KDY5FEUO,A079,R024,Closed Won,496.0,2017-12-20,West,GTX Basic
ZRMZJVWK,ZRMZJVWK,A055,R033,Closed Won,5491.0,2017-12-28,West,GTX Pro
JAG873Y3,JAG873Y3,A036,R001,Closed Lost,0.0,2017-10-12,Central,MG Special
WQTR95J3,WQTR95J3,A066,R002,Closed Won,622.0,2017-10-11,Central,GTX Basic
1FHY3UGF,1FHY3UGF,A084,R013,Closed Lost,0.0,2017-10-13,East,GTX Pro
B9KFRY53,B9KFRY53,A057,R010,Closed Won,1132.0,2017-10-10,Central,GTX Plus Basic
ZRCY8P4P,ZRCY8P4P,A012,R010,Closed Won,5422.0,2017-12-14,Central,GTX Plus Pro
M3RME16Q,M3RME16Q,A038,R010,Closed Won,5170.0,2017-10-14,Central,GTX Pro
YPRHMUIB,YPRHMUIB,A066,R010,Closed Won,5009.0,2017-12-22,Central,GTX Pro
HM4ZINFJ,HM4ZINFJ,A081,R020,Closed Lost,0.0,2017-10-10,East,MG Advanced
6WIQG92N,6WIQG92N,A044,R028,Closed Lost,0.0,2017-10-18,West,GTK 500
3JMB4J8E,3JMB4J8E,A001,R015,Closed Won,5331.0,2017-10-07,East,GTX Plus Pro
FTZ4VYH4,FTZ4VYH4,A061,R026,Closed Lost,0.0,2017-12-13,West,MG Advanced
GEJKKFOL,GEJKKFOL,A034,R030,Closed Lost,0.0,2017-10-10,West,GTX Basic
UYWQ5N0R,UYWQ5N0R,A046,R030,Closed Lost,0.0,2017-11-23,West,GTX Pro
NDAFT4KV,NDAFT4KV,A035,R030,Closed Won,1132.0,2017-10-18,West,GTX Plus Basic
BO1GBSM0,BO1GBSM0,A006,R030,Closed Won,5004.0,2017-10-11,West,GTX Plus Pro
FSVEMKSG,FSVEMKSG,A038,R006,Closed Won,556.0,2017-10-10,Central,GTX Basic
V0XQVHQV,V0XQVHQV,A030,R006,Closed Won,53.0,2017-10-12,Central,MG Special
TFZMFOH9,TFZMFOH9,A024,R032,Closed Won,4362.0,2017-11-24,West,GTX Pro
8T9ANK4E,8T9ANK4E,A076,R007,Closed Won,550.0,2017-12-24,Central,GTX Basic
76WXMI88,76WXMI88,A066,R005,Closed Won,50.0,2017-12-28,Central,MG Special
ZH8XR8YT,ZH8XR8YT,A019,R009,Closed Lost,0.0,2017-10-13,Central,GTX Plus Basic
PR9HQKA7,PR9HQKA7,A019,R009,Closed Lost,0.0,2017-10-15,Central,GTX Plus Basic
NMHDWGNT,NMHDWGNT,A025,R009,Closed Lost,0.0,2017-10-15,Central,GTX Pro
WX3CPDYD,WX3CPDYD,A027,R021,Closed Won,4651.0,2017-12-31,East,GTX Pro
3DF5FIAM,3DF5FIAM,A074,R021,Closed Won,3285.0,2017-12-17,East,MG Advanced
018KKT5I,018KKT5I,A022,R025,Closed Lost,0.0,2017-10-11,West,GTX Basic
9AOPLD0O,9AOPLD0O,A074,R014,Closed Won,3002.0,2017-10-11,East,MG Advanced
J54XWY0O,J54XWY0O,A003,R003,Closed Lost,0.0,2017-10-16,Central,GTX Basic
FJEL0TDN,FJEL0TDN,A013,R003,Closed Won,58.0,2017-10-07,Central,MG Special
I5JTM3EK,I5JTM3EK,A083,R024,Closed Lost,0.0,2017-10-08,West,MG Special
3Q5R6HAY,3Q5R6HAY,A017,R024,Closed Won,3435.0,2017-10-08,West,MG Advanced
VOEOU1U6,VOEOU1U6,A077,R033,Closed Lost,0.0,2017-10-07,West,MG Special
52IHI8JD,52IHI8JD,A025,R001,Closed Lost,0.0,2017-11-24,Central,MG Special
7QPQ40X9,7QPQ40X9,A059,R001,Closed Lost,0.0,2017-10-08,Central,MG Advanced
KFZ37330,KFZ37330,A044,R022,Closed Won,492.0,2017-12-14,East,GTX Basic
T64JVA4T,T64JVA4T,A078,R022,Closed Won,4401.0,2017-10-07,East,GTX Pro
Y5C1Q7UR,Y5C1Q7UR,A081,R019,Closed Won,50.0,2017-12-26,East,MG Special
VN0XOAB6,VN0XOAB6,A008,R019,Closed Won,3333.0,2017-11-12,East,MG Advanced
MVZG0BSG,MVZG0BSG,A020,R013,Closed Won,1095.0,2017-10-16,East,GTX Plus Basic
EM1W738H,EM1W738H,A015,R010,Closed Won,5595.0,2017-11-22,Central,GTX Plus Pro
13WLN2MJ,13WLN2MJ,A023,R010,Closed Won,4461.0,2017-10-08,Central,GTX Pro
M4NNI01I,M4NNI01I,A080,R020,Closed Lost,0.0,2017-10-16,East,GTX Plus Basic
U3FTUG3T,U3FTUG3T,A068,R008,Closed Won,415.0,2017-11-20,Central,GTX Basic
RS13M1ZP,RS13M1ZP,A066,R008,Closed Won,3212.0,2017-10-08,Central,MG Advanced
10B65ZN9,10B65ZN9,A034,R030,Closed Won,457.0,2017-12-31,West,GTX Basic
V4YBVSJ4,V4YBVSJ4,A012,R006,Closed Lost,0.0,2017-10-17,Central,GTX Plus Basic
LVMPJ8JN,LVMPJ8JN,A011,R006,Closed Won,546.0,2017-12-31,Central,GTX Basic
OV0LOPAA,OV0LOPAA,A067,R004,Closed Lost,0.0,2017-10-12,Central,GTX Plus Basic
0ISX53T3,0ISX53T3,A029,R004,Closed Won,453.0,2017-12-21,Central,GTX Basic
KL8PCQXC,KL8PCQXC,A035,R027,Closed Lost,0.0,2017-10-15,West,GTX Pro
Q4KZSJ6Q,Q4KZSJ6Q,A015,R005,Closed Won,510.0,2017-10-07,Central,GTX Basic
1IABHXOP,1IABHXOP,A030,R005,Closed Won,552.0,2017-10-14,Central,GTX Basic
2RE0MZGV,2RE0MZGV,A082,R021,Closed Won,3203.0,2017-10-07,East,MG Advanced
JLKLRCFZ,JLKLRCFZ,A071,R014,Closed Won,6228.0,2017-10-14,East,GTX Plus Pro
2X9KWWCP,2X9KWWCP,A015,R003,Closed Won,59.0,2017-10-11,Central,MG Special
IF2BUC3Q,IF2BUC3Q,A049,R016,Closed Lost,0.0,2017-10-08,East,GTX Pro
GU4HXZ55,GU4HXZ55,A012,R033,Closed Won,1129.0,2017-12-23,West,GTX Plus Basic
JQK0EF45,JQK0EF45,A068,R001,Closed Won,5349.0,2017-10-13,Central,GTX Plus Pro
YUUD6GIT,YUUD6GIT,A074,R022,Closed Won,1148.0,2017-11-19,East,GTX Plus Basic
FBDZ4LCK,FBDZ4LCK,A084,R019,Closed Lost,0.0,2017-10-08,East,GTX Basic
SQMPV6L6,SQMPV6L6,A072,R002,Closed Won,52.0,2017-10-19,Central,MG Special
N9ZBEJFI,N9ZBEJFI,A023,R002,Closed Won,3253.0,2017-12-28,Central,MG Advanced
EKXXH9IK,EKXXH9IK,A027,R018,Closed Won,1267.0,2017-11-04,East,GTX Plus Basic
OC6ZMTK5,OC6ZMTK5,A037,R018,Closed Won,1096.0,2017-10-13,East,GTX Plus Basic
M57LZE5F,M57LZE5F,A036,R010,Closed Lost,0.0,2017-12-23,Central,MG Advanced
1XO519P4,1XO519P4,A028,R010,Closed Won,54.0,2017-12-30,Central,MG Special
UBWO7HIV,UBWO7HIV,A033,R026,Closed Won,3293.0,2017-12-13,West,MG Advanced
00X8VEYH,00X8VEYH,A060,R006,Closed Won,4404.0,2017-12-22,Central,GTX Pro
ZJ11PBUV,ZJ11PBUV,A085,R006,Closed Won,5212.0,2017-10-09,Central,GTX Pro
GJX7YGIF,GJX7YGIF,A054,R032,Closed Lost,0.0,2017-11-25,West,GTX Basic
MF6S92GQ,MF6S92GQ,A014,R031,Closed Won,488.0,2017-12-08,West,GTX Basic
KTZDTM8W,KTZDTM8W,A029,R004,Closed Won,594.0,2017-10-13,Central,GTX Basic
SH0S5N6U,SH0S5N6U,A064,R027,Closed Won,464.0,2017-12-30,West,GTX Basic
M3306MKK,M3306MKK,A010,R027,Closed Won,53.0,2017-12-13,West,MG Special
5H27L6YI,5H27L6YI,A023,R007,Closed Lost,0.0,2017-10-15,Central,GTX Plus Basic
FCEJCRKY,FCEJCRKY,A068,R007,Closed Won,661.0,2017-10-08,Central,GTX Basic
FTVBHHFC,FTVBHHFC,A028,R007,Closed Won,1240.0,2017-10-14,Central,GTX Plus Basic
CXE6ORIJ,CXE6ORIJ,A039,R007,Closed Won,2763.0,2017-12-20,Central,MG Advanced
QFIEJY21,QFIEJY21,A012,R034,Closed Won,610.0,2017-12-05,West,GTX Basic
4OUTIJAR,4OUTIJAR,A035,R034,Closed Won,59.0,2017-12-14,West,MG Special
R19OP4QL,R19OP4QL,A057,R005,Closed Won,577.0,2017-10-19,Central,GTX Basic
UU7QH2WX,UU7QH2WX,A042,R025,Closed Lost,0.0,2017-10-15,West,MG Special
O7WVUMZ5,O7WVUMZ5,A024,R024,Closed Won,1139.0,2017-10-09,West,GTX Plus Basic
NRMFYPAD,NRMFYPAD,A073,R001,Closed Won,6038.0,2017-12-30,Central,GTX Plus Pro
63HMAJCZ,63HMAJCZ,A074,R022,Closed Won,4605.0,2017-10-14,East,GTX Pro
MR49QBLO,MR49QBLO,A044,R022,Closed Won,3264.0,2017-11-21,East,MG Advanced
V7C6RT5S,V7C6RT5S,A002,R019,Closed Won,3472.0,2017-10-17,East,MG Advanced
G1POINXI,G1POINXI,A057,R002,Closed Won,1186.0,2017-10-15,Central,GTX Plus Basic
S181FZ0Y,S181FZ0Y,A084,R013,Closed Lost,0.0,2017-10-16,East,GTX Basic
5J7T0GZU,5J7T0GZU,A069,R018,Closed Won,4964.0,2017-12-14,East,GTX Pro
0IAJNXTD,0IAJNXTD,A016,R010,Closed Lost,0.0,2017-10-10,Central,MG Special
RMQME3N0,RMQME3N0,A048,R020,Closed Lost,0.0,2017-11-21,East,GTX Plus Basic
G8C3GRPO,G8C3GRPO,A075,R015,Closed Won,2812.0,2017-10-20,East,MG Advanced
IY3U40F8,IY3U40F8,A029,R008,Closed Lost,0.0,2017-10-14,Central,GTX Plus Basic
OZFSBIDF,OZFSBIDF,A072,R008,Closed Lost,0.0,2017-10-09,Central,GTX Pro
IEJHIQYI,IEJHIQYI,A006,R026,Closed Won,3517.0,2017-12-22,West,MG Advanced
6SQHVC0S,6SQHVC0S,A015,R006,Closed Lost,0.0,2017-12-26,Central,GTX Pro
DIGZWVHI,DIGZWVHI,A070,R032,Closed Lost,0.0,2017-10-09,West,GTX Basic
1ZT4IROS,1ZT4IROS,A077,R032,Closed Won,608.0,2017-10-10,West,GTX Basic
60QEB2FZ,60QEB2FZ,A021,R031,Closed Won,4989.0,2017-10-16,West,GTX Plus Pro
2PX317QP,2PX317QP,A051,R031,Closed Won,4780.0,2017-11-23,West,GTX Pro
2T0GMDKK,2T0GMDKK,A006,R027,Closed Lost,0.0,2017-10-10,West,GTX Plus Basic
ZK6HTTBB,ZK6HTTBB,A046,R027,Closed Lost,0.0,2017-10-14,West,MG Special
V74YPMJ4,V74YPMJ4,A083,R025,Closed Lost,0.0,2017-10-20,West,MG Special
8ZIX3LAF,8ZIX3LAF,A051,R024,Closed Won,3023.0,2017-10-09,West,MG Advanced
IVMMNSJB,IVMMNSJB,A013,R001,Closed Lost,0.0,2017-10-17,Central,GTX Plus Pro
H9M21153,H9M21153,A059,R001,Closed Won,3100.0,2017-10-20,Central,MG Advanced
JV0KXH4X,JV0KXH4X,A018,R022,Closed Won,6406.0,2017-12-30,East,GTX Plus Pro
V9UM2K16,V9UM2K16,A043,R013,Closed Won,5711.0,2017-10-15,East,GTX Plus Pro
SRV6TQ2E,SRV6TQ2E,A052,R018,Closed Won,58.0,2017-10-18,East,MG Special
94GJ7WZV,94GJ7WZV,A067,R010,Closed Lost,0.0,2017-10-10,Central,GTX Pro
B24YQ6LA,B24YQ6LA,A084,R015,Closed Won,552.0,2017-10-10,East,GTX Basic
RYELEM60,RYELEM60,A071,R015,Closed Won,3215.0,2017-10-20,East,MG Advanced
RL26ZS8F,RL26ZS8F,A045,R008,Closed Lost,0.0,2017-11-27,Central,GTX Basic
JKIAA2TF,JKIAA2TF,A024,R030,Closed Won,1112.0,2017-11-23,West,GTX Plus Basic
HTK2UHC8,HTK2UHC8,A066,R006,Closed Lost,0.0,2017-10-21,Central,GTX Basic
SPRK2YOB,SPRK2YOB,A076,R006,Closed Won,1190.0,2017-11-25,Central,GTX Plus Basic
8F7VHV02,8F7VHV02,A024,R032,Closed Won,446.0,2017-12-22,West,GTX Basic
7FGVY6GK,7FGVY6GK,A044,R032,Closed Won,565.0,2017-10-10,West,GTX Basic
6IZZL97A,6IZZL97A,A064,R031,Closed Lost,0.0,2017-10-18,West,GTX Basic
C35YI5NJ,C35YI5NJ,A064,R027,Closed Won,4753.0,2017-12-25,West,GTX Pro
6U30UYDT,6U30UYDT,A028,R007,Closed Lost,0.0,2017-11-30,Central,GTX Plus Basic
ZXOHD0KE,ZXOHD0KE,A070,R034,Closed Lost,0.0,2017-10-19,West,GTX Basic
77Q6KD0O,77Q6KD0O,A067,R009,Closed Lost,0.0,2017-10-21,Central,GTX Basic
JIH6P53I,JIH6P53I,A066,R009,Closed Won,1129.0,2017-10-10,Central,GTX Plus Basic
WKTVP5WY,WKTVP5WY,A070,R025,Closed Won,56.0,2017-10-10,West,MG Special
10N0ZBYO,10N0ZBYO,A064,R025,Closed Won,3435.0,2017-10-11,West,MG Advanced
IUVAUQ6I,IUVAUQ6I,A057,R003,Closed Won,3860.0,2017-10-14,Central,MG Advanced
YH5L64AP,YH5L64AP,A080,R012,Closed Lost,0.0,2017-12-23,East,MG Special
A71ENBVA,A71ENBVA,A036,R033,Closed Lost,0.0,2017-10-17,West,GTX Basic
4X8WU71C,4X8WU71C,A012,R033,Closed Lost,0.0,2017-10-11,West,MG Advanced
03H4RXBI,03H4RXBI,A079,R033,Closed Won,482.0,2017-12-17,West,GTX Basic
MQVOQZL7,MQVOQZL7,A011,R001,Closed Lost,0.0,2017-10-19,Central,MG Special
OHD4TPKZ,OHD4TPKZ,A030,R001,Closed Won,1166.0,2017-10-11,Central,GTX Plus Basic
V4PVZC5L,V4PVZC5L,A043,R022,Closed Lost,0.0,2017-10-18,East,MG Special
9G85W8XE,9G85W8XE,A042,R013,Closed Lost,0.0,2017-10-15,East,GTX Plus Basic
S6DXPVLA,S6DXPVLA,A080,R018,Closed Lost,0.0,2017-11-13,East,GTX Plus Basic
MKI4TLUN,MKI4TLUN,A082,R018,Closed Won,5112.0,2017-12-18,East,GTX Pro
H41YA4SB,H41YA4SB,A072,R010,Closed Lost,0.0,2017-12-26,Central,GTX Plus Basic
MW4MSIWW,MW4MSIWW,A076,R010,Closed Lost,0.0,2017-10-14,Central,GTX Pro
XSQOEHEA,XSQOEHEA,A047,R026,Closed Lost,0.0,2017-10-15,West,MG Advanced
GQT2DFWZ,GQT2DFWZ,A073,R006,Closed Won,3892.0,2017-10-20,Central,MG Advanced
IQ9GMTBR,IQ9GMTBR,A014,R032,Closed Won,473.0,2017-10-11,West,GTX Basic
ZR8H455M,ZR8H455M,A034,R031,Closed Lost,0.0,2017-10-14,West,GTX Basic
3F2EMUQ7,3F2EMUQ7,A061,R031,Closed Lost,0.0,2017-10-11,West,GTX Plus Basic
VB26KWQ6,VB26KWQ6,A022,R031,Closed Won,511.0,2017-11-20,West,GTX Basic
7J1UD7ZW,7J1UD7ZW,A036,R031,Closed Won,509.0,2017-10-12,West,GTX Basic
VR6NO9FA,VR6NO9FA,A046,R031,Closed Won,528.0,2017-10-22,West,GTX Basic
O8QGRK5P,O8QGRK5P,A070,R031,Closed Won,549.0,2017-10-14,West,GTX Basic
BOD1GBJU,BOD1GBJU,A060,R004,Closed Lost,0.0,2017-12-25,Central,GTX Basic
TN3IRRND,TN3IRRND,A030,R004,Closed Lost,0.0,2017-10-19,Central,MG Special
PR224V1P,PR224V1P,A062,R007,Closed Lost,0.0,2017-10-19,Central,GTX Basic
60RDU2SZ,60RDU2SZ,A029,R007,Closed Won,3578.0,2017-10-17,Central,MG Advanced
X2I316HD,X2I316HD,A015,R005,Closed Won,523.0,2017-12-29,Central,GTX Basic
K5DNNWYT,K5DNNWYT,A082,R014,Closed Won,4575.0,2017-10-11,East,GTX Pro
941E65Z7,941E65Z7,A055,R024,Closed Won,4552.0,2017-10-12,West,GTX Pro
77UHLYMA,77UHLYMA,A044,R033,Closed Lost,0.0,2017-10-11,West,GTX Basic
VR1XYM23,VR1XYM23,A006,R033,Closed Won,551.0,2017-12-23,West,GTX Basic
TQ6BTW2Z,TQ6BTW2Z,A022,R033,Closed Won,545.0,2017-10-18,West,GTX Basic
IVSOSC0E,IVSOSC0E,A079,R033,Closed Won,1134.0,2017-10-15,West,GTX Plus Basic
KI4LTBV6,KI4LTBV6,A067,R001,Closed Lost,0.0,2017-10-13,Central,MG Advanced
4VZ0JIVZ,4VZ0JIVZ,A062,R001,Closed Won,3434.0,2017-10-16,Central,MG Advanced
FNCXBWHQ,FNCXBWHQ,A012,R022,Closed Won,505.0,2017-12-27,East,GTX Basic
Q306R9K4,Q306R9K4,A026,R022,Closed Won,1066.0,2017-10-21,East,GTX Plus Basic
KHRY7J40,KHRY7J40,A081,R019,Closed Won,580.0,2017-11-12,East,GTX Basic
AP9MLRZJ,AP9MLRZJ,A037,R013,Closed Won,4501.0,2017-12-20,East,GTX Pro
46JP2TQB,46JP2TQB,A029,R010,Closed Lost,0.0,2017-10-19,Central,GTX Plus Basic
W48N7MRO,W48N7MRO,A060,R010,Closed Lost,0.0,2017-10-13,Central,GTX Plus Pro
X4LSK4OE,X4LSK4OE,A073,R010,Closed Won,6182.0,2017-11-03,Central,GTX Plus Pro
M1ZZYSTB,M1ZZYSTB,A008,R020,Closed Won,4763.0,2017-10-12,East,GTX Pro
0UOIGVEO,0UOIGVEO,A027,R020,Closed Won,3024.0,2017-10-20,East,MG Advanced
AK9OXW30,AK9OXW30,A026,R015,Closed Lost,0.0,2017-10-12,East,MG Special
CFGYG1EC,CFGYG1EC,A033,R030,Closed Lost,0.0,2017-10-13,West,GTX Basic
TS3P4VMD,TS3P4VMD,A032,R030,Closed Won,6751.0,2017-10-19,West,GTX Plus Pro
8PEB9FHX,8PEB9FHX,A032,R030,Closed Won,54.0,2017-10-18,West,MG Special
V1YT1LP1,V1YT1LP1,A066,R006,Closed Won,592.0,2017-12-25,Central,GTX Basic
DTIZX4YN,DTIZX4YN,A009,R006,Closed Won,969.0,2017-10-22,Central,GTX Plus Basic
KMBY0IGV,KMBY0IGV,A014,R032,Closed Won,48.0,2017-10-12,West,MG Special
XULGG5K8,XULGG5K8,A044,R031,Closed Lost,0.0,2017-10-13,West,GTX Basic
KP8ZZ3Y6,KP8ZZ3Y6,A046,R031,Closed Lost,0.0,2017-12-23,West,GTX Plus Basic
SBF5S7LF,SBF5S7LF,A035,R031,Closed Won,6555.0,2017-10-21,West,GTX Plus Pro
YIA65LM2,YIA65LM2,A073,R004,Closed Lost,0.0,2017-10-19,Central,MG Advanced
TVBY6CND,TVBY6CND,A004,R007,Closed Won,5271.0,2017-12-15,Central,GTX Plus Pro
EC9H6XHB,EC9H6XHB,A042,R014,Closed Lost,0.0,2017-11-22,East,MG Special
47QKNXLO,47QKNXLO,A080,R014,Closed Won,472.0,2017-12-10,East,GTX Basic
VW2PJALW,VW2PJALW,A009,R003,Closed Won,5211.0,2017-11-29,Central,GTX Plus Pro
GVLIYD9A,GVLIYD9A,A079,R024,Closed Won,430.0,2017-12-11,West,GTX Basic
II1GOQWL,II1GOQWL,A021,R033,Closed Lost,0.0,2017-10-20,West,GTX Basic
4P5BOQB5,4P5BOQB5,A064,R033,Closed Won,4545.0,2017-12-22,West,GTX Pro
QYYOVTHC,QYYOVTHC,A074,R022,Closed Lost,0.0,2017-10-19,East,GTX Plus Basic
AADN7F5T,AADN7F5T,A085,R010,Closed Lost,0.0,2017-10-17,Central,MG Special
U8CWFFRH,U8CWFFRH,A059,R006,Closed Lost,0.0,2017-10-13,Central,MG Advanced
35HVN8Q3,35HVN8Q3,A062,R006,Closed Won,528.0,2017-10-21,Central,GTX Basic
PNNZM0OZ,PNNZM0OZ,A013,R006,Closed Won,5064.0,2017-12-28,Central,GTX Pro
UYZQCWAC,UYZQCWAC,A013,R006,Closed Won,3203.0,2017-12-06,Central,MG Advanced
K0YFUK4X,K0YFUK4X,A061,R032,Closed Won,549.0,2017-11-02,West,GTX Basic
TUL0TZSR,TUL0TZSR,A014,R031,Closed Won,594.0,2017-10-23,West,GTX Basic
LS2A22IA,LS2A22IA,A029,R004,Closed Lost,0.0,2017-10-21,Central,GTX Basic
L5K0S1U3,L5K0S1U3,A029,R004,Closed Lost,0.0,2017-10-22,Central,GTX Basic
82LY53FE,82LY53FE,A046,R027,Closed Won,529.0,2017-11-01,West,GTX Basic
XRJTRP20,XRJTRP20,A021,R034,Closed Won,4505.0,2017-10-17,West,GTX Pro
D00FIU21,D00FIU21,A023,R005,Closed Won,457.0,2017-12-11,Central,GTX Basic
C48I5WD9,C48I5WD9,A076,R005,Closed Won,3090.0,2017-10-13,Central,MG Advanced
HG0N3NJ4,HG0N3NJ4,A082,R021,Closed Won,53.0,2017-10-14,East,MG Special
5ZUKTSJV,5ZUKTSJV,A027,R012,Closed Won,1004.0,2017-10-17,East,GTX Plus Basic
CD5B8P8U,CD5B8P8U,A036,R033,Closed Lost,0.0,2017-10-19,West,MG Advanced
MBYY3F5P,MBYY3F5P,A041,R033,Closed Won,696.0,2017-10-21,West,GTX Basic
0V9YEQDU,0V9YEQDU,A073,R001,Closed Lost,0.0,2017-10-22,Central,MG Special
76GEYK0T,76GEYK0T,A053,R019,Closed Won,888.0,2017-10-23,East,GTX Plus Basic
0QUXNGR1,0QUXNGR1,A076,R002,Closed Lost,0.0,2017-10-18,Central,MG Advanced
4N9E1F86,4N9E1F86,A081,R013,Closed Lost,0.0,2017-10-20,East,GTX Plus Basic
895XMROB,895XMROB,A080,R013,Closed Lost,0.0,2017-11-21,East,GTX Plus Pro
LFMLZPA5,LFMLZPA5,A044,R018,Closed Lost,0.0,2017-10-22,East,GTX Pro
H54N095V,H54N095V,A030,R010,Closed Won,4767.0,2017-10-24,Central,GTX Pro
FQPECFYO,FQPECFYO,A036,R010,Closed Won,4869.0,2017-12-20,Central,GTX Pro
933OT3AE,933OT3AE,A059,R010,Closed Won,3475.0,2017-10-14,Central,MG Advanced
5HDKACI4,5HDKACI4,A037,R020,Closed Lost,0.0,2017-10-15,East,GTX Basic
GVEUKZ72,GVEUKZ72,A020,R020,Closed Lost,0.0,2017-12-09,East,MG Special
YHOVVBSP,YHOVVBSP,A042,R020,Closed Lost,0.0,2017-12-10,East,MG Advanced
ZN6HXJ5F,ZN6HXJ5F,A058,R026,Closed Lost,0.0,2017-10-20,West,GTX Plus Basic
3IQ19UZ2,3IQ19UZ2,A042,R026,Closed Won,3250.0,2017-10-14,West,MG Advanced
R2CG5WED,R2CG5WED,A064,R030,Closed Lost,0.0,2017-12-03,West,GTX Plus Pro
GH0FU105,GH0FU105,A050,R027,Closed Lost,0.0,2017-10-18,West,MG Advanced
NDIZ18GW,NDIZ18GW,A010,R034,Closed Lost,0.0,2017-10-25,West,MG Advanced
BRIOGGKC,BRIOGGKC,A038,R005,Closed Lost,0.0,2017-11-29,Central,MG Advanced
GZYL4SG1,GZYL4SG1,A057,R005,Closed Won,978.0,2017-10-26,Central,GTX Plus Basic
7ZASHEBX,7ZASHEBX,A008,R021,Closed Won,49.0,2017-12-14,East,MG Special
WJ9JNMJ2,WJ9JNMJ2,A066,R003,Closed Won,49.0,2017-10-24,Central,MG Special
N3OWNMD3,N3OWNMD3,A077,R024,Closed Lost,0.0,2017-10-22,West,GTX Plus Pro
8U3LICIW,8U3LICIW,A036,R024,Closed Won,563.0,2017-12-10,West,GTX Basic
JALBPRSF,JALBPRSF,A074,R012,Closed Lost,0.0,2017-10-21,East,GTX Plus Basic
0E1HHXGB,0E1HHXGB,A020,R012,Closed Lost,0.0,2017-10-15,East,MG Special
MJXPSHYT,MJXPSHYT,A082,R012,Closed Won,53.0,2017-10-24,East,MG Special
AF8SULB0,AF8SULB0,A057,R002,Closed Won,1168.0,2017-10-26,Central,GTX Plus Basic
N8BM4XEP,N8BM4XEP,A071,R013,Closed Won,560.0,2017-11-17,East,GTX Basic
FZGBRGHF,FZGBRGHF,A027,R018,Closed Lost,0.0,2017-12-30,East,GTX Plus Basic
36PET9WM,36PET9WM,A066,R010,Closed Lost,0.0,2017-10-15,Central,GTX Pro
GRO3S3HV,GRO3S3HV,A004,R010,Closed Lost,0.0,2017-10-21,Central,MG Special
KG9R5M1Y,KG9R5M1Y,A019,R010,Closed Won,4810.0,2017-10-18,Central,GTX Pro
R0S5FZ1G,R0S5FZ1G,A020,R020,Closed Lost,0.0,2017-11-01,East,MG Special
3W1Y39BY,3W1Y39BY,A063,R020,Closed Won,4521.0,2017-10-24,East,GTX Pro
G58GOO4N,G58GOO4N,A053,R015,Closed Lost,0.0,2017-10-18,East,GTX Basic
JF0F2J5W,JF0F2J5W,A018,R015,Closed Lost,0.0,2017-10-15,East,GTX Plus Basic
93AE6QM4,93AE6QM4,A035,R026,Closed Won,881.0,2017-10-15,West,GTX Plus Basic
0YM4VJDP,0YM4VJDP,A024,R030,Closed Lost,0.0,2017-11-30,West,GTX Basic
ICD9OMSF,ICD9OMSF,A013,R006,Closed Won,472.0,2017-10-22,Central,GTX Basic
IHJEX21Z,IHJEX21Z,A051,R032,Closed Won,562.0,2017-12-03,West,GTX Basic
8JORJ1SS,8JORJ1SS,A013,R004,Closed Lost,0.0,2017-10-20,Central,GTX Basic
0NKINI7S,0NKINI7S,A072,R004,Closed Won,42.0,2017-10-16,Central,MG Special
QFLFLCD0,QFLFLCD0,A068,R007,Closed Lost,0.0,2017-10-18,Central,GTX Pro
OB3OK8BQ,OB3OK8BQ,A019,R007,Closed Won,615.0,2017-12-26,Central,GTX Basic
5S3RN7H2,5S3RN7H2,A059,R009,Closed Lost,0.0,2017-12-31,Central,GTX Plus Basic
6YCRJK5W,6YCRJK5W,A051,R025,Closed Lost,0.0,2017-10-23,West,MG Advanced
FDMK85GD,FDMK85GD,A062,R003,Closed Won,58.0,2017-10-22,Central,MG Special
EVKQXZV6,EVKQXZV6,A033,R024,Closed Lost,0.0,2017-11-01,West,MG Special
IDO6PU1B,IDO6PU1B,A035,R033,Closed Lost,0.0,2017-10-23,West,GTX Plus Pro
CYAL1N0B,CYAL1N0B,A077,R033,Closed Won,4882.0,2017-10-15,West,GTX Pro
9GSBUJMH,9GSBUJMH,A039,R001,Closed Lost,0.0,2017-10-24,Central,MG Special
ECB42PGL,ECB42PGL,A084,R019,Closed Lost,0.0,2017-10-24,East,GTX Plus Pro
PYIP2H5Z,PYIP2H5Z,A068,R002,Closed Lost,0.0,2017-10-16,Central,MG Advanced
129P48QP,129P48QP,A026,R018,Closed Lost,0.0,2017-10-25,East,GTX Plus Pro
BUFF2EP5,BUFF2EP5,A043,R018,Closed Won,5113.0,2017-11-01,East,GTX Pro
IQRA0Q8C,IQRA0Q8C,A059,R010,Closed Won,1154.0,2017-10-16,Central,GTX Plus Basic
14P6935C,14P6935C,A019,R010,Closed Won,4885.0,2017-10-16,Central,GTX Pro
U220GK9W,U220GK9W,A068,R010,Closed Won,4936.0,2017-10-16,Central,GTX Pro
03R1VC7O,03R1VC7O,A012,R020,Closed Won,1062.0,2017-10-28,East,GTX Plus Basic
LUFR7MJC,LUFR7MJC,A011,R008,Closed Lost,0.0,2017-10-19,Central,GTX Pro
8EX2PGAY,8EX2PGAY,A022,R026,Closed Lost,0.0,2017-10-21,West,MG Special
C0H6SU2X,C0H6SU2X,A034,R026,Closed Won,954.0,2017-12-20,West,GTX Plus Basic
94JOUSW7,94JOUSW7,A024,R031,Closed Lost,0.0,2017-10-23,West,GTX Basic
9RC58SP0,9RC58SP0,A044,R031,Closed Lost,0.0,2017-10-26,West,GTX Basic
XFNYWN7B,XFNYWN7B,A077,R031,Closed Won,868.0,2017-10-16,West,GTX Plus Basic
6NFIUDKS,6NFIUDKS,A017,R031,Closed Won,5867.0,2017-11-26,West,GTX Plus Pro
4TD018BE,4TD018BE,A021,R031,Closed Won,5344.0,2017-10-16,West,GTX Pro
SWKGC34P,SWKGC34P,A015,R004,Closed Lost,0.0,2017-10-21,Central,MG Special
C3Y94J5R,C3Y94J5R,A029,R007,Closed Lost,0.0,2017-10-24,Central,GTX Plus Pro
2H45C9FK,2H45C9FK,A068,R007,Closed Lost,0.0,2017-10-23,Central,GTX Pro
LFM4SMIA,LFM4SMIA,A011,R005,Closed Won,5449.0,2017-10-23,Central,GTX Plus Pro
MEXK5KU6,MEXK5KU6,A071,R021,Closed Lost,0.0,2017-12-27,East,MG Advanced
UDXS7H12,UDXS7H12,A037,R021,Closed Won,4500.0,2017-11-28,East,GTX Plus Pro
4G61Z1HD,4G61Z1HD,A038,R003,Closed Lost,0.0,2017-10-25,Central,MG Special
X4KAK55N,X4KAK55N,A069,R016,Closed Won,51.0,2017-10-23,East,MG Special
AHOYDL01,AHOYDL01,A014,R033,Closed Won,6637.0,2017-10-23,West,GTX Plus Pro
R5ILWVDD,R5ILWVDD,A066,R001,Closed Won,57.0,2017-12-13,Central,MG Special
J5WP57XS,J5WP57XS,A067,R002,Closed Won,990.0,2017-11-03,Central,GTX Plus Basic
VPD4G16I,VPD4G16I,A082,R013,Closed Won,4247.0,2017-10-17,East,GTX Pro
Z173R82Y,Z173R82Y,A069,R018,Closed Won,1008.0,2017-12-25,East,GTX Plus Basic
TFGC7TPF,TFGC7TPF,A066,R010,Closed Lost,0.0,2017-10-19,Central,GTX Pro
03X37HOO,03X37HOO,A085,R010,Closed Lost,0.0,2017-10-17,Central,MG Special
OWGXQLJS,OWGXQLJS,A059,R010,Closed Won,4834.0,2017-10-25,Central,GTX Pro
Y4SN1R3L,Y4SN1R3L,A013,R010,Closed Won,3490.0,2017-10-17,Central,MG Advanced
CX3PZ8DP,CX3PZ8DP,A037,R020,Closed Lost,0.0,2017-10-26,East,GTX Basic
V7DY5VAP,V7DY5VAP,A011,R008,Closed Lost,0.0,2017-10-24,Central,MG Special
JLB353E4,JLB353E4,A010,R026,Closed Won,3744.0,2017-10-20,West,MG Advanced
KOK62RF4,KOK62RF4,A065,R032,Closed Lost,0.0,2017-10-22,West,GTX Pro
8U59BH8O,8U59BH8O,A022,R031,Closed Lost,0.0,2017-10-26,West,GTX Basic
BZR75SK1,BZR75SK1,A064,R031,Closed Lost,0.0,2017-10-21,West,GTX Basic
48HBI36Y,48HBI36Y,A050,R031,Closed Won,591.0,2017-11-12,West,GTX Basic
ME7IZ1WY,ME7IZ1WY,A014,R031,Closed Won,48.0,2017-10-24,West,MG Special
STC921ZX,STC921ZX,A031,R027,Closed Won,1060.0,2017-10-23,West,GTX Plus Basic
MJRDXH1B,MJRDXH1B,A036,R007,Closed Lost,0.0,2017-10-21,Central,GTX Plus Basic
W2QJUK1Y,W2QJUK1Y,A003,R005,Closed Won,562.0,2017-10-28,Central,GTX Basic
B05SO4C6,B05SO4C6,A036,R009,Closed Lost,0.0,2017-11-19,Central,GTX Plus Basic
MC717WRG,MC717WRG,A075,R014,Closed Lost,0.0,2017-10-18,East,GTX Pro
P570QB1D,P570QB1D,A039,R003,Closed Won,57.0,2017-10-17,Central,MG Special
IWS4PKPP,IWS4PKPP,A033,R024,Closed Won,535.0,2017-12-21,West,GTX Basic
GB3S67FY,GB3S67FY,A012,R024,Closed Won,4580.0,2017-10-25,West,GTX Pro
0W8VWJDS,0W8VWJDS,A047,R024,Closed Won,56.0,2017-10-18,West,MG Special
5J9ELX2Y,5J9ELX2Y,A032,R033,Closed Won,4942.0,2017-10-23,West,GTX Plus Pro
SQE6KE7V,SQE6KE7V,A015,R001,Closed Won,55.0,2017-10-23,Central,MG Special
LH03MJX5,LH03MJX5,A080,R022,Closed Lost,0.0,2017-10-25,East,GTX Plus Pro
0SQM849O,0SQM849O,A078,R019,Closed Won,5144.0,2017-10-29,East,GTX Pro
KXTUVDLU,KXTUVDLU,A056,R013,Closed Lost,0.0,2017-12-13,East,MG Advanced
9YOGUMN9,9YOGUMN9,A060,R010,Closed Lost,0.0,2017-10-24,Central,GTX Pro
C933ZQBB,C933ZQBB,A009,R010,Closed Won,5458.0,2017-10-23,Central,GTX Pro
G9M9IEQY,G9M9IEQY,A060,R008,Closed Lost,0.0,2017-10-23,Central,GTX Pro
M2VKMZPH,M2VKMZPH,A066,R006,Closed Won,5046.0,2017-10-19,Central,GTX Pro
AZCY0HUP,AZCY0HUP,A035,R027,Closed Lost,0.0,2017-10-23,West,GTX Basic
7CMG05CY,7CMG05CY,A032,R027,Closed Lost,0.0,2017-10-26,West,MG Special
KDNNV952,KDNNV952,A050,R027,Closed Lost,0.0,2017-10-26,West,MG Special
1UPVYK3H,1UPVYK3H,A015,R007,Closed Won,64.0,2017-10-26,Central,MG Special
MUODVNBC,MUODVNBC,A003,R003,Closed Won,54.0,2017-10-27,Central,MG Special
02G0NJCN,02G0NJCN,A077,R024,Closed Won,68.0,2017-10-26,West,MG Special
76V79SHZ,76V79SHZ,A002,R012,Closed Lost,0.0,2017-10-18,East,GTX Plus Basic
7JMQM7XK,7JMQM7XK,A071,R012,Closed Lost,0.0,2017-10-18,East,MG Special
PIPQZ9SQ,PIPQZ9SQ,A048,R016,Closed Lost,0.0,2017-10-19,East,MG Special
NXHAAD08,NXHAAD08,A042,R033,Closed Won,1129.0,2017-12-10,West,GTX Plus Basic
ABMVTEUH,ABMVTEUH,A071,R019,Closed Lost,0.0,2017-10-19,East,MG Advanced
9Q710H4R,9Q710H4R,A038,R002,Closed Won,1200.0,2017-10-20,Central,GTX Plus Basic
4QU2EXEY,4QU2EXEY,A029,R002,Closed Won,3164.0,2017-12-19,Central,MG Advanced
3MKAQ2YI,3MKAQ2YI,A044,R013,Closed Lost,0.0,2017-10-25,East,GTX Plus Basic
42CA70FG,42CA70FG,A084,R013,Closed Won,3225.0,2017-10-26,East,MG Advanced
R2C8A8SA,R2C8A8SA,A048,R018,Closed Lost,0.0,2017-11-05,East,GTX Plus Basic
PY96Q77S,PY96Q77S,A057,R010,Closed Won,4130.0,2017-10-20,Central,GTX Pro
6QAWMSU2,6QAWMSU2,A007,R020,Closed Lost,0.0,2017-10-24,East,GTX Basic
5B9EIYPP,5B9EIYPP,A020,R020,Closed Lost,0.0,2017-11-29,East,GTX Pro
Z216TKEU,Z216TKEU,A064,R028,Closed Won,47.0,2017-10-20,West,MG Special
9EHFBSBG,9EHFBSBG,A044,R015,Closed Won,4751.0,2017-10-25,East,GTX Plus Pro
6SP45G3T,6SP45G3T,A045,R008,Closed Lost,0.0,2017-10-24,Central,MG Advanced
7U28UXIL,7U28UXIL,A033,R026,Closed Lost,0.0,2017-10-19,West,MG Advanced
V2YD7XYV,V2YD7XYV,A079,R026,Closed Won,51.0,2017-12-20,West,MG Special
1GVU0QTO,1GVU0QTO,A064,R026,Closed Won,3696.0,2017-10-22,West,MG Advanced
QG7RGODO,QG7RGODO,A054,R032,Closed Lost,0.0,2017-10-26,West,GTX Pro
IHBYI8IO,IHBYI8IO,A034,R032,Closed Won,3536.0,2017-10-24,West,MG Advanced
M5NUUVA4,M5NUUVA4,A014,R031,Closed Lost,0.0,2017-11-22,West,GTX Basic
XKYQ16FS,XKYQ16FS,A050,R031,Closed Lost,0.0,2017-11-05,West,MG Special
VVM450RP,VVM450RP,A055,R031,Closed Won,59.0,2017-12-17,West,MG Special
60KWQS2V,60KWQS2V,A025,R004,Closed Won,474.0,2017-10-20,Central,GTX Basic
1RND0S0B,1RND0S0B,A004,R007,Closed Won,43.0,2017-10-30,Central,MG Special
WI0LMD20,WI0LMD20,A036,R007,Closed Won,60.0,2017-12-19,Central,MG Special
4XPRCRX0,4XPRCRX0,A073,R009,Closed Lost,0.0,2017-10-29,Central,GTX Basic
5UEA6KVU,5UEA6KVU,A059,R009,Closed Won,461.0,2017-10-27,Central,GTX Basic
GAUSPPYM,GAUSPPYM,A078,R021,Closed Lost,0.0,2017-12-11,East,GTX Plus Basic
3Y1LN6CQ,3Y1LN6CQ,A027,R021,Closed Won,54.0,2017-10-19,East,MG Special
W7GVI03S,W7GVI03S,A055,R025,Closed Lost,0.0,2017-12-02,West,MG Special
7RFTN4WI,7RFTN4WI,A074,R014,Closed Lost,0.0,2017-10-25,East,GTX Plus Basic
K00YH5XA,K00YH5XA,A037,R014,Closed Lost,0.0,2017-10-28,East,MG Special
ZXIHEEV2,ZXIHEEV2,A017,R024,Closed Lost,0.0,2017-12-31,West,GTX Basic
WPSHVGDZ,WPSHVGDZ,A036,R024,Closed Lost,0.0,2017-10-24,West,MG Advanced
DXAO9R8N,DXAO9R8N,A058,R024,Closed Won,3363.0,2017-10-27,West,MG Advanced
PN0IWJ0N,PN0IWJ0N,A036,R001,Closed Won,1089.0,2017-10-30,Central,GTX Plus Basic
OXKWCAXO,OXKWCAXO,A053,R019,Closed Lost,0.0,2017-10-31,East,GTX Pro
7FVUE0GY,7FVUE0GY,A001,R019,Closed Won,1096.0,2017-10-21,East,GTX Plus Basic
FAIFAGJM,FAIFAGJM,A059,R002,Closed Won,62.0,2017-10-29,Central,MG Special
IKDFG91F,IKDFG91F,A042,R013,Closed Lost,0.0,2017-12-26,East,MG Advanced
BP3I9G0F,BP3I9G0F,A044,R013,Closed Won,1105.0,2017-10-21,East,GTX Plus Basic
0GM4GDFT,0GM4GDFT,A007,R018,Closed Lost,0.0,2017-10-28,East,GTX Pro
5YIWOUOZ,5YIWOUOZ,A005,R018,Closed Won,4353.0,2017-10-24,East,GTX Pro
LM3GZYXD,LM3GZYXD,A023,R010,Closed Lost,0.0,2017-10-28,Central,GTX Pro
UUCSEHJX,UUCSEHJX,A076,R010,Closed Won,6276.0,2017-10-27,Central,GTX Plus Pro
OQQWTFSZ,OQQWTFSZ,A003,R010,Closed Won,4688.0,2017-10-27,Central,GTX Pro
CWVAO587,CWVAO587,A052,R015,Closed Lost,0.0,2017-10-26,East,GTX Basic
YDZZNTEZ,YDZZNTEZ,A053,R015,Closed Won,3422.0,2017-11-01,East,MG Advanced
O1DTVNH2,O1DTVNH2,A036,R008,Closed Lost,0.0,2017-10-20,Central,MG Special
Q6MGPT50,Q6MGPT50,A038,R008,Closed Won,5192.0,2017-12-09,Central,GTX Pro
ENL7MDL2,ENL7MDL2,A036,R026,Closed Won,1226.0,2017-10-28,West,GTX Plus Basic
CLHPJZHP,CLHPJZHP,A041,R026,Closed Won,4552.0,2017-10-25,West,GTX Plus Pro
XO4ZYI3G,XO4ZYI3G,A077,R030,Closed Won,5569.0,2017-10-26,West,GTX Plus Pro
RSBEC5KF,RSBEC5KF,A021,R030,Closed Won,4389.0,2017-10-20,West,GTX Pro
6Z6SRB1Y,6Z6SRB1Y,A036,R006,Closed Lost,0.0,2017-11-01,Central,GTX Plus Pro
FRSYEHJE,FRSYEHJE,A029,R004,Closed Lost,0.0,2017-10-21,Central,MG Advanced
MV4DK68W,MV4DK68W,A059,R004,Closed Won,451.0,2017-10-26,Central,GTX Basic
I15B3BNW,I15B3BNW,A054,R027,Closed Lost,0.0,2017-11-28,West,MG Advanced
1CT3EWJ8,1CT3EWJ8,A032,R027,Closed Won,553.0,2017-10-21,West,GTX Basic
JPBLNA5V,JPBLNA5V,A062,R007,Closed Lost,0.0,2017-10-29,Central,GTX Pro
R6OM4EDE,R6OM4EDE,A006,R034,Closed Won,524.0,2017-11-01,West,GTX Basic
74Y43OFL,74Y43OFL,A056,R021,Closed Lost,0.0,2017-10-21,East,MG Advanced
OIOGIDI2,OIOGIDI2,A059,R003,Closed Lost,0.0,2017-10-31,Central,GTX Plus Basic
SCN3BY47,SCN3BY47,A038,R003,Closed Won,53.0,2017-10-27,Central,MG Special
HFF39KOB,HFF39KOB,A067,R003,Closed Won,2749.0,2017-10-20,Central,MG Advanced
OS59LIZX,OS59LIZX,A041,R024,Closed Lost,0.0,2017-10-26,West,GTX Pro
O3S3SF3W,O3S3SF3W,A058,R024,Closed Lost,0.0,2017-10-21,West,GTX Pro
WA0NRLP7,WA0NRLP7,A034,R024,Closed Won,5368.0,2017-10-20,West,GTX Plus Pro
GHOQQYQM,GHOQQYQM,A042,R016,Closed Won,4734.0,2017-12-25,East,GTX Pro
6OXOIJ4D,6OXOIJ4D,A012,R016,Closed Won,3089.0,2017-12-16,East,MG Advanced
DTFLKV60,DTFLKV60,A019,R001,Closed Lost,0.0,2017-10-21,Central,MG Advanced
RELG4CYQ,RELG4CYQ,A030,R001,Closed Won,54.0,2017-10-30,Central,MG Special
PLV91KH7,PLV91KH7,A063,R019,Closed Won,4345.0,2017-10-27,East,GTX Pro
U289K4V3,U289K4V3,A076,R002,Closed Won,3848.0,2017-10-27,Central,MG Advanced
PDXFX23P,PDXFX23P,A037,R013,Closed Won,4287.0,2017-10-26,East,GTX Pro
LULNYY3C,LULNYY3C,A011,R010,Closed Won,4435.0,2017-10-27,Central,GTX Pro
NJ1YGDZW,NJ1YGDZW,A066,R010,Closed Won,4699.0,2017-10-28,Central,GTX Pro
CZC1J6FQ,CZC1J6FQ,A009,R008,Closed Lost,0.0,2017-10-24,Central,GTX Plus Pro
WSWJJ234,WSWJJ234,A028,R008,Closed Lost,0.0,2017-10-22,Central,MG Special
MDBKYL2Q,MDBKYL2Q,A066,R008,Closed Won,60.0,2017-10-30,Central,MG Special
M9EU34FE,M9EU34FE,A035,R026,Closed Won,6026.0,2017-10-21,West,GTX Plus Pro
HCARIWPE,HCARIWPE,A031,R030,Closed Lost,0.0,2017-10-27,West,GTX Plus Pro
WGJB2VDU,WGJB2VDU,A051,R030,Closed Won,5095.0,2017-12-25,West,GTX Plus Pro
JSLSL3SU,JSLSL3SU,A070,R032,Closed Won,565.0,2017-12-16,West,GTX Basic
N1B45KIT,N1B45KIT,A079,R034,Closed Won,5883.0,2017-12-22,West,GTX Plus Pro
30UA0RS8,30UA0RS8,A025,R009,Closed Won,1135.0,2017-12-12,Central,GTX Plus Basic
R1Z8J1JL,R1Z8J1JL,A044,R021,Closed Won,903.0,2017-12-21,East,GTX Plus Basic
MJODFG6C,MJODFG6C,A033,R024,Closed Lost,0.0,2017-10-27,West,MG Special
6D7N5SQ7,6D7N5SQ7,A047,R024,Closed Lost,0.0,2017-10-28,West,MG Special
DQIKGS2U,DQIKGS2U,A014,R024,Closed Won,48.0,2017-11-03,West,MG Special
EZNAGRVB,EZNAGRVB,A035,R033,Closed Won,5388.0,2017-10-30,West,GTX Plus Pro
C1M1RST0,C1M1RST0,A054,R033,Closed Won,4109.0,2017-10-27,West,GTX Pro
KIZOEC3M,KIZOEC3M,A015,R001,Closed Lost,0.0,2017-10-23,Central,GTX Plus Basic
CO7T7H41,CO7T7H41,A059,R001,Closed Lost,0.0,2017-10-27,Central,MG Special
BMQYRJC7,BMQYRJC7,A011,R001,Closed Won,5543.0,2017-12-16,Central,GTX Plus Pro
6ALPIXB7,6ALPIXB7,A020,R019,Closed Lost,0.0,2017-11-29,East,GTX Plus Basic
5NVTQW38,5NVTQW38,A068,R002,Closed Lost,0.0,2017-10-28,Central,GTX Plus Basic
IOUUN8LM,IOUUN8LM,A028,R002,Closed Lost,0.0,2017-10-27,Central,MG Advanced
3EZLRW47,3EZLRW47,A004,R010,Closed Lost,0.0,2017-10-31,Central,GTX Pro
09AILR04,09AILR04,A067,R010,Closed Won,4732.0,2017-10-29,Central,GTX Pro
KSYI5DDW,KSYI5DDW,A011,R010,Closed Won,55.0,2017-11-07,Central,MG Special
W4R2C7N9,W4R2C7N9,A078,R020,Closed Lost,0.0,2017-10-30,East,GTX Basic
KY1CESUN,KY1CESUN,A071,R020,Closed Lost,0.0,2017-10-29,East,GTX Plus Pro
M4EHG2ZB,M4EHG2ZB,A045,R008,Closed Won,52.0,2017-10-30,Central,MG Special
DLAMSRVT,DLAMSRVT,A028,R006,Closed Lost,0.0,2017-10-22,Central,GTX Basic
PZNZD22T,PZNZD22T,A017,R032,Closed Lost,0.0,2017-12-14,West,GTX Basic
FVCN0HQ9,FVCN0HQ9,A010,R031,Closed Lost,0.0,2017-10-23,West,GTX Basic
A0FVQ8KO,A0FVQ8KO,A046,R031,Closed Won,575.0,2017-10-27,West,GTX Basic
6KGX67OZ,6KGX67OZ,A033,R034,Closed Lost,0.0,2017-10-30,West,GTX Basic
BXXGLPD7,BXXGLPD7,A016,R009,Closed Lost,0.0,2017-11-01,Central,MG Special
MHF6GSB6,MHF6GSB6,A056,R021,Closed Won,3612.0,2017-10-29,East,MG Advanced
TFILI4TE,TFILI4TE,A081,R012,Closed Lost,0.0,2017-10-25,East,MG Special
4P0SDD91,4P0SDD91,A040,R016,Closed Won,4970.0,2017-12-15,East,GTX Pro
ZZ4X9VN3,ZZ4X9VN3,A026,R016,Closed Won,2995.0,2017-10-31,East,MG Advanced
0J3UU8PZ,0J3UU8PZ,A081,R022,Closed Won,546.0,2017-12-30,East,GTX Basic
UYPF6FZ3,UYPF6FZ3,A027,R022,Closed Won,1184.0,2017-12-20,East,GTX Plus Basic
2HKRINHL,2HKRINHL,A056,R019,Closed Won,5500.0,2017-10-24,East,GTX Plus Pro
G5JXIYRO,G5JXIYRO,A016,R002,Closed Won,3616.0,2017-10-24,Central,MG Advanced
4MXSHU7X,4MXSHU7X,A042,R013,Closed Lost,0.0,2017-11-30,East,GTK 500
H4FIU51C,H4FIU51C,A049,R018,Closed Lost,0.0,2017-10-26,East,MG Advanced
CC2ICRAG,CC2ICRAG,A060,R010,Closed Won,1087.0,2017-12-29,Central,GTX Plus Basic
RDC531P5,RDC531P5,A038,R010,Closed Won,3578.0,2017-10-30,Central,GTX Pro
9QX62IL2,9QX62IL2,A024,R028,Closed Won,544.0,2017-10-29,West,GTX Basic
3GRTE6VM,3GRTE6VM,A014,R028,Closed Won,3082.0,2017-10-29,West,MG Advanced
E4BPOOL6,E4BPOOL6,A036,R028,Closed Won,3450.0,2017-10-24,West,MG Advanced
B894QWQM,B894QWQM,A042,R015,Closed Won,5360.0,2017-10-29,East,GTX Pro
U9QMLC5Z,U9QMLC5Z,A010,R030,Closed Won,4991.0,2017-11-01,West,GTX Pro
VCQBM844,VCQBM844,A010,R030,Closed Won,3294.0,2017-10-30,West,MG Advanced
UE66OOQS,UE66OOQS,A013,R006,Closed Lost,0.0,2017-10-30,Central,GTX Plus Basic
W5ABRRKC,W5ABRRKC,A058,R027,Closed Won,981.0,2017-10-31,West,GTX Plus Basic
Y8KI5ANO,Y8KI5ANO,A039,R007,Closed Lost,0.0,2017-11-03,Central,GTX Plus Basic
CTM8WFGW,CTM8WFGW,A068,R007,Closed Won,6233.0,2017-10-23,Central,GTX Plus Pro
RFUJTKVO,RFUJTKVO,A016,R007,Closed Won,55.0,2017-11-28,Central,MG Special
ZMEKFXC5,ZMEKFXC5,A029,R009,Closed Lost,0.0,2017-10-28,Central,MG Special
LO2BMO33,LO2BMO33,A013,R009,Closed Won,6142.0,2017-12-10,Central,GTX Plus Pro
4ETFTKHJ,4ETFTKHJ,A031,R025,Closed Lost,0.0,2017-10-29,West,MG Special
528YB7Q0,528YB7Q0,A074,R014,Closed Lost,0.0,2017-12-06,East,GTX Plus Basic
OFEUX5PI,OFEUX5PI,A035,R024,Closed Won,5190.0,2017-10-28,West,GTX Pro
S3V8Z52J,S3V8Z52J,A037,R019,Closed Lost,0.0,2017-10-25,East,MG Advanced
TTYSSNJH,TTYSSNJH,A027,R019,Closed Won,1027.0,2017-11-01,East,GTX Plus Basic
LROWI84G,LROWI84G,A019,R010,Closed Won,1237.0,2017-10-31,Central,GTX Plus Basic
IQAP70OD,IQAP70OD,A068,R010,Closed Won,965.0,2017-10-29,Central,GTX Plus Basic
JWWVG8KG,JWWVG8KG,A038,R010,Closed Won,5729.0,2017-11-03,Central,GTX Pro
7PEL3AIZ,7PEL3AIZ,A039,R010,Closed Won,5685.0,2017-10-24,Central,GTX Pro
NXQR7LX6,NXQR7LX6,A060,R010,Closed Won,4024.0,2017-10-26,Central,GTX Pro
JL358E5T,JL358E5T,A063,R020,Closed Won,511.0,2017-12-12,East,GTX Basic
DHUG18WU,DHUG18WU,A065,R028,Closed Lost,0.0,2017-10-30,West,GTX Plus Pro
T6ENEYKW,T6ENEYKW,A052,R015,Closed Lost,0.0,2017-11-04,East,GTX Pro
3MGMH9AE,3MGMH9AE,A066,R008,Closed Lost,0.0,2017-10-24,Central,MG Advanced
4Z84VV2P,4Z84VV2P,A079,R031,Closed Won,4382.0,2017-11-05,West,GTX Pro
DMYP7REE,DMYP7REE,A025,R007,Closed Lost,0.0,2017-11-19,Central,GTX Plus Basic
1SKNSG2B,1SKNSG2B,A073,R007,Closed Won,5516.0,2017-10-30,Central,GTX Plus Pro
G6MUC5R6,G6MUC5R6,A023,R003,Closed Lost,0.0,2017-11-06,Central,GTX Plus Pro
6445PW4Z,6445PW4Z,A058,R024,Closed Lost,0.0,2017-10-24,West,GTX Pro
CUJIRCWV,CUJIRCWV,A012,R024,Closed Won,51.0,2017-12-28,West,MG Special
YSFFEUCQ,YSFFEUCQ,A034,R033,Closed Lost,0.0,2017-10-28,West,GTX Plus Basic
OX0NE27G,OX0NE27G,A042,R033,Closed Won,1195.0,2017-10-31,West,GTX Plus Basic
0B09WODM,0B09WODM,A049,R022,Closed Lost,0.0,2017-10-26,East,GTX Plus Basic
FSC4A2HZ,FSC4A2HZ,A063,R019,Closed Lost,0.0,2017-10-25,East,GTX Plus Pro
YT5GLR6D,YT5GLR6D,A043,R019,Closed Won,3588.0,2017-11-02,East,MG Advanced
KOPJOMQE,KOPJOMQE,A048,R018,Closed Lost,0.0,2017-10-29,East,GTX Plus Basic
AS2BKSCT,AS2BKSCT,A011,R010,Closed Lost,0.0,2017-11-08,Central,GTX Plus Basic
S3GVO59B,S3GVO59B,A066,R010,Closed Won,5542.0,2017-12-01,Central,GTX Pro
L8POFR0T,L8POFR0T,A024,R030,Closed Won,3296.0,2017-12-31,West,MG Advanced
RYF41KOV,RYF41KOV,A016,R006,Closed Lost,0.0,2017-10-25,Central,GTX Plus Basic
MV7NPCI9,MV7NPCI9,A003,R006,Closed Won,519.0,2017-10-29,Central,GTX Basic
TSN98FPQ,TSN98FPQ,A003,R006,Closed Won,1243.0,2017-10-25,Central,GTX Plus Basic
SQW60VII,SQW60VII,A021,R032,Closed Lost,0.0,2017-10-26,West,MG Advanced
PGG2DUPO,PGG2DUPO,A059,R004,Closed Won,1133.0,2017-10-31,Central,GTX Plus Basic
85U38YFD,85U38YFD,A036,R007,Closed Lost,0.0,2017-12-24,Central,GTX Basic
M7V7UJHZ,M7V7UJHZ,A028,R007,Closed Lost,0.0,2017-12-29,Central,MG Advanced
S56NVD4M,S56NVD4M,A014,R034,Closed Won,4945.0,2017-11-10,West,GTX Plus Pro
Y34O7SKI,Y34O7SKI,A073,R003,Closed Lost,0.0,2017-10-30,Central,MG Advanced
DSY9VD0O,DSY9VD0O,A010,R024,Closed Won,535.0,2017-10-26,West,GTX Basic
6ZR7IUC4,6ZR7IUC4,A083,R033,Closed Lost,0.0,2017-11-07,West,MG Advanced
8W9YXI59,8W9YXI59,A009,R001,Closed Won,59.0,2017-11-26,Central,MG Special
YEH9VQCD,YEH9VQCD,A012,R018,Closed Won,526.0,2017-10-27,East,GTX Basic
35GT4NM9,35GT4NM9,A001,R020,Closed Won,586.0,2017-11-05,East,GTX Basic
MICIJ00A,MICIJ00A,A062,R008,Closed Lost,0.0,2017-10-27,Central,MG Advanced
D4ABG4I1,D4ABG4I1,A060,R006,Closed Won,4356.0,2017-11-10,Central,GTX Pro
EMK9P63G,EMK9P63G,A012,R027,Closed Won,566.0,2017-10-26,West,GTX Basic
7GWM1WT0,7GWM1WT0,A036,R005,Closed Won,537.0,2017-12-30,Central,GTX Basic
U0XWF9TW,U0XWF9TW,A071,R012,Closed Won,47.0,2017-12-21,East,MG Special
E8L9I3QP,E8L9I3QP,A012,R033,Closed Won,447.0,2017-11-03,West,GTX Basic
63S5SNBC,63S5SNBC,A016,R001,Closed Won,1103.0,2017-10-27,Central,GTX Plus Basic
3PIPAOVU,3PIPAOVU,A023,R001,Closed Won,57.0,2017-12-28,Central,MG Special
UBU4E17W,UBU4E17W,A002,R019,Closed Lost,0.0,2017-11-06,East,GTX Basic
99HAV7SY,99HAV7SY,A036,R002,Closed Lost,0.0,2017-11-24,Central,GTX Plus Pro
UX9D17FS,UX9D17FS,A052,R013,Closed Won,4525.0,2017-11-04,East,GTX Pro
FL804BH8,FL804BH8,A039,R010,Closed Lost,0.0,2017-10-30,Central,GTX Pro
RWR0W3U8,RWR0W3U8,A085,R010,Closed Lost,0.0,2017-10-27,Central,GTX Pro
8UU0I29V,8UU0I29V,A021,R028,Closed Won,504.0,2017-10-28,West,GTX Basic
89A54FHW,89A54FHW,A019,R008,Closed Lost,0.0,2017-10-27,Central,GTX Pro
UGAEAB27,UGAEAB27,A062,R007,Closed Won,4377.0,2017-10-31,Central,GTX Pro
U2JI00ER,U2JI00ER,A003,R007,Closed Won,3353.0,2017-10-27,Central,MG Advanced
56D231XJ,56D231XJ,A042,R034,Closed Lost,0.0,2017-10-31,West,GTX Plus Pro
O2CFE5KX,O2CFE5KX,A021,R034,Closed Won,50.0,2017-11-03,West,MG Special
UCLGT98S,UCLGT98S,A013,R009,Closed Lost,0.0,2017-10-30,Central,GTX Basic
BZG9DI4Z,BZG9DI4Z,A006,R024,Closed Lost,0.0,2017-10-28,West,GTX Basic
E2R39451,E2R39451,A034,R024,Closed Lost,0.0,2017-10-27,West,GTX Basic
KHQR5AKG,KHQR5AKG,A070,R024,Closed Lost,0.0,2017-11-04,West,MG Advanced
NMI79ZYT,NMI79ZYT,A026,R012,Closed Lost,0.0,2017-10-31,East,GTX Basic
RU3HH59R,RU3HH59R,A082,R012,Closed Lost,0.0,2017-10-28,East,GTX Basic
IE1N4OUS,IE1N4OUS,A060,R001,Closed Won,5269.0,2017-12-07,Central,GTX Plus Pro
A5IABHP1,A5IABHP1,A005,R022,Closed Won,5275.0,2017-10-28,East,GTX Pro
FOFS0O2G,FOFS0O2G,A078,R019,Closed Lost,0.0,2017-10-29,East,GTX Plus Pro
66BQC4C9,66BQC4C9,A013,R002,Closed Lost,0.0,2017-11-07,Central,MG Advanced
GXQJVJQT,GXQJVJQT,A049,R013,Closed Won,601.0,2017-10-29,East,GTX Basic
PP4ZY6TZ,PP4ZY6TZ,A073,R010,Closed Lost,0.0,2017-11-10,Central,GTK 500
7TOPAQ9Y,7TOPAQ9Y,A023,R010,Closed Won,53.0,2017-12-29,Central,MG Special
7NJS374V,7NJS374V,A034,R028,Closed Won,46.0,2017-11-10,West,MG Special
KKO2EFHS,KKO2EFHS,A035,R030,Closed Lost,0.0,2017-10-29,West,GTX Pro
PJJMVZAL,PJJMVZAL,A073,R006,Closed Won,538.0,2017-10-29,Central,GTX Basic
MFYR7SSG,MFYR7SSG,A054,R032,Closed Won,53.0,2017-12-15,West,MG Special
F2F1LPTA,F2F1LPTA,A019,R004,Closed Won,3296.0,2017-11-03,Central,MG Advanced
QVP4LFVD,QVP4LFVD,A017,R027,Closed Lost,0.0,2017-10-28,West,GTX Basic
7FZMWZJT,7FZMWZJT,A039,R007,Closed Won,3561.0,2017-11-07,Central,MG Advanced
8THGVJ52,8THGVJ52,A064,R034,Closed Won,5655.0,2017-11-06,West,GTX Plus Pro
M827K2PI,M827K2PI,A016,R005,Closed Won,656.0,2017-12-14,Central,GTX Basic
4ETZYSN3,4ETZYSN3,A018,R021,Closed Won,3258.0,2017-11-05,East,MG Advanced
SZDGWQLT,SZDGWQLT,A032,R025,Closed Won,577.0,2017-11-12,West,GTX Basic
YM5F751C,YM5F751C,A067,R003,Closed Won,50.0,2017-10-28,Central,MG Special
G7U0HP7Q,G7U0HP7Q,A047,R024,Closed Lost,0.0,2017-10-29,West,GTX Basic
FRNGLIYS,FRNGLIYS,A015,R001,Closed Won,66.0,2017-10-29,Central,MG Special
OY08XJ2E,OY08XJ2E,A027,R013,Closed Won,1079.0,2017-11-12,East,GTX Plus Basic
ZSZFPCYS,ZSZFPCYS,A013,R010,Closed Lost,0.0,2017-10-29,Central,MG Advanced
BXCEXXP4,BXCEXXP4,A018,R020,Closed Lost,0.0,2017-11-03,East,MG Advanced
H3K2E35I,H3K2E35I,A010,R028,Closed Won,27971.0,2017-10-29,West,GTK 500
LB6S2ONR,LB6S2ONR,A079,R027,Closed Won,598.0,2017-11-11,West,GTX Basic
6BRNE2DV,6BRNE2DV,A067,R003,Closed Lost,0.0,2017-10-29,Central,MG Special
ST4H8MB7,ST4H8MB7,A041,R024,Closed Lost,0.0,2017-10-29,West,GTX Pro
VMGCRSWP,VMGCRSWP,A007,R012,Closed Won,61.0,2017-11-14,East,MG Special
4HJIT2B6,4HJIT2B6,A058,R033,Closed Lost,0.0,2017-11-07,West,GTX Basic
DJY7S9AI,DJY7S9AI,A055,R033,Closed Won,3082.0,2017-11-12,West,MG Advanced
X6MHLE33,X6MHLE33,A027,R019,Closed Lost,0.0,2017-11-12,East,GTX Basic
TLAWJR5V,TLAWJR5V,A052,R013,Closed Won,5646.0,2017-11-11,East,GTX Plus Pro
SQ63LXS8,SQ63LXS8,A011,R010,Closed Lost,0.0,2017-11-04,Central,MG Advanced
L3PLDC1Y,L3PLDC1Y,A011,R010,Closed Won,4733.0,2017-10-30,Central,GTX Pro
HMG6NWSR,HMG6NWSR,A009,R008,Closed Won,2931.0,2017-12-30,Central,MG Advanced
KNH4ZX85,KNH4ZX85,A004,R006,Closed Won,62.0,2017-10-31,Central,MG Special
FV7Y3ZPO,FV7Y3ZPO,A044,R014,Closed Lost,0.0,2017-11-03,East,MG Advanced
DDQ0MDYY,DDQ0MDYY,A033,R033,Closed Won,4178.0,2017-10-31,West,GTX Pro
HFER9GET,HFER9GET,A043,R019,Closed Won,5239.0,2017-11-04,East,GTX Pro
005JS57S,005JS57S,A073,R008,Closed Won,539.0,2017-11-11,Central,GTX Basic
TWDNQ9TX,TWDNQ9TX,A057,R006,Closed Won,973.0,2017-10-31,Central,GTX Plus Basic
G289FPBV,G289FPBV,A067,R004,Closed Lost,0.0,2017-10-31,Central,MG Special
G9H0MWBL,G9H0MWBL,A026,R021,Closed Lost,0.0,2017-10-31,East,GTX Plus Pro
P2YWZPES,P2YWZPES,A044,R024,Closed Won,622.0,2017-11-04,West,GTX Basic
NPGETEDZ,NPGETEDZ,A070,R033,Closed Lost,0.0,2017-11-15,West,GTX Plus Basic
J5I6Y4RN,J5I6Y4RN,A039,R001,Closed Lost,0.0,2017-11-10,Central,MG Special
XRMOUF1R,XRMOUF1R,A012,R022,Closed Won,4172.0,2017-11-07,East,MG Advanced
TL0UILCV,TL0UILCV,A074,R019,Closed Won,4529.0,2017-11-14,East,GTX Pro
FAS4V07H,FAS4V07H,A044,R019,Closed Won,2695.0,2017-12-10,East,MG Advanced
3Z9AX43T,3Z9AX43T,A009,R010,Closed Lost,0.0,2017-12-22,Central,GTX Pro
5JO7SIGB,5JO7SIGB,A013,R010,Closed Lost,0.0,2017-11-10,Central,GTX Pro
8MQPNCCU,8MQPNCCU,A026,R020,Closed Won,486.0,2017-11-09,East,GTX Basic
2DT70XCQ,2DT70XCQ,A056,R020,Closed Won,450.0,2017-11-08,East,GTX Basic
HYBR36NG,HYBR36NG,A024,R028,Closed Lost,0.0,2017-11-09,West,MG Special
WXOL5HTS,WXOL5HTS,A052,R015,Closed Won,6818.0,2017-11-08,East,GTX Plus Pro
F15SU034,F15SU034,A012,R008,Closed Won,3298.0,2017-12-21,Central,MG Advanced
KLBW3TOH,KLBW3TOH,A032,R032,Closed Won,5512.0,2017-11-09,West,GTX Plus Pro
ESNS1OS9,ESNS1OS9,A042,R032,Closed Won,4742.0,2017-11-07,West,GTX Plus Pro
HDUZC4G9,HDUZC4G9,A079,R031,Closed Won,653.0,2017-11-02,West,GTX Basic
1629C4UW,1629C4UW,A013,R004,Closed Lost,0.0,2017-11-10,Central,GTX Plus Basic
0OXJ2HOP,0OXJ2HOP,A014,R027,Closed Won,4058.0,2017-11-11,West,MG Advanced
RCGBY4IA,RCGBY4IA,A012,R021,Closed Won,553.0,2017-11-01,East,GTX Basic
8R0HTKUK,8R0HTKUK,A078,R014,Closed Lost,0.0,2017-11-07,East,GTX Plus Pro
W2ZRP2EC,W2ZRP2EC,A042,R024,Closed Lost,0.0,2017-11-03,West,MG Special
AEH9XJ3T,AEH9XJ3T,A042,R019,Closed Lost,0.0,2017-11-13,East,GTX Plus Basic
X3DSI0TQ,X3DSI0TQ,A029,R002,Closed Lost,0.0,2017-11-15,Central,GTX Plus Pro
MG3X7625,MG3X7625,A039,R002,Closed Won,5504.0,2017-12-22,Central,GTX Plus Pro
8JR8LXEU,8JR8LXEU,A003,R008,Closed Won,53.0,2017-11-05,Central,MG Special
KMRR1P94,KMRR1P94,A073,R006,Closed Lost,0.0,2017-11-17,Central,GTX Basic
JRCD2VQY,JRCD2VQY,A021,R032,Closed Won,3064.0,2017-11-06,West,MG Advanced
FXKBY5FR,FXKBY5FR,A058,R034,Closed Won,2866.0,2017-11-14,West,MG Advanced
8415S7ZV,8415S7ZV,A032,R024,Closed Lost,0.0,2017-11-06,West,GTX Basic
UZ83LE9X,UZ83LE9X,A077,R024,Closed Lost,0.0,2017-11-10,West,GTX Plus Pro
GIDII30C,GIDII30C,A047,R024,Closed Won,960.0,2017-11-10,West,GTX Plus Basic
IVVBVNDH,IVVBVNDH,A050,R024,Closed Won,55.0,2017-11-02,West,MG Special
FBKK68G6,FBKK68G6,A018,R022,Closed Won,4155.0,2017-11-07,East,GTX Pro
SSSTYFDY,SSSTYFDY,A012,R018,Closed Lost,0.0,2017-11-05,East,GTX Plus Basic
VSMB0KJW,VSMB0KJW,A008,R020,Closed Won,532.0,2017-11-28,East,GTX Basic
UVS5WJRG,UVS5WJRG,A009,R006,Closed Won,479.0,2017-11-03,Central,GTX Basic
MOBO9N8H,MOBO9N8H,A077,R032,Closed Lost,0.0,2017-11-07,West,GTX Basic
5HHFR0VZ,5HHFR0VZ,A077,R027,Closed Won,4521.0,2017-11-29,West,GTX Pro
0DYZ71WX,0DYZ71WX,A026,R021,Closed Won,585.0,2017-11-16,East,GTX Basic
Q1Q3D9BZ,Q1Q3D9BZ,A070,R024,Closed Lost,0.0,2017-11-07,West,GTX Basic
9KV5GM4U,9KV5GM4U,A065,R024,Closed Won,430.0,2017-11-06,West,GTX Basic
6X24V0NC,6X24V0NC,A011,R010,Closed Lost,0.0,2017-11-09,Central,GTX Pro
IIZV9WFC,IIZV9WFC,A028,R006,Closed Won,577.0,2017-12-02,Central,GTX Basic
WTZ2AHNW,WTZ2AHNW,A073,R007,Closed Won,4591.0,2017-12-18,Central,GTX Pro
RQ5FNR4O,RQ5FNR4O,A034,R034,Closed Won,662.0,2017-11-18,West,GTX Basic
9BZBU2GY,9BZBU2GY,A055,R034,Closed Won,5091.0,2017-12-31,West,GTX Plus Pro
1FMCUSFS,1FMCUSFS,A056,R022,Closed Won,5737.0,2017-12-08,East,GTX Plus Pro
ZQSSHSL7,ZQSSHSL7,A018,R019,Closed Won,583.0,2017-11-06,East,GTX Basic
SWYO7V7O,SWYO7V7O,A036,R010,Closed Lost,0.0,2017-11-08,Central,GTX Pro
62UFJ4IQ,62UFJ4IQ,A070,R030,Closed Won,5031.0,2017-11-10,West,GTX Plus Pro
ZO4FDMPS,ZO4FDMPS,A057,R007,Closed Lost,0.0,2017-11-05,Central,GTX Pro
D9LUG4D8,D9LUG4D8,A056,R021,Closed Won,4237.0,2017-11-21,East,GTX Pro
M23VU0A9,M23VU0A9,A044,R014,Closed Lost,0.0,2017-11-14,East,GTX Plus Pro
YAVTI45C,YAVTI45C,A021,R033,Closed Won,481.0,2017-12-12,West,GTX Basic
XZUEXEUH,XZUEXEUH,A003,R001,Closed Won,480.0,2017-11-09,Central,GTX Basic
6Z3EP424,6Z3EP424,A050,R028,Closed Won,51.0,2017-11-16,West,MG Special
VPIXVUUE,VPIXVUUE,A009,R008,Closed Lost,0.0,2017-11-16,Central,GTX Basic
F98UFHM2,F98UFHM2,A030,R008,Closed Won,52.0,2017-12-31,Central,MG Special
JB7JEEI5,JB7JEEI5,A070,R030,Closed Won,1218.0,2017-11-22,West,GTX Plus Basic
FQP39JQV,FQP39JQV,A055,R031,Closed Won,5681.0,2017-11-12,West,GTX Plus Pro
PWW6TH3V,PWW6TH3V,A019,R007,Closed Lost,0.0,2017-11-17,Central,MG Advanced
KXEZ5B3Q,KXEZ5B3Q,A048,R021,Closed Lost,0.0,2017-11-17,East,MG Special
3UA6O3NG,3UA6O3NG,A044,R021,Closed Won,6767.0,2017-11-07,East,GTX Plus Pro
3ML02CAH,3ML02CAH,A009,R003,Closed Won,61.0,2017-11-11,Central,MG Special
T7AHYN7O,T7AHYN7O,A053,R012,Closed Lost,0.0,2017-11-21,East,MG Special
9BMWYLQV,9BMWYLQV,A061,R033,Closed Won,62.0,2017-11-17,West,MG Special
76ZQP7QY,76ZQP7QY,A003,R010,Closed Lost,0.0,2017-11-07,Central,GTX Pro
DP7QR35U,DP7QR35U,A022,R028,Closed Lost,0.0,2017-11-07,West,GTX Plus Basic
VAD1MF34,VAD1MF34,A045,R008,Closed Won,48.0,2017-12-19,Central,MG Special
6AA52750,6AA52750,A025,R009,Closed Lost,0.0,2017-11-13,Central,GTX Pro
WOD9UKMP,WOD9UKMP,A066,R002,Closed Won,1059.0,2017-11-18,Central,GTX Plus Basic
T482GHJQ,T482GHJQ,A045,R010,Closed Won,5031.0,2017-12-20,Central,GTX Pro
JFIL5JU0,JFIL5JU0,A015,R004,Closed Won,557.0,2017-12-22,Central,GTX Basic
3GVL1I1G,3GVL1I1G,A007,R014,Closed Won,3426.0,2017-11-14,East,MG Advanced
72C58IRY,72C58IRY,A025,R002,Closed Won,2968.0,2017-11-26,Central,MG Advanced
MMIYELAE,MMIYELAE,A028,R008,Closed Won,1071.0,2017-11-19,Central,GTX Plus Basic
GS9UKUGV,GS9UKUGV,A073,R006,Closed Lost,0.0,2017-11-16,Central,GTX Pro
X9MTGVJZ,X9MTGVJZ,A070,R032,Closed Lost,0.0,2017-11-26,West,GTX Plus Pro
N22XN5IM,N22XN5IM,A055,R032,Closed Won,1082.0,2017-12-04,West,GTX Plus Basic
OTQTFK48,OTQTFK48,A054,R031,Closed Won,1203.0,2017-11-11,West,GTX Plus Basic
URN9V0FK,URN9V0FK,A045,R004,Closed Lost,0.0,2017-12-30,Central,MG Special
K6TJSGUB,K6TJSGUB,A076,R007,Closed Won,985.0,2017-11-17,Central,GTX Plus Basic
CSXOYE1C,CSXOYE1C,A062,R009,Closed Won,1133.0,2017-11-20,Central,GTX Plus Basic
4ATO2S4S,4ATO2S4S,A008,R012,Closed Won,56.0,2017-12-27,East,MG Special
J0X7ZNDX,J0X7ZNDX,A082,R020,Closed Lost,0.0,2017-11-13,East,GTX Basic
GCCBRJF8,GCCBRJF8,A069,R015,Closed Won,4884.0,2017-11-27,East,GTX Plus Pro
G7ZZG9DI,G7ZZG9DI,A042,R030,Closed Won,443.0,2017-11-22,West,GTX Basic
TY9RBWLT,TY9RBWLT,A032,R032,Closed Won,562.0,2017-11-23,West,GTX Basic
NNREN4Q5,NNREN4Q5,A034,R032,Closed Won,437.0,2017-11-21,West,GTX Basic
T0H5HATU,T0H5HATU,A058,R031,Closed Lost,0.0,2017-11-23,West,MG Advanced
49TIKZ5B,49TIKZ5B,A042,R031,Closed Won,606.0,2017-11-14,West,GTX Basic
ZM1HKZRS,ZM1HKZRS,A065,R027,Closed Won,56.0,2017-12-10,West,MG Special
2FGV5XNE,2FGV5XNE,A070,R034,Closed Lost,0.0,2017-11-27,West,MG Advanced
04G3DK6T,04G3DK6T,A076,R005,Closed Won,54.0,2017-11-21,Central,MG Special
QSCVBJNJ,QSCVBJNJ,A001,R016,Closed Lost,0.0,2017-11-23,East,GTX Pro
C3KQJVDU,C3KQJVDU,A001,R013,Closed Won,577.0,2017-11-18,East,GTX Basic
NZIJ3KKG,NZIJ3KKG,A048,R018,Closed Lost,0.0,2017-11-16,East,GTX Plus Basic
F46Q34LY,F46Q34LY,A059,R010,Closed Won,4480.0,2017-11-20,Central,GTX Pro
5C13TAA8,5C13TAA8,A047,R031,Closed Won,6299.0,2017-12-22,West,GTX Plus Pro
BFB6C54U,BFB6C54U,A012,R031,Closed Won,4673.0,2017-12-01,West,GTX Pro
ZSYWCL6R,ZSYWCL6R,A077,R027,Closed Lost,0.0,2017-11-26,West,GTK 500
VNJQD4Z7,VNJQD4Z7,A081,R021,Closed Won,4659.0,2017-12-29,East,GTX Plus Pro
50OYB2YN,50OYB2YN,A043,R013,Closed Won,1180.0,2017-11-20,East,GTX Plus Basic
C8BIQFEN,C8BIQFEN,A003,R010,Closed Lost,0.0,2017-11-14,Central,GTX Plus Pro
0TEEJ0WD,0TEEJ0WD,A053,R020,Closed Lost,0.0,2017-11-18,East,GTX Plus Basic
T2G750N6,T2G750N6,A073,R006,Closed Won,57.0,2017-12-04,Central,MG Special
6BCEXGTX,6BCEXGTX,A072,R007,Closed Lost,0.0,2017-11-22,Central,GTX Plus Pro
6ZFEAR57,6ZFEAR57,A028,R009,Closed Lost,0.0,2017-11-22,Central,GTX Plus Basic
Y1JFDUVB,Y1JFDUVB,A011,R003,Closed Won,48.0,2017-12-20,Central,MG Special
7FCXBW1M,7FCXBW1M,A005,R012,Closed Won,51.0,2017-11-13,East,MG Special
83Y5850C,83Y5850C,A038,R001,Closed Lost,0.0,2017-11-25,Central,MG Special
V1458D23,V1458D23,A074,R013,Closed Won,1138.0,2017-11-13,East,GTX Plus Basic
LJEAX51Q,LJEAX51Q,A068,R010,Closed Won,49.0,2017-12-21,Central,MG Special
LDDQ5PN2,LDDQ5PN2,A069,R015,Closed Lost,0.0,2017-11-21,East,MG Advanced
WPJ0AS7T,WPJ0AS7T,A028,R008,Closed Won,650.0,2017-12-28,Central,GTX Basic
4J8IA9GL,4J8IA9GL,A047,R031,Closed Won,470.0,2017-12-29,West,GTX Basic
76RZPT87,76RZPT87,A039,R004,Closed Won,567.0,2017-12-31,Central,GTX Basic
9E3UNPHY,9E3UNPHY,A051,R027,Closed Won,3836.0,2017-12-25,West,MG Advanced
CQ8UELF8,CQ8UELF8,A057,R007,Closed Won,5916.0,2017-11-14,Central,GTX Plus Pro
4E5E9MYV,4E5E9MYV,A010,R034,Closed Won,938.0,2017-11-22,West,GTX Plus Basic
24BCH90I,24BCH90I,A042,R034,Closed Won,1124.0,2017-11-15,West,GTX Plus Basic
LWVZKYI0,LWVZKYI0,A030,R003,Closed Won,61.0,2017-12-01,Central,MG Special
1W2EEX4L,1W2EEX4L,A022,R024,Closed Lost,0.0,2017-12-24,West,MG Special
8977L373,8977L373,A049,R016,Closed Won,4011.0,2017-11-19,East,MG Advanced
66LD5EF0,66LD5EF0,A035,R033,Closed Lost,0.0,2017-11-15,West,GTX Plus Basic
50JIFEWD,50JIFEWD,A055,R033,Closed Won,5144.0,2017-11-17,West,GTX Pro
MTZQ55RH,MTZQ55RH,A084,R022,Closed Won,493.0,2017-11-24,East,GTX Basic
1V3O11ZD,1V3O11ZD,A043,R019,Closed Lost,0.0,2017-11-23,East,GTX Basic
AIBZQM42,AIBZQM42,A043,R018,Closed Won,1224.0,2017-11-20,East,GTX Plus Basic
IZ5MV9YF,IZ5MV9YF,A039,R006,Closed Lost,0.0,2017-11-21,Central,GTX Basic
OHJX1K09,OHJX1K09,A044,R032,Closed Lost,0.0,2017-11-14,West,GTX Basic
I33TECO1,I33TECO1,A036,R032,Closed Lost,0.0,2017-11-30,West,GTX Pro
MT45X396,MT45X396,A068,R004,Closed Lost,0.0,2017-11-19,Central,GTX Basic
V8ELYA6F,V8ELYA6F,A073,R001,Closed Won,5276.0,2017-11-15,Central,GTX Plus Pro
K98JFWRC,K98JFWRC,A005,R015,Closed Lost,0.0,2017-11-28,East,GTX Plus Pro
H6Q0LXVH,H6Q0LXVH,A045,R008,Closed Lost,0.0,2017-11-20,Central,GTX Plus Basic
2BH5Q718,2BH5Q718,A061,R026,Closed Lost,0.0,2017-11-23,West,MG Advanced
CSJKVMR9,CSJKVMR9,A079,R030,Closed Lost,0.0,2017-11-16,West,GTX Basic
N3YVDYY2,N3YVDYY2,A059,R007,Closed Won,947.0,2017-11-23,Central,GTX Plus Basic
LRP5IXX5,LRP5IXX5,A044,R021,Closed Lost,0.0,2017-11-23,East,GTX Plus Pro
SH1NTXPV,SH1NTXPV,A043,R012,Closed Won,3342.0,2017-11-29,East,MG Advanced
MKAKCFBQ,MKAKCFBQ,A026,R022,Closed Won,5610.0,2017-12-30,East,GTX Plus Pro
9YH8LS5H,9YH8LS5H,A012,R019,Closed Lost,0.0,2017-12-15,East,MG Advanced
RO8TURF5,RO8TURF5,A018,R019,Closed Won,557.0,2017-11-30,East,GTX Basic
EW5ASXX4,EW5ASXX4,A076,R010,Closed Lost,0.0,2017-11-20,Central,GTX Pro
MDLJKQ5B,MDLJKQ5B,A015,R010,Closed Won,5600.0,2017-11-30,Central,GTX Pro
7OIR36P2,7OIR36P2,A001,R020,Closed Won,4980.0,2017-12-27,East,GTX Pro
GQ13O0AQ,GQ13O0AQ,A042,R032,Closed Lost,0.0,2017-11-22,West,GTX Pro
S9DDUFGP,S9DDUFGP,A044,R031,Closed Lost,0.0,2017-11-28,West,GTX Basic
B5OXRZTT,B5OXRZTT,A042,R033,Closed Won,530.0,2017-11-25,West,GTX Basic
FX1RWO67,FX1RWO67,A036,R001,Closed Won,3300.0,2017-12-31,Central,MG Advanced
2AGA3ALY,2AGA3ALY,A044,R026,Closed Won,3664.0,2017-11-20,West,MG Advanced
P8ZOY6HA,P8ZOY6HA,A044,R030,Closed Lost,0.0,2017-11-20,West,GTX Plus Pro
PBGAZKMQ,PBGAZKMQ,A066,R006,Closed Won,575.0,2017-11-22,Central,GTX Basic
86MJT5KR,86MJT5KR,A006,R027,Closed Lost,0.0,2017-11-23,West,MG Special
20NZO7TT,20NZO7TT,A041,R034,Closed Won,3271.0,2017-12-01,West,MG Advanced
6FR9YZH2,6FR9YZH2,A004,R005,Closed Lost,0.0,2017-11-17,Central,GTX Plus Pro
LCZGL74L,LCZGL74L,A009,R009,Closed Lost,0.0,2017-11-26,Central,GTX Plus Basic
6NWIZG2N,6NWIZG2N,A049,R021,Closed Won,1035.0,2017-11-24,East,GTX Plus Basic
IS2HLCEO,IS2HLCEO,A056,R022,Closed Lost,0.0,2017-12-04,East,MG Special
90D20NZU,90D20NZU,A038,R010,Closed Won,4880.0,2017-11-24,Central,GTX Plus Pro
P214KAH8,P214KAH8,A080,R020,Closed Won,3644.0,2017-11-29,East,MG Advanced
HEMKK91Z,HEMKK91Z,A055,R028,Closed Won,3538.0,2017-12-13,West,MG Advanced
R2JKKVOO,R2JKKVOO,A010,R032,Closed Lost,0.0,2017-11-27,West,GTX Plus Basic
6LS93NXH,6LS93NXH,A032,R031,Closed Lost,0.0,2017-11-27,West,GTX Basic
BI36TLO5,BI36TLO5,A008,R021,Closed Won,4154.0,2017-12-06,East,GTX Pro
TYQFCQBN,TYQFCQBN,A020,R014,Closed Won,4620.0,2017-11-26,East,GTX Pro
DH4WEPQ5,DH4WEPQ5,A016,R003,Closed Won,5653.0,2017-11-18,Central,GTX Plus Pro
NJAOJJY9,NJAOJJY9,A005,R012,Closed Lost,0.0,2017-11-25,East,MG Special
VM6SAQYT,VM6SAQYT,A018,R012,Closed Won,65.0,2017-11-26,East,MG Special
E2LVAU2T,E2LVAU2T,A051,R033,Closed Won,497.0,2017-12-05,West,GTX Basic
CNAOGH7N,CNAOGH7N,A069,R022,Closed Won,4645.0,2017-12-07,East,GTX Pro
0ONK3WET,0ONK3WET,A048,R019,Closed Won,4243.0,2017-11-21,East,GTX Pro
9Y43IDMY,9Y43IDMY,A053,R018,Closed Lost,0.0,2017-12-06,East,GTX Plus Basic
UIE5G6GW,UIE5G6GW,A009,R010,Closed Won,4617.0,2017-11-29,Central,GTX Pro
GB6C2UK5,GB6C2UK5,A077,R028,Closed Won,29220.0,2017-12-04,West,GTK 500
5S2JLJGL,5S2JLJGL,A025,R006,Closed Lost,0.0,2017-11-30,Central,GTX Plus Basic
820NH7ZA,820NH7ZA,A044,R032,Closed Won,643.0,2017-12-04,West,GTX Basic
PIPYDN8Y,PIPYDN8Y,A061,R031,Closed Lost,0.0,2017-11-21,West,GTX Basic
E3LNNM8H,E3LNNM8H,A006,R034,Closed Lost,0.0,2017-12-05,West,GTX Plus Pro
UHYI2QB2,UHYI2QB2,A025,R005,Closed Lost,0.0,2017-11-28,Central,MG Special
5SJP2J1J,5SJP2J1J,A049,R022,Closed Won,886.0,2017-11-20,East,GTX Plus Basic
R5V9DX5U,R5V9DX5U,A057,R002,Closed Won,3206.0,2017-11-28,Central,MG Advanced
PGCWLU4L,PGCWLU4L,A027,R018,Closed Won,678.0,2017-11-20,East,GTX Basic
RVI6ARFW,RVI6ARFW,A025,R010,Closed Won,549.0,2017-11-20,Central,GTX Basic
QVWPMJ8R,QVWPMJ8R,A042,R020,Closed Won,6540.0,2017-11-28,East,GTX Plus Pro
7M7UED1P,7M7UED1P,A072,R006,Closed Lost,0.0,2017-11-21,Central,GTX Basic
JW51LS6C,JW51LS6C,A047,R034,Closed Lost,0.0,2017-12-04,West,MG Advanced
KU4GX1KD,KU4GX1KD,A039,R009,Closed Won,662.0,2017-11-28,Central,GTX Basic
GSE8QWMU,GSE8QWMU,A024,R024,Closed Won,4540.0,2017-11-24,West,GTX Pro
6MTK51P5,6MTK51P5,A060,R001,Closed Won,52.0,2017-11-29,Central,MG Special
QA2XTMMZ,QA2XTMMZ,A080,R013,Closed Lost,0.0,2017-11-27,East,GTX Pro
T58EDFV0,T58EDFV0,A032,R032,Closed Won,504.0,2017-12-08,West,GTX Basic
C09PGOZG,C09PGOZG,A042,R031,Closed Won,589.0,2017-12-04,West,GTX Basic
IG9RPWOZ,IG9RPWOZ,A066,R005,Closed Won,5756.0,2017-12-09,Central,GTX Plus Pro
3GFZ7SN4,3GFZ7SN4,A068,R005,Closed Won,3161.0,2017-11-23,Central,MG Advanced
DC1E84LC,DC1E84LC,A074,R016,Closed Won,5209.0,2017-12-08,East,GTX Plus Pro
F0XGEQOE,F0XGEQOE,A042,R019,Closed Lost,0.0,2017-11-25,East,MG Advanced
EQIV6PMF,EQIV6PMF,A015,R002,Closed Won,58.0,2017-12-08,Central,MG Special
SK3A12HI,SK3A12HI,A048,R013,Closed Won,57.0,2017-12-21,East,MG Special
F28BOUE5,F28BOUE5,A008,R020,Closed Won,5466.0,2017-12-10,East,GTX Pro
Z7JCS0ZW,Z7JCS0ZW,A016,R008,Closed Lost,0.0,2017-11-24,Central,GTX Plus Pro
9E3H6ONP,9E3H6ONP,A047,R030,Closed Won,6932.0,2017-11-25,West,GTX Plus Pro
FVTCAFCL,FVTCAFCL,A051,R031,Closed Won,597.0,2017-12-22,West,GTX Basic
9TTQYYIW,9TTQYYIW,A033,R027,Closed Lost,0.0,2017-11-27,West,MG Advanced
33JYWJ1X,33JYWJ1X,A010,R034,Closed Won,619.0,2017-12-29,West,GTX Basic
L11T0DYF,L11T0DYF,A022,R024,Closed Won,2590.0,2017-12-01,West,MG Advanced
QJZVB9ZG,QJZVB9ZG,A069,R016,Closed Lost,0.0,2017-11-26,East,GTX Pro
WAEWV7YD,WAEWV7YD,A080,R019,Closed Won,609.0,2017-12-07,East,GTX Basic
3RJPZ634,3RJPZ634,A044,R013,Closed Won,4492.0,2017-12-06,East,GTX Pro
FZH6NJAQ,FZH6NJAQ,A058,R034,Closed Lost,0.0,2017-11-27,West,GTX Plus Basic
4MPM6ZPU,4MPM6ZPU,A080,R021,Closed Lost,0.0,2017-12-06,East,GTX Pro
U0XDMZK8,U0XDMZK8,A042,R012,Closed Won,47.0,2017-12-05,East,MG Special
BF9D3HVC,BF9D3HVC,A018,R013,Closed Lost,0.0,2017-12-02,East,GTX Basic
6AT4VS58,6AT4VS58,A065,R031,Closed Won,484.0,2017-12-08,West,GTX Basic
S5FBJ31P,S5FBJ31P,A059,R007,Closed Lost,0.0,2017-11-25,Central,MG Advanced
62JLAD45,62JLAD45,A072,R009,Closed Lost,0.0,2017-11-28,Central,MG Special
Z7GJE1K0,Z7GJE1K0,A014,R025,Closed Won,49.0,2017-12-07,West,MG Special
N6ZLW0OG,N6ZLW0OG,A026,R019,Closed Won,927.0,2017-12-05,East,GTX Plus Basic
IJ2CLOLZ,IJ2CLOLZ,A001,R018,Closed Won,4445.0,2017-12-09,East,GTX Pro
K4N74V6U,K4N74V6U,A011,R010,Closed Won,5110.0,2017-12-04,Central,GTX Pro
H7GFLCDH,H7GFLCDH,A006,R028,Closed Won,62.0,2017-12-18,West,MG Special
0QMOIDET,0QMOIDET,A044,R030,Closed Won,1049.0,2017-12-11,West,GTX Plus Basic
33JWQH71,33JWQH71,A046,R032,Closed Won,885.0,2017-12-05,West,GTX Plus Basic
Z9WFXNX3,Z9WFXNX3,A031,R027,Closed Lost,0.0,2017-11-29,West,MG Advanced
7ACIXBSY,7ACIXBSY,A027,R012,Closed Won,3612.0,2017-12-05,East,MG Advanced
MEIBOSW7,MEIBOSW7,A082,R016,Closed Won,5106.0,2017-11-29,East,GTX Pro
NBUHFAKW,NBUHFAKW,A028,R001,Closed Won,2477.0,2017-12-28,Central,MG Advanced
PJ3NGI1Y,PJ3NGI1Y,A018,R019,Closed Lost,0.0,2017-12-10,East,MG Special
RDZ2FC3A,RDZ2FC3A,A076,R010,Closed Won,537.0,2017-12-11,Central,GTX Basic
R7GYOI0M,R7GYOI0M,A035,R030,Closed Won,5547.0,2017-12-10,West,GTX Plus Pro
Z1IF1M5M,Z1IF1M5M,A045,R005,Closed Won,1001.0,2017-11-29,Central,GTX Plus Basic
B133ECHC,B133ECHC,A042,R024,Closed Lost,0.0,2017-12-05,West,GTX Plus Pro
P55UV5QW,P55UV5QW,A080,R012,Closed Lost,0.0,2017-11-29,East,GTX Plus Basic
H0HDYIYJ,H0HDYIYJ,A074,R016,Closed Won,5077.0,2017-11-29,East,GTX Pro
EBMBP7JQ,EBMBP7JQ,A015,R001,Closed Won,3844.0,2017-12-07,Central,MG Advanced
MAUIC3DD,MAUIC3DD,A069,R013,Closed Lost,0.0,2017-12-10,East,GTX Plus Pro
20048JO2,20048JO2,A053,R013,Closed Won,1204.0,2017-12-14,East,GTX Plus Basic
U071YJYI,U071YJYI,A039,R010,Closed Lost,0.0,2017-12-11,Central,MG Advanced
Y3EVBV53,Y3EVBV53,A066,R008,Closed Won,562.0,2017-12-07,Central,GTX Basic
JE63NRUA,JE63NRUA,A022,R032,Closed Lost,0.0,2017-12-25,West,GTX Plus Basic
YA8CL4UM,YA8CL4UM,A070,R032,Closed Won,460.0,2017-12-01,West,GTX Basic
43WRAJ1I,43WRAJ1I,A060,R003,Closed Won,66.0,2017-12-11,Central,MG Special
DA7BZMMO,DA7BZMMO,A009,R003,Closed Won,3309.0,2017-12-12,Central,MG Advanced
6QRZCDL0,6QRZCDL0,A048,R012,Closed Lost,0.0,2017-11-27,East,MG Advanced
348COZ5O,348COZ5O,A028,R010,Closed Won,4888.0,2017-11-30,Central,GTX Pro
GLUYX9KN,GLUYX9KN,A041,R026,Closed Won,1192.0,2017-12-12,West,GTX Plus Basic
2DT6W3HA,2DT6W3HA,A007,R021,Closed Lost,0.0,2017-12-12,East,MG Advanced
WE03969I,WE03969I,A027,R020,Closed Won,1131.0,2017-12-09,East,GTX Plus Basic
3SOLZEZX,3SOLZEZX,A032,R026,Closed Won,5702.0,2017-12-12,West,GTX Plus Pro
MAA6TJMM,MAA6TJMM,A010,R032,Closed Won,563.0,2017-12-13,West,GTX Basic
0DY00J6O,0DY00J6O,A077,R034,Closed Won,5886.0,2017-12-11,West,GTX Plus Pro
U8IUBGTW,U8IUBGTW,A016,R009,Closed Lost,0.0,2017-12-05,Central,GTX Basic
EV0V1ZZA,EV0V1ZZA,A035,R024,Closed Lost,0.0,2017-12-02,West,MG Advanced
RCDG00F7,RCDG00F7,A058,R033,Closed Won,601.0,2017-12-04,West,GTX Basic
XAKK81WB,XAKK81WB,A065,R028,Closed Won,58.0,2017-12-18,West,MG Special
B6CHA7CX,B6CHA7CX,A006,R026,Closed Won,58.0,2017-12-14,West,MG Special
V263VR1Y,V263VR1Y,A024,R026,Closed Won,3285.0,2017-12-14,West,MG Advanced
A2PTJA6G,A2PTJA6G,A056,R021,Closed Won,3494.0,2017-12-08,East,MG Advanced
GUDTJY0I,GUDTJY0I,A023,R010,Closed Lost,0.0,2017-12-14,Central,MG Advanced
MDK5NQJA,MDK5NQJA,A037,R020,Closed Won,5204.0,2017-12-14,East,GTX Plus Pro
GB1K3Y4Y,GB1K3Y4Y,A071,R015,Closed Won,579.0,2017-12-15,East,GTX Basic
KKOU11ZD,KKOU11ZD,A010,R031,Closed Won,1195.0,2017-12-14,West,GTX Plus Basic
KHZ3IOKH,KHZ3IOKH,A068,R004,Closed Won,6340.0,2017-12-29,Central,GTX Plus Pro
Q34UWP01,Q34UWP01,A081,R016,Closed Won,1179.0,2017-12-19,East,GTX Plus Basic
X70BM5FO,X70BM5FO,A012,R001,Closed Won,1243.0,2017-12-22,Central,GTX Plus Basic
NCF02FA5,NCF02FA5,A083,R028,Closed Won,953.0,2017-12-15,West,GTX Plus Basic
XF54BYUH,XF54BYUH,A028,R005,Closed Won,5619.0,2017-12-09,Central,GTX Plus Pro
23ZL97PN,23ZL97PN,A002,R020,Closed Lost,0.0,2017-12-12,East,GTX Plus Basic
PVZ4YGQG,PVZ4YGQG,A020,R020,Closed Lost,0.0,2017-12-11,East,GTX Plus Basic
7L89U5DU,7L89U5DU,A054,R026,Closed Won,3547.0,2017-12-20,West,MG Advanced
KNN6C4O3,KNN6C4O3,A033,R032,Closed Won,4899.0,2017-12-15,West,GTX Pro
CXAEFADQ,CXAEFADQ,A064,R031,Closed Won,993.0,2017-12-20,West,GTX Plus Basic
G6433A35,G6433A35,A017,R030,Closed Won,54.0,2017-12-10,West,MG Special
1WVEAE8N,1WVEAE8N,A011,R006,Closed Lost,0.0,2017-12-20,Central,GTX Plus Basic
TJJFAU52,TJJFAU52,A037,R014,Closed Won,58.0,2017-12-24,East,MG Special
JCJ5PJDH,JCJ5PJDH,A036,R001,Closed Won,57.0,2017-12-13,Central,MG Special
0RH9W4E2,0RH9W4E2,A068,R008,Closed Lost,0.0,2017-12-24,Central,MG Special
MG3ZJ8F3,MG3ZJ8F3,A038,R008,Closed Won,1110.0,2017-12-11,Central,GTX Plus Basic
R892OD1B,R892OD1B,A060,R003,Closed Won,57.0,2017-12-08,Central,MG Special
SZ09YDEF,SZ09YDEF,A024,R033,Closed Lost,0.0,2017-12-20,West,GTX Pro
9WUYZLBE,9WUYZLBE,A050,R033,Closed Won,64.0,2017-12-15,West,MG Special
RV7ERUUT,RV7ERUUT,A084,R022,Closed Won,5172.0,2017-12-07,East,GTX Plus Pro
EY0JZ32S,EY0JZ32S,A084,R013,Closed Lost,0.0,2017-12-27,East,GTX Plus Basic
CEYW89RW,CEYW89RW,A031,R031,Closed Lost,0.0,2017-12-25,West,GTX Basic
MBBBOMEV,MBBBOMEV,A022,R027,Closed Lost,0.0,2017-12-19,West,MG Special
I6FIZ2S5,I6FIZ2S5,A025,R009,Closed Won,6141.0,2017-12-19,Central,GTX Plus Pro
7EYDG0CV,7EYDG0CV,A067,R001,Closed Won,56.0,2017-12-14,Central,MG Special
UFAABKQJ,UFAABKQJ,A019,R002,Closed Won,515.0,2017-12-12,Central,GTX Basic
7ZU2A8L1,7ZU2A8L1,A020,R020,Closed Won,698.0,2017-12-23,East,GTX Basic
O1HKZ4ZF,O1HKZ4ZF,A080,R020,Closed Won,481.0,2017-12-30,East,GTX Basic
8VO26H1R,8VO26H1R,A022,R031,Closed Lost,0.0,2017-12-22,West,GTX Pro
A2OLLGWZ,A2OLLGWZ,A057,R003,Closed Won,49.0,2017-12-14,Central,MG Special
WKIRY6KE,WKIRY6KE,A077,R031,Closed Won,1111.0,2017-12-18,West,GTX Plus Basic
EJYFAV40,EJYFAV40,A072,R007,Closed Won,5862.0,2017-12-28,Central,GTX Plus Pro
8A1EB728,8A1EB728,A041,R025,Closed Won,54.0,2017-12-16,West,MG Special
2KWQ6RAZ,2KWQ6RAZ,A009,R001,Closed Won,60.0,2017-12-18,Central,MG Special
823X29EZ,823X29EZ,A056,R020,Closed Lost,0.0,2017-12-22,East,GTX Pro
YY4VFPND,YY4VFPND,A031,R031,Closed Won,1168.0,2017-12-29,West,GTX Plus Basic
RYLBEZ4N,RYLBEZ4N,A027,R012,Closed Won,48.0,2017-12-18,East,MG Special
Y4UIUIEG,Y4UIUIEG,A009,R002,Closed Won,986.0,2017-12-24,Central,GTX Plus Basic
1HG8VLHU,1HG8VLHU,A072,R002,Closed Won,3843.0,2017-12-16,Central,MG Advanced
0OJE7J6C,0OJE7J6C,A027,R013,Closed Won,5143.0,2017-12-17,East,GTX Plus Pro
OCVCCWPQ,OCVCCWPQ,A011,R008,Closed Won,52.0,2017-12-24,Central,MG Special
S2KBTW2O,S2KBTW2O,A061,R030,Closed Won,5576.0,2017-12-23,West,GTX Plus Pro
QJ9H7Y8W,QJ9H7Y8W,A070,R032,Closed Won,59.0,2017-12-18,West,MG Special
FNA51WN6,FNA51WN6,A041,R031,Closed Won,4178.0,2017-12-27,West,GTX Pro
921APYA3,921APYA3,A047,R027,Closed Won,1192.0,2017-12-25,West,GTX Plus Basic
CPC83NKN,CPC83NKN,A013,R009,Closed Won,1047.0,2017-12-24,Central,GTX Plus Basic
TBS5Y874,TBS5Y874,A042,R021,Closed Won,6456.0,2017-12-17,East,GTX Plus Pro
6JZ0HCSF,6JZ0HCSF,A078,R014,Closed Lost,0.0,2017-12-29,East,GTX Pro
JRSU8ALH,JRSU8ALH,A059,R001,Closed Lost,0.0,2017-12-19,Central,GTX Basic
7GXUCFW5,7GXUCFW5,A038,R010,Closed Won,4755.0,2017-12-17,Central,GTX Pro
E66UG7VC,E66UG7VC,A079,R034,Closed Won,55.0,2017-12-25,West,MG Special
7IAHPFT9,7IAHPFT9,A022,R024,Closed Won,3078.0,2017-12-18,West,MG Advanced
04AOWMXV,04AOWMXV,A011,R001,Closed Won,537.0,2017-12-28,Central,GTX Basic
XZ9YR78K,XZ9YR78K,A036,R008,Closed Won,1220.0,2017-12-18,Central,GTX Plus Basic
WZKN6PO4,WZKN6PO4,A024,R027,Closed Won,53.0,2017-12-21,West,MG Special
WQSUMJRZ,WQSUMJRZ,A062,R003,Closed Won,60.0,2017-12-18,Central,MG Special
1RIO9PCD,1RIO9PCD,A036,R024,Closed Won,494.0,2017-12-29,West,GTX Basic
TQV7CO87,TQV7CO87,A028,R006,Closed Won,480.0,2017-12-18,Central,GTX Basic
3FJPGYD7,3FJPGYD7,A010,R032,Closed Lost,0.0,2017-12-29,West,GTX Basic
9AQFU718,9AQFU718,A072,R004,Closed Lost,0.0,2017-12-15,Central,GTX Basic
AUJE7IZR,AUJE7IZR,A036,R034,Closed Won,1075.0,2017-12-26,West,GTX Plus Basic
LE3XYXEF,LE3XYXEF,A026,R021,Closed Lost,0.0,2017-12-25,East,GTX Plus Basic
TVU1PQEL,TVU1PQEL,A013,R006,Closed Won,1166.0,2017-12-28,Central,GTX Plus Basic
3RGNKYWW,3RGNKYWW,A035,R031,Closed Won,921.0,2017-12-26,West,GTX Plus Basic
HNCSYU4T,HNCSYU4T,A022,R027,Closed Won,3442.0,2017-12-27,West,MG Advanced
1PXQZ40I,1PXQZ40I,A085,R003,Closed Won,3735.0,2017-12-27,Central,MG Advanced
FYAVINLC,FYAVINLC,A024,R024,Closed Won,50.0,2017-12-17,West,MG Special
60JGDDRO,60JGDDRO,A016,R010,Closed Won,5052.0,2017-12-19,Central,GTX Pro
R4BO7K5M,R4BO7K5M,A010,R031,Closed Lost,0.0,2017-12-29,West,GTX Basic
X4XN0M8A,X4XN0M8A,A035,R031,Closed Won,44.0,2017-12-30,West,MG Special
M4MAVN65,M4MAVN65,A017,R024,Closed Lost,0.0,2017-12-22,West,MG Special
USJ0JACE,USJ0JACE,A048,R012,Closed Won,960.0,2017-12-16,East,GTX Plus Basic
2SMQAWOA,2SMQAWOA,A084,R022,Closed Won,6469.0,2017-12-30,East,GTX Plus Pro
JAYXM4QB,JAYXM4QB,A010,R034,Closed Won,914.0,2017-12-19,West,GTX Plus Basic
NW5CPPIV,NW5CPPIV,A025,R003,Closed Lost,0.0,2017-12-26,Central,MG Advanced
8LFA54EQ,8LFA54EQ,A051,R025,Closed Lost,0.0,2017-12-21,West,MG Special
19MLD9YF,19MLD9YF,A041,R025,Closed Won,3379.0,2017-12-24,West,MG Advanced
PLQ50D2O,PLQ50D2O,A016,R001,Closed Won,3240.0,2017-12-26,Central,MG Advanced
3VPQNW5Y,3VPQNW5Y,A010,R030,Closed Won,1007.0,2017-12-31,West,GTX Plus Basic
FXYOCA0G,FXYOCA0G,A041,R027,Closed Won,54.0,2017-12-28,West,MG Special
SK30SEKS,SK30SEKS,A031,R025,Closed Won,49.0,2017-12-25,West,MG Special
Q30OVFCZ,Q30OVFCZ,A065,R024,Closed Lost,0.0,2017-12-31,West,GTX Plus Basic
T1GPPZXH,T1GPPZXH,A044,R012,Closed Won,55.0,2017-12-24,East,MG Special
WL31FAI3,WL31FAI3,A006,R033,Closed Won,5196.0,2017-12-26,West,GTX Pro
6SNUFVQP,6SNUFVQP,A060,R001,Closed Won,54.0,2017-12-31,Central,MG Special
5U83YWZB,5U83YWZB,A017,R028,Closed Won,4953.0,2017-12-26,West,GTX Pro
ZFXYBJEY,ZFXYBJEY,A084,R016,Closed Won,3155.0,2017-12-24,East,MG Advanced
OHAARANW,OHAARANW,A004,R010,Closed Lost,0.0,2017-12-30,Central,GTX Pro
6GBGF19R,6GBGF19R,A056,R014,Closed Won,4566.0,2017-12-30,East,GTX Pro
5XADPM6R,5XADPM6R,A004,R003,Closed Won,58.0,2017-12-28,Central,MG Special
YZX90X8X,YZX90X8X,A074,R016,Closed Won,4315.0,2017-12-28,East,GTX Pro
CNL7PCYU,CNL7PCYU,A078,R020,Closed Lost,0.0,2017-12-28,East,MG Advanced
9M88QXFW,9M88QXFW,A075,R014,Closed Won,5574.0,2017-12-29,East,GTX Pro
B50N6RL3,B50N6RL3,A028,R008,Closed Won,3494.0,2017-12-30,Central,MG Advanced
HLXSEMXV,HLXSEMXV,A017,R032,Closed Won,50.0,2017-12-28,West,MG Special
MPMG4JTY,MPMG4JTY,A036,R024,Closed Won,61.0,2017-12-28,West,MG Special
8QJHJXY0,8QJHJXY0,A070,R031,Closed Lost,0.0,2017-12-31,West,MG Special
MSN4ZNU6,MSN4ZNU6,A002,R012,Closed Won,3673.0,2017-12-28,East,MG Advanced
3MXS2HRE,3MXS2HRE,A026,R019,Closed Won,576.0,2017-12-31,East,GTX Basic
1YBATFAY,1YBATFAY,A064,R030,Closed Won,538.0,2017-12-26,West,GTX Basic
2EBLR9N8,2EBLR9N8,A013,R004,Closed Won,622.0,2017-12-26,Central,GTX Basic
VDGA4KXA,VDGA4KXA,A007,R012,Closed Won,1093.0,2017-12-30,East,GTX Plus Basic
6WCNNK5J,6WCNNK5J,A036,R034,Closed Won,4433.0,2017-12-29,West,GTX Pro
YJTQSZ9D,YJTQSZ9D,A038,R008,Closed Won,1052.0,2017-12-30,Central,GTX Plus Basic
RB8GDYFY,RB8GDYFY,A003,R008,Closed Won,67.0,2017-12-29,Central,MG Special
